[Licensing::Module] Trying to connect to existing licensing client channel...
Built from '6000.4/staging' branch; Version is '6000.4.0f1 (8cf496087c8f) revision 9237654'; Using compiler version '194234433'; Build Type 'Release'
[Licensing::IpcConnector] Successfully connected to: "LicenseClient-pedro" at "2026-09-09T19:49:20.1195827Z"
OS: 'Windows 11  (10.0.26200) CoreSingleLanguage' Language: 'pt' Physical Memory: 32460 MB
BatchMode: 1, IsHumanControllingUs: 0, StartBugReporterOnCrash: 0, Is64bit: 1
System  architecture: x64
Process architecture: x64
Date: 2026-09-09T19:49:20Z

COMMAND LINE ARGUMENTS:
C:\Program Files\Unity\Hub\Editor\6000.4.0f1\Editor\Unity.exe
-batchmode
-nographics
-projectPath
C:\Projetos\Github\rustline
-runTests
-testPlatform
EditMode
-testResults
C:\Projetos\Github\rustline\TestResults-edit-full.xml
-logFile
C:\Projetos\Github\rustline\edit-full.log
Successfully changed project path to: C:\Projetos\Github\rustline
C:/Projetos/Github/rustline
[UnityMemory] Configuration Parameters - Can be set up in boot.config
    "memorysetup-temp-allocator-size-gi-baking-worker=262144"
    "memorysetup-temp-allocator-size-gi-baking-worker=262144"
    "memorysetup-temp-allocator-size-gi-baking-worker=262144"
    "memorysetup-temp-allocator-size-gi-baking-worker=262144"
    "memorysetup-temp-allocator-size-gi-baking-worker=262144"
    "memorysetup-temp-allocator-size-nav-mesh-worker=65536"
    "memorysetup-temp-allocator-size-audio-worker=65536"
    "memorysetup-temp-allocator-size-cloud-worker=32768"
    "memorysetup-temp-allocator-size-gfx=262144"
    "memorysetup-temp-allocator-size-preload-manager=33554432"
    "memorysetup-temp-allocator-size-job-worker=262144"
    "memorysetup-temp-allocator-size-background-worker=32768"
    "memorysetup-allocator-temp-initial-block-size-main=262144"
    "memorysetup-allocator-temp-initial-block-size-worker=262144"
    "memorysetup-bucket-allocator-granularity=16"
    "memorysetup-bucket-allocator-bucket-count=8"
    "memorysetup-bucket-allocator-block-size=33554432"
    "memorysetup-bucket-allocator-block-count=8"
    "memorysetup-main-allocator-block-size=16777216"
    "memorysetup-thread-allocator-block-size=16777216"
    "memorysetup-gfx-main-allocator-block-size=16777216"
    "memorysetup-gfx-thread-allocator-block-size=16777216"
    "memorysetup-cache-allocator-block-size=4194304"
    "memorysetup-typetree-allocator-block-size=2097152"
    "memorysetup-profiler-bucket-allocator-granularity=16"
    "memorysetup-profiler-bucket-allocator-bucket-count=8"
    "memorysetup-profiler-bucket-allocator-block-size=33554432"
    "memorysetup-profiler-bucket-allocator-block-count=8"
    "memorysetup-profiler-allocator-block-size=16777216"
    "memorysetup-profiler-editor-allocator-block-size=1048576"
    "memorysetup-temp-allocator-size-main=16777216"
    "memorysetup-job-temp-allocator-block-size=2097152"
    "memorysetup-job-temp-allocator-block-size-background=1048576"
    "memorysetup-job-temp-allocator-reduction-small-platforms=262144"
Player connection [51720]  Target information:

Player connection [51720]  * "[IP] 192.168.56.1 [Port] 55504 [Flags] 2 [Guid] 497553508 [EditorId] 497553508 [Version] 1048832 [Id] WindowsEditor(7,HAL) [Debug] 1 [PackageName] WindowsEditor [ProjectName] Editor" 

Player connection [51720]  * "[IP] 172.18.64.1 [Port] 55504 [Flags] 2 [Guid] 497553508 [EditorId] 497553508 [Version] 1048832 [Id] WindowsEditor(7,HAL) [Debug] 1 [PackageName] WindowsEditor [ProjectName] Editor" 

Player connection [51720]  * "[IP] 192.168.2.7 [Port] 55504 [Flags] 2 [Guid] 497553508 [EditorId] 497553508 [Version] 1048832 [Id] WindowsEditor(7,HAL) [Debug] 1 [PackageName] WindowsEditor [ProjectName] Editor" 

Unable to join player connection multicast group (err: 10013).
Player connection [51720] Host joined alternative multi-casting on [225.0.0.222:34997]...
Input System module state changed to: Initialized.
[Physics::Module] Initialized fallback backend.
[Physics::Module] Id: 0xdecafbad
[Package Manager] Connected to IPC stream "Upm-3556" after 0.6 seconds.
[Licensing::Module] Licensing is not yet initialized.
[Licensing::Client] Error: HandshakeResponse reported an error:
	ResponseCode: 505
	ResponseStatus: Unsupported protocol version '1.18.1'.
[Licensing::Module] Error: Failed to handshake to channel: "LicenseClient-pedro"
[Licensing::IpcConnector] LicenseClient-pedro channel disconnected successfully.
[Licensing::IpcConnector] Channel LicenseClient-pedro-6000.4.0 doesn't exist
[Licensing::Module] Successfully launched the LicensingClient (PId: 54840)
[Licensing::IpcConnector] Successfully connected to: "LicenseClient-pedro-6000.4.0" at "2026-09-09T19:49:22.1551346Z"
[Licensing::Client] Handshaking with LicensingClient:
  Version:                 1.18.1+9fbee8e
  Session Id:              8738012dced14b8cbf5dc8b39c57b151
  Correlation Id:          69aa509b36de718e83cd3c94082a1080
  External correlation Id: 2544228926609863415
  Machine Id:              bVarEh7pdWlrHNQkjgbo2ZGeDds=
[Licensing::Module] Successfully connected to LicensingClient on channel: "LicenseClient-pedro-6000.4.0" (connect: 0.37s, validation: 0.11s, handshake: 1.28s)
[Licensing::IpcConnector] Successfully connected to: "LicenseClient-pedro-6000.4.0-notifications" at "2026-09-09T19:49:23.5372952Z"
[Licensing::Module] Connected to LicensingClient (PId: 54840, launch time: 0.02, total connection time: 1.76s)
[Licensing::Module] Error: Access token is unavailable; failed to update
[Licensing::Client] Successfully resolved entitlement details
[Licensing::Module] License group:
  Id: 4674099990778-UnityPersXXXX
  Product: Unity Personal
  Type: Assigned
  Expiration: Unlimited
[Licensing::Client] Successfully updated license, isAsync: True, time: 0.02
[Licensing::Module] Licensing Background thread has ended after 3.48s
[Licensing::Module] Licensing is initialized (took 2.11s).
[Licensing::Client] Successfully resolved entitlement details
Library Redirect Path: Library/
[Physics::Module] Selected backend.
[Physics::Module] Name: PhysX
[Physics::Module] Id: 0xf2b8ea05
[Physics::Module] SDK Version: 4.1.2
[Physics::Module] Integration Version: 1.0.0
[Physics::Module] Threading Mode: Multi-Threaded
Active build profile path: `Assets/Settings/Build Profiles/Windows.asset`
Got setting from build profile YAML, name `m_BuildTarget`, value `19`
Got setting from build profile YAML, name `m_Subtarget`, value `2`
Initialize engine version: 6000.4.0f1 (8cf496087c8f)
[Subsystems] Discovering subsystems at path C:/Program Files/Unity/Hub/Editor/6000.4.0f1/Editor/Data/Resources/UnitySubsystems
[Subsystems] Discovering subsystems at path C:/Projetos/Github/rustline/Assets
Forcing GfxDevice: Null
GfxDevice: creating device client; kGfxThreadingModeNonThreaded
NullGfxDevice:
    Version:  NULL 1.0 [1.0]
    Renderer: Null Device
    Vendor:   Unity Technologies
Shader Hidden/ChartRasterizerHardware is not supported: GPU does not support conservative rasterization
Initialize mono
Mono path[0] = 'C:/Program Files/Unity/Hub/Editor/6000.4.0f1/Editor/Data/Managed'
Mono path[1] = 'C:/Program Files/Unity/Hub/Editor/6000.4.0f1/Editor/Data/MonoBleedingEdge/lib/mono/unityjit-win32'
Mono config path = 'C:/Program Files/Unity/Hub/Editor/6000.4.0f1/Editor/Data/MonoBleedingEdge/etc'
Using monoOptions --debugger-agent=transport=dt_socket,embedding=1,server=y,suspend=n,address=127.0.0.1:56556
CodeReloadManager initialized
Using cacheserver namespaces - metadata:defaultmetadata, artifacts:defaultartifacts
Using cacheserver namespaces - metadata:defaultmetadata, artifacts:defaultartifacts
ImportWorker Server TCP listen port: 0
AcceleratorClientConnectionCallback - disconnected - :0
Begin MonoManager ReloadAssembly
Registering precompiled unity dll's ...
Register platform support module: C:/Program Files/Unity/Hub/Editor/6000.4.0f1/Editor/Data/PlaybackEngines/WebGLSupport/UnityEditor.WebGL.Extensions.dll
[Licensing::Client] Successfully resolved entitlement details
Register platform support module: C:/Program Files/Unity/Hub/Editor/6000.4.0f1/Editor/Data/PlaybackEngines/VisionOSPlayer/UnityEditor.VisionOS.Extensions.dll
Register platform support module: C:/Program Files/Unity/Hub/Editor/6000.4.0f1/Editor/Data/PlaybackEngines/WindowsStandaloneSupport/UnityEditor.WindowsStandalone.Extensions.dll
[Licensing::Client] Successfully resolved entitlement details
Register platform support module: C:/Program Files/Unity/Hub/Editor/6000.4.0f1/Editor/Data/PlaybackEngines/AndroidPlayer/UnityEditor.Android.Extensions.dll
Register platform support module: C:/Program Files/Unity/Hub/Editor/6000.4.0f1/Editor/Data/PlaybackEngines/iOSSupport/UnityEditor.iOS.Extensions.dll
Register platform support module: C:/Program Files/Unity/Hub/Editor/6000.4.0f1/Editor/Data/PlaybackEngines/AppleTVSupport/UnityEditor.AppleTV.Extensions.dll
Register platform support module: C:/Program Files/Unity/Hub/Editor/6000.4.0f1/Editor/Data/PlaybackEngines/LinuxStandaloneSupport/UnityEditor.LinuxStandalone.Extensions.dll
Registered in 0.019232 seconds.
Native extension for LinuxStandalone target not found
Native extension for AppleTV target not found
Native extension for iOS target not found
Native extension for Android target not found
Android Extension - Scanning For ADB Devices 2356 ms
Native extension for WindowsStandalone target not found
Failed to load: C:/Program Files/Unity/Hub/Editor/6000.4.0f1/Editor/Data/PlaybackEngines/VisionOSPlayer\x64\UnityEditor.VisionOS.Native.dll
Native extension for VisionOS target not found
Native extension for WebGL target not found
Package Manager log level set to [2]
[Licensing::Client] Successfully resolved entitlement details
ScheduleIndexationOnStartup MainProcess:False IndexOnStartup:True
Mono: successfully reloaded assembly
- Finished resetting the current domain, in  5.872 seconds
Domain Reload Profiling: 6443ms
	BeginReloadAssembly (132ms)
		CreateAndSetChildDomain (13ms)
	RebuildCommonClasses (47ms)
	RebuildNativeTypeToScriptingClass (16ms)
	initialDomainReloadingComplete (89ms)
	LoadAllAssembliesAndSetupDomain (285ms)
		LoadAssemblies (118ms)
		AnalyzeDomain (267ms)
			TypeCache.Refresh (264ms)
				TypeCache.ScanAssembly (251ms)
	FinalizeReload (5872ms)
		SetupLoadedEditorAssemblies (0ms)
			InitializePlatformSupportModulesInManaged (2477ms)
			BeforeProcessingInitializeOnLoad (104ms)
			ProcessInitializeOnLoadAttributes (125ms)
			ProcessInitializeOnLoadMethodAttributes (3069ms)
[Licensing::Client] Successfully resolved entitlement details
Application.AssetDatabase Initial Refresh Start
[Package Manager] Restoring resolved packages state from cache
[Licensing::Client] Successfully resolved entitlement details
[Package Manager] Registered 64 packages:
  Packages from [https://packages.unity.com]:
    com.unity.2d.animation@14.0.3 (location: C:\Projetos\Github\rustline\Library\PackageCache\com.unity.2d.animation@a6f2f1d22eb5)
    com.unity.2d.aseprite@4.0.1 (location: C:\Projetos\Github\rustline\Library\PackageCache\com.unity.2d.aseprite@151b68d46c40)
    com.unity.2d.psdimporter@13.0.2 (location: C:\Projetos\Github\rustline\Library\PackageCache\com.unity.2d.psdimporter@11a0e04e0561)
    com.unity.2d.spriteshape@14.0.1 (location: C:\Projetos\Github\rustline\Library\PackageCache\com.unity.2d.spriteshape@da3647ffbbd7)
    com.unity.2d.tilemap.extras@7.0.1 (location: C:\Projetos\Github\rustline\Library\PackageCache\com.unity.2d.tilemap.extras@66df903b3633)
    com.unity.2d.tooling@2.0.1 (location: C:\Projetos\Github\rustline\Library\PackageCache\com.unity.2d.tooling@baa4133dcff2)
    com.unity.collab-proxy@2.11.4 (location: C:\Projetos\Github\rustline\Library\PackageCache\com.unity.collab-proxy@a5329f833fa8)
    com.unity.ide.rider@3.0.39 (location: C:\Projetos\Github\rustline\Library\PackageCache\com.unity.ide.rider@4504839d03f7)
    com.unity.ide.visualstudio@2.0.27 (location: C:\Projetos\Github\rustline\Library\PackageCache\com.unity.ide.visualstudio@dc1ddd4f09b6)
    com.unity.inputsystem@1.19.0 (location: C:\Projetos\Github\rustline\Library\PackageCache\com.unity.inputsystem@21a28c3a6c83)
    com.unity.timeline@1.8.11 (location: C:\Projetos\Github\rustline\Library\PackageCache\com.unity.timeline@bfd27f8016ff)
    com.unity.visualscripting@1.9.10 (location: C:\Projetos\Github\rustline\Library\PackageCache\com.unity.visualscripting@eb6004dcc707)
    com.unity.2d.common@13.0.1 (location: C:\Projetos\Github\rustline\Library\PackageCache\com.unity.2d.common@49d8bea2bff3)
    com.unity.mathematics@1.3.3 (location: C:\Projetos\Github\rustline\Library\PackageCache\com.unity.mathematics@19a9377c4ffa)
    com.unity.searcher@4.9.4 (location: C:\Projetos\Github\rustline\Library\PackageCache\com.unity.searcher@d45a78918735)
    com.unity.burst@1.8.28 (location: C:\Projetos\Github\rustline\Library\PackageCache\com.unity.burst@07790c2d06d9)
    com.unity.nuget.mono-cecil@1.11.6 (location: C:\Projetos\Github\rustline\Library\PackageCache\com.unity.nuget.mono-cecil@ecb9724e46ff)
    com.unity.test-framework.performance@3.2.0 (location: C:\Projetos\Github\rustline\Library\PackageCache\com.unity.test-framework.performance@0840f58e4562)
  Built-in packages:
    com.unity.2d.sprite@1.0.0 (location: C:\Projetos\Github\rustline\Library\PackageCache\com.unity.2d.sprite@929df5adbb1f)
    com.unity.2d.tilemap@1.0.0 (location: C:\Projetos\Github\rustline\Library\PackageCache\com.unity.2d.tilemap@533f309b6f37)
    com.unity.render-pipelines.universal@17.4.0 (location: C:\Projetos\Github\rustline\Library\PackageCache\com.unity.render-pipelines.universal@0c5162adfb45)
    com.unity.test-framework@1.6.0 (location: C:\Projetos\Github\rustline\Library\PackageCache\com.unity.test-framework@629486125cfc)
    com.unity.ugui@2.0.0 (location: C:\Projetos\Github\rustline\Library\PackageCache\com.unity.ugui@3dd2fbd8c1f1)
    com.unity.modules.accessibility@1.0.0 (location: C:\Projetos\Github\rustline\Library\PackageCache\com.unity.modules.accessibility)
    com.unity.modules.adaptiveperformance@1.0.0 (location: C:\Projetos\Github\rustline\Library\PackageCache\com.unity.modules.adaptiveperformance)
    com.unity.modules.ai@1.0.0 (location: C:\Projetos\Github\rustline\Library\PackageCache\com.unity.modules.ai)
    com.unity.modules.androidjni@1.0.0 (location: C:\Projetos\Github\rustline\Library\PackageCache\com.unity.modules.androidjni)
    com.unity.modules.animation@1.0.0 (location: C:\Projetos\Github\rustline\Library\PackageCache\com.unity.modules.animation)
    com.unity.modules.assetbundle@1.0.0 (location: C:\Projetos\Github\rustline\Library\PackageCache\com.unity.modules.assetbundle)
    com.unity.modules.audio@1.0.0 (location: C:\Projetos\Github\rustline\Library\PackageCache\com.unity.modules.audio)
    com.unity.modules.cloth@1.0.0 (location: C:\Projetos\Github\rustline\Library\PackageCache\com.unity.modules.cloth)
    com.unity.modules.director@1.0.0 (location: C:\Projetos\Github\rustline\Library\PackageCache\com.unity.modules.director)
    com.unity.modules.imageconversion@1.0.0 (location: C:\Projetos\Github\rustline\Library\PackageCache\com.unity.modules.imageconversion)
    com.unity.modules.imgui@1.0.0 (location: C:\Projetos\Github\rustline\Library\PackageCache\com.unity.modules.imgui)
    com.unity.modules.jsonserialize@1.0.0 (location: C:\Projetos\Github\rustline\Library\PackageCache\com.unity.modules.jsonserialize)
    com.unity.modules.particlesystem@1.0.0 (location: C:\Projetos\Github\rustline\Library\PackageCache\com.unity.modules.particlesystem)
    com.unity.modules.physics@1.0.0 (location: C:\Projetos\Github\rustline\Library\PackageCache\com.unity.modules.physics)
    com.unity.modules.physics2d@1.0.0 (location: C:\Projetos\Github\rustline\Library\PackageCache\com.unity.modules.physics2d)
    com.unity.modules.screencapture@1.0.0 (location: C:\Projetos\Github\rustline\Library\PackageCache\com.unity.modules.screencapture)
    com.unity.modules.terrain@1.0.0 (location: C:\Projetos\Github\rustline\Library\PackageCache\com.unity.modules.terrain)
    com.unity.modules.terrainphysics@1.0.0 (location: C:\Projetos\Github\rustline\Library\PackageCache\com.unity.modules.terrainphysics)
    com.unity.modules.tilemap@1.0.0 (location: C:\Projetos\Github\rustline\Library\PackageCache\com.unity.modules.tilemap)
    com.unity.modules.ui@1.0.0 (location: C:\Projetos\Github\rustline\Library\PackageCache\com.unity.modules.ui)
    com.unity.modules.uielements@1.0.0 (location: C:\Projetos\Github\rustline\Library\PackageCache\com.unity.modules.uielements)
    com.unity.modules.umbra@1.0.0 (location: C:\Projetos\Github\rustline\Library\PackageCache\com.unity.modules.umbra)
    com.unity.modules.unityanalytics@1.0.0 (location: C:\Projetos\Github\rustline\Library\PackageCache\com.unity.modules.unityanalytics)
    com.unity.modules.unitywebrequest@1.0.0 (location: C:\Projetos\Github\rustline\Library\PackageCache\com.unity.modules.unitywebrequest)
    com.unity.modules.unitywebrequestassetbundle@1.0.0 (location: C:\Projetos\Github\rustline\Library\PackageCache\com.unity.modules.unitywebrequestassetbundle)
    com.unity.modules.unitywebrequestaudio@1.0.0 (location: C:\Projetos\Github\rustline\Library\PackageCache\com.unity.modules.unitywebrequestaudio)
    com.unity.modules.unitywebrequesttexture@1.0.0 (location: C:\Projetos\Github\rustline\Library\PackageCache\com.unity.modules.unitywebrequesttexture)
    com.unity.modules.unitywebrequestwww@1.0.0 (location: C:\Projetos\Github\rustline\Library\PackageCache\com.unity.modules.unitywebrequestwww)
    com.unity.modules.vectorgraphics@1.0.0 (location: C:\Projetos\Github\rustline\Library\PackageCache\com.unity.modules.vectorgraphics)
    com.unity.modules.vehicles@1.0.0 (location: C:\Projetos\Github\rustline\Library\PackageCache\com.unity.modules.vehicles)
    com.unity.modules.video@1.0.0 (location: C:\Projetos\Github\rustline\Library\PackageCache\com.unity.modules.video)
    com.unity.modules.vr@1.0.0 (location: C:\Projetos\Github\rustline\Library\PackageCache\com.unity.modules.vr)
    com.unity.modules.wind@1.0.0 (location: C:\Projetos\Github\rustline\Library\PackageCache\com.unity.modules.wind)
    com.unity.modules.xr@1.0.0 (location: C:\Projetos\Github\rustline\Library\PackageCache\com.unity.modules.xr)
    com.unity.modules.subsystems@1.0.0 (location: C:\Projetos\Github\rustline\Library\PackageCache\com.unity.modules.subsystems)
    com.unity.modules.hierarchycore@1.0.0 (location: C:\Projetos\Github\rustline\Library\PackageCache\com.unity.modules.hierarchycore)
    com.unity.ext.nunit@2.0.5 (location: C:\Projetos\Github\rustline\Library\PackageCache\com.unity.ext.nunit@d8c07649098d)
    com.unity.render-pipelines.core@17.4.0 (location: C:\Projetos\Github\rustline\Library\PackageCache\com.unity.render-pipelines.core@6a60abc179f8)
    com.unity.shadergraph@17.4.0 (location: C:\Projetos\Github\rustline\Library\PackageCache\com.unity.shadergraph@c6e5f4d3afa5)
    com.unity.render-pipelines.universal-config@17.4.0 (location: C:\Projetos\Github\rustline\Library\PackageCache\com.unity.render-pipelines.universal-config@0db4263b9e6b)
    com.unity.collections@6.4.0 (location: C:\Projetos\Github\rustline\Library\PackageCache\com.unity.collections@538ace9075bc)
[Subsystems] No new subsystems found in resolved package list.
[Package Manager] Done registering packages in 0.06 seconds
Starting: C:\Program Files\Unity\Hub\Editor\6000.4.0f1\Editor\Data\Tools\BuildPipeline\bee_backend.exe --ipc --defer-dag-verification --dagfile="Library/Bee/1900b0aEDbg.dag" --continue-on-failure --profile="Library/Bee/backend1.traceevents" ScriptAssemblies
WorkingDir: C:/Projetos/Github/rustline
DisplayProgressbar: Compiling Scripts
ExitCode: 0 Duration: 0s664ms
[ 875/1125  0s] ILPP-Configuration Library/ilpp-configuration.nevergeneratedoutput
*** Tundra build success (0.59 seconds), 1 items updated, 1125 evaluated
AssetDatabase: script compilation time: 1.338372s
Begin MonoManager ReloadAssembly
Assembly Assembly-CSharp-Editor-firstpass.dll at Library/ScriptAssemblies/Assembly-CSharp-Editor-firstpass.dll not valid. Loading of assembly skipped.
Assembly Assembly-CSharp-firstpass.dll at Library/ScriptAssemblies/Assembly-CSharp-firstpass.dll not valid. Loading of assembly skipped.
Assembly Assembly-CSharp.dll at Library/ScriptAssemblies/Assembly-CSharp.dll not valid. Loading of assembly skipped.
Assembly DocCodeExamples.dll at Library/ScriptAssemblies/DocCodeExamples.dll not valid. Loading of assembly skipped.
Assembly TestNewCustomAssembly.dll at Library/ScriptAssemblies/TestNewCustomAssembly.dll not valid. Loading of assembly skipped.
Assembly Unity.2D.Animation.EditorTests.dll at Library/ScriptAssemblies/Unity.2D.Animation.EditorTests.dll not valid. Loading of assembly skipped.
Assembly Unity.2D.Aseprite.EditorTests.dll at Library/ScriptAssemblies/Unity.2D.Aseprite.EditorTests.dll not valid. Loading of assembly skipped.
Assembly Unity.2D.Common.EditorTests.dll at Library/ScriptAssemblies/Unity.2D.Common.EditorTests.dll not valid. Loading of assembly skipped.
Assembly Unity.2D.Psdimporter.EditorTests.dll at Library/ScriptAssemblies/Unity.2D.Psdimporter.EditorTests.dll not valid. Loading of assembly skipped.
Assembly Unity.2D.Sprite.Package.EditorTests.dll at Library/ScriptAssemblies/Unity.2D.Sprite.Package.EditorTests.dll not valid. Loading of assembly skipped.
Assembly Unity.2D.SpriteShape.EditorTests.dll at Library/ScriptAssemblies/Unity.2D.SpriteShape.EditorTests.dll not valid. Loading of assembly skipped.
Assembly Unity.2D.Tilemap.Package.EditorTests.dll at Library/ScriptAssemblies/Unity.2D.Tilemap.Package.EditorTests.dll not valid. Loading of assembly skipped.
Assembly Unity.Collections.BurstCompatibilityGen.dll at Library/ScriptAssemblies/Unity.Collections.BurstCompatibilityGen.dll not valid. Loading of assembly skipped.
Assembly Unity.Collections.DocCodeSamples.dll at Library/ScriptAssemblies/Unity.Collections.DocCodeSamples.dll not valid. Loading of assembly skipped.
Assembly Unity.Collections.PerformanceTests.dll at Library/ScriptAssemblies/Unity.Collections.PerformanceTests.dll not valid. Loading of assembly skipped.
Assembly Unity.Collections.Tests.dll at Library/ScriptAssemblies/Unity.Collections.Tests.dll not valid. Loading of assembly skipped.
Assembly Unity.Collections.Tests.Playmode.dll at Library/ScriptAssemblies/Unity.Collections.Tests.Playmode.dll not valid. Loading of assembly skipped.
Assembly Unity.InputSystem.IntegrationTests.dll at Library/ScriptAssemblies/Unity.InputSystem.IntegrationTests.dll not valid. Loading of assembly skipped.
Assembly Unity.Mathematics.Tests.dll at Library/ScriptAssemblies/Unity.Mathematics.Tests.dll not valid. Loading of assembly skipped.
Assembly Unity.Nuget.Mono-Cecil.dll at Library/ScriptAssemblies/Unity.Nuget.Mono-Cecil.dll not valid. Loading of assembly skipped.
Assembly Unity.PathTracing.Editor.Tests.dll at Library/ScriptAssemblies/Unity.PathTracing.Editor.Tests.dll not valid. Loading of assembly skipped.
Assembly Unity.PathTracing.Runtime.Tests.dll at Library/ScriptAssemblies/Unity.PathTracing.Runtime.Tests.dll not valid. Loading of assembly skipped.
Assembly Unity.RenderPipelines.Core.Editor.Tests.dll at Library/ScriptAssemblies/Unity.RenderPipelines.Core.Editor.Tests.dll not valid. Loading of assembly skipped.
Assembly Unity.RenderPipelines.Core.Runtime.Tests.dll at Library/ScriptAssemblies/Unity.RenderPipelines.Core.Runtime.Tests.dll not valid. Loading of assembly skipped.
Assembly Unity.RenderPipelines.Universal.Config.Editor.Tests.dll at Library/ScriptAssemblies/Unity.RenderPipelines.Universal.Config.Editor.Tests.dll not valid. Loading of assembly skipped.
Assembly Unity.RenderPipelines.Universal.Editor.Tests.dll at Library/ScriptAssemblies/Unity.RenderPipelines.Universal.Editor.Tests.dll not valid. Loading of assembly skipped.
Assembly Unity.RenderPipelines.Universal.Runtime.Tests.dll at Library/ScriptAssemblies/Unity.RenderPipelines.Universal.Runtime.Tests.dll not valid. Loading of assembly skipped.
Assembly Unity.Searcher.EditorTests.dll at Library/ScriptAssemblies/Unity.Searcher.EditorTests.dll not valid. Loading of assembly skipped.
Assembly Unity.ShaderGraph.Editor.Tests.dll at Library/ScriptAssemblies/Unity.ShaderGraph.Editor.Tests.dll not valid. Loading of assembly skipped.
Assembly Unity.TextMeshPro.Editor.Tests.dll at Library/ScriptAssemblies/Unity.TextMeshPro.Editor.Tests.dll not valid. Loading of assembly skipped.
Assembly Unity.TextMeshPro.Tests.dll at Library/ScriptAssemblies/Unity.TextMeshPro.Tests.dll not valid. Loading of assembly skipped.
Assembly Unity.UnifiedRayTracing.Editor.Tests.dll at Library/ScriptAssemblies/Unity.UnifiedRayTracing.Editor.Tests.dll not valid. Loading of assembly skipped.
Assembly UnityEditor.UI.Common.Tests.dll at Library/ScriptAssemblies/UnityEditor.UI.Common.Tests.dll not valid. Loading of assembly skipped.
Assembly UnityEditor.UI.EditorTests.dll at Library/ScriptAssemblies/UnityEditor.UI.EditorTests.dll not valid. Loading of assembly skipped.
Assembly UnityEngine.UI.Tests.dll at Library/ScriptAssemblies/UnityEngine.UI.Tests.dll not valid. Loading of assembly skipped.
Refreshing native plugins compatible for Editor in 3.79 ms, found 4 plugins.
Native extension for LinuxStandalone target not found
Native extension for AppleTV target not found
Native extension for iOS target not found
Native extension for Android target not found
Native extension for WindowsStandalone target not found
Failed to load: C:/Program Files/Unity/Hub/Editor/6000.4.0f1/Editor/Data/PlaybackEngines/VisionOSPlayer\x64\UnityEditor.VisionOS.Native.dll
Native extension for VisionOS target not found
Native extension for WebGL target not found
ScheduleIndexationOnStartup MainProcess:True IndexOnStartup:True
Mono: successfully reloaded assembly
- Finished resetting the current domain, in  6.510 seconds
Domain Reload Profiling: 8026ms
	BeginReloadAssembly (410ms)
		DisableScriptedObjects (49ms)
		CreateAndSetChildDomain (158ms)
	RebuildCommonClasses (58ms)
	RebuildNativeTypeToScriptingClass (12ms)
	initialDomainReloadingComplete (72ms)
	LoadAllAssembliesAndSetupDomain (963ms)
		LoadAssemblies (719ms)
		AnalyzeDomain (365ms)
			TypeCache.Refresh (274ms)
				TypeCache.ScanAssembly (259ms)
			BuildScriptInfoCaches (79ms)
			ResolveRequiredComponents (10ms)
	FinalizeReload (6511ms)
		SetupLoadedEditorAssemblies (0ms)
			InitializePlatformSupportModulesInManaged (55ms)
			BeforeProcessingInitializeOnLoad (332ms)
			ProcessInitializeOnLoadAttributes (5447ms)
			ProcessInitializeOnLoadMethodAttributes (234ms)
			AfterProcessingInitializeOnLoad (6ms)
		AwakeInstancesAfterBackupRestoration (78ms)
Start importing Packages/com.unity.render-pipelines.core/Tests/Editor/UnifiedRayTracing/TraceRays.urtshader using Guid(1142bbad8b9e8c44c83a9775ff120d37) (ScriptedImporter)Launched and connected shader compiler UnityShaderCompiler.exe after 0.02 seconds

Compiling Ray Tracing Shader "TraceRays.urtshader", keywords = <no keywords>
    finished in 0.00 seconds. Local cache hits 1, remote cache hits 0, compiled 0 platform variants
 -> (Import Result ID: 'b61a11853fc2b01c85b821ba8aaf5c7e') in 0.1011711 seconds [static and dynamic dependencies]. Details - ImportResultOutputID=46687cccdc33168fce57c46918914a0e DependenciesID=ba78a0469f42bfec0b01e12118e1a492 StaticDependenciesID=b7859538b7c8061be2c1df0681a26cec 
Start importing Packages/com.unity.render-pipelines.core/Runtime/Lighting/SurfaceCache/RisEstimation.urtshader using Guid(713f6141bd66a134383b787f2eaa7c11) (ScriptedImporter)
Compiling Ray Tracing Shader "RisEstimation.urtshader", keywords = <no keywords>
    finished in 0.00 seconds. Local cache hits 1, remote cache hits 0, compiled 0 platform variants
 -> (Import Result ID: 'd7ac51d7078c9d0f4518515a4bd89058') in 0.0312097 seconds [static and dynamic dependencies]. Details - ImportResultOutputID=e10568ab6bce9a97b28d8c885dc887c9 DependenciesID=7bda994a1075ee45a05df5fd39078a40 StaticDependenciesID=1251c416255850dca778d66927462604 
Start importing Packages/com.unity.render-pipelines.core/Runtime/PathTracing/Shaders/LightmapShadowMaskIntegration.urtshader using Guid(d19f4f8a13b6edb48b986a47ec96402e) (ScriptedImporter)
Compiling Ray Tracing Shader "LightmapShadowMaskIntegration.urtshader", keywords = <no keywords>
    finished in 0.00 seconds. Local cache hits 1, remote cache hits 0, compiled 0 platform variants
 -> (Import Result ID: '6206f4b63d9d1dd6323401f03425e922') in 0.0522459 seconds [static and dynamic dependencies]. Details - ImportResultOutputID=2b95ef19d50b21f939236f8de4f3b7c4 DependenciesID=3a4c5a758997883cb2c7a4dad415ebe1 StaticDependenciesID=dddefbaa39ba5d51a386df5433e82fa1 
Start importing Packages/com.unity.render-pipelines.core/Runtime/PathTracing/Shaders/LightmapGBufferDebug.urtshader using Guid(737a1597422c12547a8714d76a9406ec) (ScriptedImporter)
Compiling Ray Tracing Shader "LightmapGBufferDebug.urtshader", keywords = <no keywords>
    finished in 0.00 seconds. Local cache hits 1, remote cache hits 0, compiled 0 platform variants
 -> (Import Result ID: 'babf3e30592708beedda850f6a16aa60') in 0.0209748 seconds [static and dynamic dependencies]. Details - ImportResultOutputID=091ab5fc811d0bb32fd83d24c76e3ade DependenciesID=a74f3d1e9dc51cb077ba856b7eab9889 StaticDependenciesID=62194a0448f2b8616e1214fb593272db 
Start importing Packages/com.unity.render-pipelines.core/Runtime/PathTracing/Shaders/LightmapNormalIntegration.urtshader using Guid(1451d029813b192429211be28181beab) (ScriptedImporter)
Compiling Ray Tracing Shader "LightmapNormalIntegration.urtshader", keywords = <no keywords>
    finished in 0.00 seconds. Local cache hits 1, remote cache hits 0, compiled 0 platform variants
 -> (Import Result ID: '791a469038e49731e268afc65adafb0e') in 0.0199923 seconds [static and dynamic dependencies]. Details - ImportResultOutputID=ceb98ab71ac413b56190ee84e02cff03 DependenciesID=c40fff4210f4795126824cb6cbd960bd StaticDependenciesID=cbe3820d9825e61936c3967ec27e4e90 
Start importing Packages/com.unity.render-pipelines.core/Editor/Lighting/ProbeVolume/RenderingLayerMask/TraceRenderingLayerMask.urtshader using Guid(94a070d33e408384bafc1dea4a565df9) (ScriptedImporter)
Compiling Ray Tracing Shader "TraceRenderingLayerMask.urtshader", keywords = <no keywords>
    finished in 0.00 seconds. Local cache hits 1, remote cache hits 0, compiled 0 platform variants
 -> (Import Result ID: '86f5f30a5cada56579762dd325614ad9') in 0.0299883 seconds [static and dynamic dependencies]. Details - ImportResultOutputID=1a05fb70609584037b92ffb7bbfa4513 DependenciesID=e4c04546dd7334f19deb336f5df7647d StaticDependenciesID=83d03f1fcc976b11b697d3bab0b97d8c 
Start importing Packages/com.unity.render-pipelines.core/Runtime/Lighting/SurfaceCache/UniformEstimation.urtshader using Guid(94a39d12848d8d64ca962a72b74e7c50) (ScriptedImporter)
Compiling Ray Tracing Shader "UniformEstimation.urtshader", keywords = <no keywords>
    finished in 0.00 seconds. Local cache hits 1, remote cache hits 0, compiled 0 platform variants
 -> (Import Result ID: '294fe8c4e2b40974f52434bf1a3e50d3') in 0.0255821 seconds [static and dynamic dependencies]. Details - ImportResultOutputID=63829e09c8421943158a5c8e22d7fb1c DependenciesID=a3615acec63a8869e35ea1a076121cb4 StaticDependenciesID=f100dc97879ef35876f7ad5427566dd9 
Start importing Packages/com.unity.render-pipelines.core/Tests/Editor/UnifiedRayTracing/TraceTransparentRays.urtshader using Guid(6513c3b892e933c4f8d00c19d5c47532) (ScriptedImporter)
Compiling Ray Tracing Shader "TraceTransparentRays.urtshader", keywords = <no keywords>
    finished in 0.00 seconds. Local cache hits 1, remote cache hits 0, compiled 0 platform variants
 -> (Import Result ID: 'ce98530d50922e273fe691dd13c2666f') in 0.0120525 seconds [static and dynamic dependencies]. Details - ImportResultOutputID=9a4f92c4b834443772f57e904b7b5318 DependenciesID=e2b5d4de0ad804a3b9ecae2a1ed8ba57 StaticDependenciesID=5e41b194f27d8b70c797e75555e2b1f0 
Start importing Packages/com.unity.render-pipelines.core/Runtime/PathTracing/Shaders/LightmapIndirectIntegration.urtshader using Guid(7624adbeb148b5c48ab5ab660cc2602a) (ScriptedImporter)
Compiling Ray Tracing Shader "LightmapIndirectIntegration.urtshader", keywords = <no keywords>
    finished in 0.00 seconds. Local cache hits 1, remote cache hits 0, compiled 0 platform variants
 -> (Import Result ID: '7636fca688e599403be3d3b12c440c22') in 0.0162837 seconds [static and dynamic dependencies]. Details - ImportResultOutputID=331a21b109ee676710cbf634c8ef4c64 DependenciesID=a013b62f44319fe9498c0e871d3829fb StaticDependenciesID=6d19372de11b03798f093933090e79bb 
Start importing Packages/com.unity.render-pipelines.core/Runtime/PathTracing/Shaders/LightmapGBufferIntegration.urtshader using Guid(e9f4de6d1e07fb94f9a60d35b618f724) (ScriptedImporter)
Compiling Ray Tracing Shader "LightmapGBufferIntegration.urtshader", keywords = <no keywords>
    finished in 0.00 seconds. Local cache hits 1, remote cache hits 0, compiled 0 platform variants
 -> (Import Result ID: '6b095755af600b25dba257b1420adcfa') in 0.021317 seconds [static and dynamic dependencies]. Details - ImportResultOutputID=88abca16d66a7184f4c4b47027b43f11 DependenciesID=7e07fd4aeea28b90cf80df010e477915 StaticDependenciesID=66dc06979910318021783fcb4ccd3ecc 
Start importing Packages/com.unity.render-pipelines.core/Editor/Lighting/ProbeVolume/DynamicGI/DynamicGISkyOcclusion.urtshader using Guid(5a2a534753fbdb44e96c3c78b5a6999d) (ScriptedImporter)
Compiling Ray Tracing Shader "DynamicGISkyOcclusion.urtshader", keywords = <no keywords>
    finished in 0.00 seconds. Local cache hits 1, remote cache hits 0, compiled 0 platform variants
 -> (Import Result ID: '6f054e61c1371e27dad04f659288b92e') in 0.0198346 seconds [static and dynamic dependencies]. Details - ImportResultOutputID=d00095a4a55ff2ec22e939f29df9180b DependenciesID=ff1535c0e2997a6039c548982004dd93 StaticDependenciesID=18974378deb0e4fc540e6b2321b0ff13 
Start importing Packages/com.unity.render-pipelines.core/Runtime/PathTracing/Shaders/LightmapDirectIntegration.urtshader using Guid(5bbebdef5916845478fcef13fa10d89f) (ScriptedImporter)
Compiling Ray Tracing Shader "LightmapDirectIntegration.urtshader", keywords = <no keywords>
    finished in 0.00 seconds. Local cache hits 1, remote cache hits 0, compiled 0 platform variants
 -> (Import Result ID: '16a5e83c3e0e5009ab394ab2b951fdd6') in 0.0309477 seconds [static and dynamic dependencies]. Details - ImportResultOutputID=a922f61de12ed04fdf9509350b340e48 DependenciesID=57ccbabcf65c829f2817a591a3ce9914 StaticDependenciesID=63188f79534be5f4b9e074ad4af5bfb7 
Start importing Packages/com.unity.render-pipelines.core/Tests/Editor/UnifiedRayTracing/TraceRaysAndFetchAttributes.urtshader using Guid(fbc59f55df2416344b008dc23753cae2) (ScriptedImporter)
Compiling Ray Tracing Shader "TraceRaysAndFetchAttributes.urtshader", keywords = <no keywords>
    finished in 0.00 seconds. Local cache hits 1, remote cache hits 0, compiled 0 platform variants
 -> (Import Result ID: 'b176c8e4b623a9b1bca035cc8a457f3e') in 0.0094137 seconds [static and dynamic dependencies]. Details - ImportResultOutputID=3b313a6c864bac4a92bdbdf353437986 DependenciesID=d21a282b89a2e496dfcce7cde4fed2ac StaticDependenciesID=aa8291e86ea82085a643681c1c779d39 
Start importing Packages/com.unity.render-pipelines.core/Runtime/PathTracing/Shaders/LightmapAOIntegration.urtshader using Guid(1c410815c01ce1d4d82c645c0cd45747) (ScriptedImporter)
Compiling Ray Tracing Shader "LightmapAOIntegration.urtshader", keywords = <no keywords>
    finished in 0.00 seconds. Local cache hits 1, remote cache hits 0, compiled 0 platform variants
 -> (Import Result ID: '9df1e187d4190f9957b2b561b03a969c') in 0.017185 seconds [static and dynamic dependencies]. Details - ImportResultOutputID=5103f96431e842f7259bb0177de5374a DependenciesID=149050e4eae14bbf0824943226fef567 StaticDependenciesID=bcaf3aac9727a2ca27155e619d011e5f 
Start importing Packages/com.unity.render-pipelines.core/Runtime/PathTracing/Shaders/ProbeIntegrationValidity.urtshader using Guid(2c32233d92a2d0745930664c087c5c9a) (ScriptedImporter)
Compiling Ray Tracing Shader "ProbeIntegrationValidity.urtshader", keywords = <no keywords>
    finished in 0.00 seconds. Local cache hits 1, remote cache hits 0, compiled 0 platform variants
 -> (Import Result ID: 'bcf9a3db43d96e62931481948649ec6d') in 0.0153983 seconds [static and dynamic dependencies]. Details - ImportResultOutputID=7382f6ebace9db409d45bbf3f67db551 DependenciesID=c362f229ed9d3f4e8329bf893a13639b StaticDependenciesID=4aea10376946a8225ccdfdec15a70dac 
Start importing Packages/com.unity.render-pipelines.core/Runtime/PathTracing/Shaders/LightmapValidityIntegration.urtshader using Guid(ace95ac84e213794891b4bd7c9b3c158) (ScriptedImporter)
Compiling Ray Tracing Shader "LightmapValidityIntegration.urtshader", keywords = <no keywords>
    finished in 0.00 seconds. Local cache hits 1, remote cache hits 0, compiled 0 platform variants
 -> (Import Result ID: '9cfefd2467c2f392ccaf70284f81d86a') in 0.0267173 seconds [static and dynamic dependencies]. Details - ImportResultOutputID=1e4e1f52bf9adcad13f0bcdba75cec3b DependenciesID=57d9d38cd2a047f8b92a9651c6724631 StaticDependenciesID=46d905dacc01197a8e043a8ad4f9d21d 
Start importing Packages/com.unity.render-pipelines.core/Runtime/Lighting/SurfaceCache/RestirCandidateTemporal.urtshader using Guid(ad3a9f9982f8c4f4a839a78955e78458) (ScriptedImporter)
Compiling Ray Tracing Shader "RestirCandidateTemporal.urtshader", keywords = <no keywords>
    finished in 0.00 seconds. Local cache hits 1, remote cache hits 0, compiled 0 platform variants
 -> (Import Result ID: 'ee1f626977a9995fa6dc3fe2cae85133') in 0.0238728 seconds [static and dynamic dependencies]. Details - ImportResultOutputID=0ee7e16793f63ad4fa9bacccbdab596d DependenciesID=a54e69929afed86f408abe0f3a11f5a4 StaticDependenciesID=2beaac54fac463ee5ee15c00b0990d01 
Start importing Packages/com.unity.render-pipelines.core/Runtime/PathTracing/Shaders/ProbeIntegrationIndirect.urtshader using Guid(5ecdabd800f05984696f22ba95284516) (ScriptedImporter)
Compiling Ray Tracing Shader "ProbeIntegrationIndirect.urtshader", keywords = <no keywords>
    finished in 0.00 seconds. Local cache hits 1, remote cache hits 0, compiled 0 platform variants
 -> (Import Result ID: '889fc6615150a45fc63538a9546c0e35') in 0.0217753 seconds [static and dynamic dependencies]. Details - ImportResultOutputID=7b342ad6fce78607d4cb85fc02d9d19a DependenciesID=e68919762ba0a9e0f238cb17c5dcbebb StaticDependenciesID=83ecbbd61911181b4944eb7ac9eabee5 
Start importing Packages/com.unity.render-pipelines.core/Tests/Runtime/PathTracing/PathIteratorTest.urtshader using Guid(6e0b547bab30a804c8123974120d583f) (ScriptedImporter)
Compiling Ray Tracing Shader "PathIteratorTest.urtshader", keywords = <no keywords>
    finished in 0.00 seconds. Local cache hits 1, remote cache hits 0, compiled 0 platform variants
 -> (Import Result ID: '57d947cae0e8003fbc981ad74169efaa') in 0.0223529 seconds [static and dynamic dependencies]. Details - ImportResultOutputID=07420bf6446c0c205e272929d6eb81ee DependenciesID=594f11d35b7aba65962c7886d27a4981 StaticDependenciesID=cf2a33ce9b71ea08a4459556694e1323 
Start importing Packages/com.unity.render-pipelines.core/Runtime/PathTracing/Shaders/LiveGI.urtshader using Guid(ceb7a31b84722d144bbeff1c8cd88769) (ScriptedImporter)
Compiling Ray Tracing Shader "LiveGI.urtshader", keywords = <no keywords>
    finished in 0.00 seconds. Local cache hits 1, remote cache hits 0, compiled 0 platform variants
 -> (Import Result ID: '12f1f33770683c6d22725c2f237e83ab') in 0.0331221 seconds [static and dynamic dependencies]. Details - ImportResultOutputID=c58ef83ec50830e9bfe040e930b3537e DependenciesID=efbcc06b527755efc51f17180af96016 StaticDependenciesID=628001b751fe9fddf64a203b1446575e 
Start importing Packages/com.unity.render-pipelines.core/Runtime/PathTracing/Shaders/ProbeIntegrationOcclusion.urtshader using Guid(de3013e16d99f2746ab1735ec06a660b) (ScriptedImporter)
Compiling Ray Tracing Shader "ProbeIntegrationOcclusion.urtshader", keywords = <no keywords>
    finished in 0.00 seconds. Local cache hits 1, remote cache hits 0, compiled 0 platform variants
 -> (Import Result ID: 'b8fb97ca364825a954794a7a33584bbe') in 0.0237244 seconds [static and dynamic dependencies]. Details - ImportResultOutputID=34ea5cef2db8063219dc8fd537498cc0 DependenciesID=b4bdf7721efc399300aba8c6c0cc6ced StaticDependenciesID=183f3d853e4af89ec08f4e79696e167d 
Start importing Packages/com.unity.render-pipelines.core/Runtime/PathTracing/Shaders/ProbeIntegrationDirect.urtshader using Guid(1f9bfe60b4ad75943a5281839c1a4e5c) (ScriptedImporter)
Compiling Ray Tracing Shader "ProbeIntegrationDirect.urtshader", keywords = <no keywords>
    finished in 0.00 seconds. Local cache hits 1, remote cache hits 0, compiled 0 platform variants
 -> (Import Result ID: 'f9e05b28fe00eb70f1cbd312b7b9c80e') in 0.0160646 seconds [static and dynamic dependencies]. Details - ImportResultOutputID=4cedefe6725f61ebfce8197635258855 DependenciesID=e4ee24474e83bb9a6d47c033a5149289 StaticDependenciesID=d3f99f9cc1ae2c0c0147c2fa8da668fc 
Start importing Packages/com.unity.render-pipelines.core/Editor/Lighting/ProbeVolume/VirtualOffset/TraceVirtualOffset.urtshader using Guid(ff2cbab5da58bf04d82c5f34037ed123) (ScriptedImporter)
Compiling Ray Tracing Shader "TraceVirtualOffset.urtshader", keywords = <no keywords>
    finished in 0.00 seconds. Local cache hits 1, remote cache hits 0, compiled 0 platform variants
 -> (Import Result ID: '6f29081014305158ffc1f553fe9ac97c') in 0.0180272 seconds [static and dynamic dependencies]. Details - ImportResultOutputID=7915af89c97778059399f61159182492 DependenciesID=4529efd1d999f927776004ba32005281 StaticDependenciesID=f51ff46b48d84884c883ac486ebfd7f9 
(Values over 0.050ms)
Asset Pipeline Refresh (id=d8d7d51fcc019954b99bbb2d034c10a5): Total: 11.933 seconds - Initiated by InitialRefreshV2(ForceSynchronousImport)
	Summary:
		Imports: total=23 (actual=23, local cache=0, cache server=0)
		Asset DB Process Time: managed=17 ms, native=7893 ms
		Asset DB Callback time: managed=316 ms, native=718 ms
		Scripting: domain reloads=1, domain reload time=1522 ms, compile time=1342 ms, other=120 ms
		Project Asset Count: scripts=1531, non-scripts=3262
		Asset File Changes: new=0, changed=0, moved=0, deleted=0
		Scan Filter Count: 0
	InvokePackagesCallback: 64.339ms
	ApplyChangesToAssetFolders: 2.097ms
	Scan: 204.442ms
	CategorizeScriptCompilationAssets: 51.596ms
	ProcessAssetsWithTransientArtifactChanges: 86.570ms
	CategorizeAssets: 111.160ms
	CompileScripts: 1341.977ms
	ImportOutOfDateAssets: 7160.790ms (6523.503ms without children)
		ImportManagerImport: 631.976ms (3.960ms without children)
			UpdateCategorizedAssets: 1.506ms
		ReloadNativeAssets: 0.085ms
		UnloadImportedAssets: 3.020ms
		ReloadImportedAssets: 2.179ms
		EnsureUptoDateAssetsAreRegisteredWithGuidPM: 1.629ms
		OnDemandSchedulerStart: 0.555ms
	PostProcessAllAssets: 971.976ms
		ComputeShaderImportPostprocess 354.757ms
		RaytracingShaderImportPostprocess 297.532ms
		VCAutoAddAssetPostprocess 0.858ms
		XRBuildSystem.XRAssetImported 0.436ms
		SpriteAtlasDatabase.OnAssetPostprocessCallback 0.063ms
		PostProcessCallbackCreateDeferredMaterials 0.057ms
		MonoPostProcessAllAssets: 316.817ms
			AssetPostprocessor.OnPostprocessAllAssets 217.650ms
			StyleCatalogPostProcessor.OnPostprocessAllAssets 23.172ms
			UniversalRenderPipelineGlobalSettingsPostprocessor.OnPostprocessAllAssets 16.867ms
			BuilderAssetPostprocessor.OnPostprocessAllAssets 8.350ms
			RetainedModeAssetPostprocessor.OnPostprocessAllAssets 5.020ms
			SyncVS.PostprocessSyncProject 4.360ms
			AssetChangedListener.OnPostprocessAllAssets 4.071ms
			ShaderGraphAssetPostProcessor.OnPostprocessAllAssets 3.508ms
			WindowAssetPostprocessingWatcher.OnPostprocessAllAssets 2.201ms
			SpeedTree9Postprocessor.OnPostprocessAllAssets 2.090ms
			UVCSAssetPostprocessor.OnPostprocessAllAssets 1.942ms
			MaterialPostprocessor.OnPostprocessAllAssets 1.085ms
			PostProcessor.OnPostprocessAllAssets 0.888ms
			ConfigAssetsTracker.OnPostprocessAllAssets 0.846ms
			InputActionAssetPostprocessor.OnPostprocessAllAssets 0.758ms
			RenderPipelineGlobalSettingsPostprocessor.OnPostprocessAllAssets 0.686ms
			ArtifactBrowserPostProcessor.OnPostprocessAllAssets 0.661ms
			InputActionJsonNameModifierAssetProcessor.OnPostprocessAllAssets 0.656ms
			TMPro_TexturePostProcessor.OnPostprocessAllAssets 0.648ms
			TextAssetPostProcessor.OnPostprocessAllAssets 0.495ms
			AssetProcessor.OnPostprocessAllAssets 0.476ms
			SpriteEditorTexturePostprocessor.OnPostprocessAllAssets 0.472ms
			ReferencedClipsPostProcessor.OnPostprocessAllAssets 0.358ms
			SpriteShapeAssetPostProcessor.OnPostprocessAllAssets 0.343ms
			AssetDatabaseCallbacks.OnPostprocessAllAssets 0.292ms
			AssetEvents.OnPostprocessAllAssets 0.258ms
			AudioMixerPostprocessor.OnPostprocessAllAssets 0.253ms
			SpriteLibraryAssetPostprocessor.OnPostprocessAllAssets 0.231ms
			TerrainToolbarOverlayPostProcessor.OnPostprocessAllAssets 0.227ms
			ScenarioDriftAssetsTracker.OnPostprocessAllAssets 0.214ms
			ProjectSettingsPostprocessor.OnPostprocessAllAssets 0.212ms
			SpeedTreePostProcessor.OnPostprocessAllAssets 0.181ms
			SamplePostprocessor.OnPostprocessAllAssets 0.175ms
			PSDImportPostProcessor.OnPostprocessAllAssets 0.111ms
			PSDImporterAssetPostProcessor.OnPostprocessAllAssets 0.087ms
			AudioContainerPostProcessor.OnPostprocessAllAssets 0.080ms
	PostAssetChangesProfiler: 3.280ms
	UnloadStreamsBegin: 9.490ms
	PersistCurrentRevisions: 0.309ms
	GenerateScriptTypeHashes: 32.332ms
	GenerateScriptTypeSerializationHashes: 82.971ms
	Untracked: 1913.599ms

Application.AssetDatabase Initial Refresh End
Shader Hidden/ChartRasterizerHardware is not supported: GPU does not support conservative rasterization
Scanning for USB devices : 3.484ms
Initializing Unity extensions:
[MODES] ModeService[none].Initialize
[MODES] ModeService[none].LoadModes
[MODES] Loading mode Default (0) for mode-current-id-rustline
Unloading 47 Unused Serialized files (Serialized files now loaded: 0)
Unloading 7081 unused Assets / (1.7 MB). Loaded Objects now: 7925.
Memory consumption went from 217.7 MB to 215.9 MB.
Total: 14.069100 ms (FindLiveObjects: 0.860300 ms CreateObjectMapping: 0.665600 ms MarkObjects: 10.716600 ms  DeleteObjects: 1.821700 ms)

Microsoft Media Foundation video decoding to texture disabled: graphics device is Null, only Direct3D 11 and Direct3D 12 (only on desktop) are supported for hardware-accelerated video decoding.
[Project] Loading completed in 26.500 seconds
	Project init time: 				23.842 seconds
		Template init time: 		0.000 seconds
		Package Manager init time: 		2.689 seconds
		Asset Database init time: 		1.758 seconds
		Global illumination init time: 	0.003 seconds
		Assemblies load time: 			6.491 seconds
		Unity extensions init time: 	0.011 seconds
		Asset Database refresh time: 	11.933 seconds
	Scene opening time: 			1.876 seconds
##utp:{"type":"ProjectInfo","version":2,"phase":"Immediate","time":1788983386605,"processId":3556,"projectLoad":26.5000721,"projectInit":23.8415837,"templateInit":0.0,"packageManagerInit":2.6890512,"assetDatabaseInit":1.7577906,"globalIlluminationInit":0.0028604,"assembliesLoad":6.4907717,"unityExtensionsInit":0.0110655,"assetDatabaseRefresh":11.9334115,"sceneOpening":1.8759435}
##utp:{"type":"EditorInfo","version":2,"phase":"Immediate","time":1788983386605,"processId":3556,"editorVersion":"6000.4.0f1 (8cf496087c8f)","branch":"6000.4/staging","buildType":"Release","platform":"Windows"}
Asset Pipeline Refresh (id=95e8855a26cdd144e89668eb4331e179): Total: 0.087 seconds - Initiated by RefreshV2(ForceSynchronousImport)
[Licensing::Client] Successfully resolved entitlement details
[Licensing::Client] Successfully resolved entitlement details
Running tests for ExecutionSettings with details:
targetPlatform = 
playerHeartbeatTimeout = 600
filters[0] = 
   Filter with settings:
   testMode = EditMode
   targetPlatform = 
   testNames = null
   groupNames = null
   categoryNames = null
   assemblyNames = null
ignoreTests = {}
featureFlags = null

UnityEngine.Debug:ExtractStackTraceNoAlloc (byte*,int,string)
UnityEngine.StackTraceUtility:ExtractStackTrace ()
UnityEngine.DebugLogHandler:Internal_Log (UnityEngine.LogType,UnityEngine.LogOption,string,UnityEngine.Object)
UnityEngine.DebugLogHandler:LogFormat (UnityEngine.LogType,UnityEngine.Object,string,object[])
UnityEngine.Logger:Log (UnityEngine.LogType,object)
UnityEngine.Debug:Log (object)
UnityEditor.TestTools.TestRunner.CommandLineTest.Executer:InitializeAndExecuteRun (string[]) (at ./Library/PackageCache/com.unity.test-framework@629486125cfc/UnityEditor.TestRunner/CommandLineTest/Executer.cs:53)
UnityEditor.TestTools.TestRunner.CommandLineTest.TestStarter:InitializeAndExecuteRun () (at ./Library/PackageCache/com.unity.test-framework@629486125cfc/UnityEditor.TestRunner/CommandLineTest/TestStarter.cs:64)
UnityEditor.EditorApplication:Internal_CallUpdateFunctions ()

(Filename: ./Library/PackageCache/com.unity.test-framework@629486125cfc/UnityEditor.TestRunner/CommandLineTest/Executer.cs Line: 53)

Start Indexing on Editor startup
[Indexing] Starting Initial Indexing for Assets
[UnityConnectServicesConfig] config is NOT valid, switching to default
Created GICache directory at C:/Users/pedro/AppData/LocalLow/Unity/Caches/GiCache. Took: 0.065s, timestamps: [26.504 - 26.569]
Unloading 1 Unused Serialized files (Serialized files now loaded: 0)
Unloading 1 unused Assets / (55.6 KB). Loaded Objects now: 7949.
Memory consumption went from 189.0 MB to 188.9 MB.
Total: 15.593500 ms (FindLiveObjects: 0.497100 ms CreateObjectMapping: 0.238100 ms MarkObjects: 14.771500 ms  DeleteObjects: 0.083600 ms)

Executing IPrebuildSetup for: Unity.PerformanceTesting.Editor.TestRunBuilder.
UnityEngine.Debug:ExtractStackTraceNoAlloc (byte*,int,string)
UnityEngine.StackTraceUtility:ExtractStackTrace ()
UnityEngine.DebugLogHandler:Internal_Log (UnityEngine.LogType,UnityEngine.LogOption,string,UnityEngine.Object)
UnityEngine.DebugLogHandler:LogFormat (UnityEngine.LogType,UnityEngine.Object,string,object[])
UnityEngine.Logger:Log (UnityEngine.LogType,object)
UnityEngine.Debug:Log (object)
UnityEditor.TestTools.TestRunner.TestRun.Tasks.BuildActionTaskBase`1/<ExecuteMethods>d__8<UnityEngine.TestTools.IPrebuildSetup>:MoveNext () (at ./Library/PackageCache/com.unity.test-framework@629486125cfc/UnityEditor.TestRunner/TestRun/Tasks/BuildActionTaskBase.cs:48)
UnityEditor.TestTools.TestRunner.TestRun.Tasks.BuildActionTaskBase`1/<Execute>d__7<UnityEngine.TestTools.IPrebuildSetup>:MoveNext () (at ./Library/PackageCache/com.unity.test-framework@629486125cfc/UnityEditor.TestRunner/TestRun/Tasks/BuildActionTaskBase.cs:34)
UnityEditor.TestTools.TestRunner.TestRun.TestJobRunner:ExecuteStep () (at ./Library/PackageCache/com.unity.test-framework@629486125cfc/UnityEditor.TestRunner/TestRun/TestJobRunner.cs:173)
UnityEditor.TestTools.TestRunner.TestRun.TestJobRunner:ExecuteCallback () (at ./Library/PackageCache/com.unity.test-framework@629486125cfc/UnityEditor.TestRunner/TestRun/TestJobRunner.cs:108)
UnityEditor.EditorApplication:Internal_CallUpdateFunctions ()

(Filename: ./Library/PackageCache/com.unity.test-framework@629486125cfc/UnityEditor.TestRunner/TestRun/Tasks/BuildActionTaskBase.cs Line: 48)

Opening scene 'Assets/Scenes/ArtShowcase.unity'
Unloading 15 Unused Serialized files (Serialized files now loaded: 0)
Loaded scene 'Assets/Scenes/ArtShowcase.unity'
	Deserialize:            15.887 ms
	Integration:            339.950 ms
	Integration of assets:  0.604 ms
	Thread Wait Time:       0.027 ms
	Total Operation Time:   356.468 ms
Unloading 2 unused Assets / (1.0 KB). Loaded Objects now: 8403.
Memory consumption went from 192.1 MB to 192.1 MB.
Total: 12.077900 ms (FindLiveObjects: 0.414700 ms CreateObjectMapping: 1.780700 ms MarkObjects: 9.808800 ms  DeleteObjects: 0.072000 ms)

RenderTexture.Create failed
UnityEngine.Debug:ExtractStackTraceNoAlloc (byte*,int,string)
UnityEngine.StackTraceUtility:ExtractStackTrace ()
UnityEngine.RenderTexture:Create ()
UnityEngine.Rendering.RTHandleSystem:CreateRenderTexture (int,int,UnityEngine.Experimental.Rendering.GraphicsFormat,int,UnityEngine.FilterMode,UnityEngine.TextureWrapMode,UnityEngine.TextureWrapMode,UnityEngine.TextureWrapMode,UnityEngine.Rendering.TextureDimension,bool,bool,bool,bool,int,single,UnityEngine.Rendering.MSAASamples,bool,bool,bool,UnityEngine.RenderTextureMemoryless,UnityEngine.VRTextureUsage,bool,string) (at ./Library/PackageCache/com.unity.render-pipelines.core@6a60abc179f8/Runtime/Textures/RTHandleSystem.cs:909)
UnityEngine.Rendering.RTHandleSystem:Alloc (int,int,UnityEngine.Experimental.Rendering.GraphicsFormat,UnityEngine.TextureWrapMode,UnityEngine.TextureWrapMode,UnityEngine.TextureWrapMode,int,UnityEngine.FilterMode,UnityEngine.Rendering.TextureDimension,bool,bool,bool,bool,int,single,UnityEngine.Rendering.MSAASamples,bool,bool,bool,UnityEngine.RenderTextureMemoryless,UnityEngine.VRTextureUsage,string) (at ./Library/PackageCache/com.unity.render-pipelines.core@6a60abc179f8/Runtime/Textures/RTHandleSystem.cs:774)
UnityEngine.Rendering.RTHandleSystem:Alloc (int,int,UnityEngine.Experimental.Rendering.GraphicsFormat,int,UnityEngine.FilterMode,UnityEngine.TextureWrapMode,UnityEngine.Rendering.TextureDimension,bool,bool,bool,bool,int,single,UnityEngine.Rendering.MSAASamples,bool,bool,bool,UnityEngine.RenderTextureMemoryless,UnityEngine.VRTextureUsage,string) (at ./Library/PackageCache/com.unity.render-pipelines.core@6a60abc179f8/Runtime/Textures/RTHandleSystem.cs:638)
UnityEngine.Rendering.RTHandles:Alloc (int,int,UnityEngine.Experimental.Rendering.GraphicsFormat,int,UnityEngine.FilterMode,UnityEngine.TextureWrapMode,UnityEngine.Rendering.TextureDimension,bool,bool,bool,bool,int,single,UnityEngine.Rendering.MSAASamples,bool,bool,bool,UnityEngine.RenderTextureMemoryless,UnityEngine.VRTextureUsage,string) (at ./Library/PackageCache/com.unity.render-pipelines.core@6a60abc179f8/Runtime/Textures/RTHandles.cs:169)
UnityEngine.Rendering.RenderGraphModule.RenderGraphDefaultResources:InitDefaultResourcesIfNeeded () (at ./Library/PackageCache/com.unity.render-pipelines.core@6a60abc179f8/Runtime/RenderGraph/RenderGraphDefaultResources.cs:52)
UnityEngine.Rendering.RenderGraphModule.RenderGraphDefaultResources:.ctor () (at ./Library/PackageCache/com.unity.render-pipelines.core@6a60abc179f8/Runtime/RenderGraph/RenderGraphDefaultResources.cs:39)
UnityEngine.Rendering.RenderGraphModule.RenderGraph:.ctor (string) (at ./Library/PackageCache/com.unity.render-pipelines.core@6a60abc179f8/Runtime/RenderGraph/RenderGraph.cs:514)
UnityEngine.Rendering.Universal.UniversalRenderPipeline:.ctor (UnityEngine.Rendering.Universal.UniversalRenderPipelineAsset) (at ./Library/PackageCache/com.unity.render-pipelines.universal@0c5162adfb45/Runtime/UniversalRenderPipeline.cs:275)
UnityEngine.Rendering.Universal.UniversalRenderPipelineAsset:CreatePipeline () (at ./Library/PackageCache/com.unity.render-pipelines.universal@0c5162adfb45/Runtime/Data/UniversalRenderPipelineAsset.cs:809)
UnityEngine.Rendering.RenderPipelineAsset:InternalCreatePipeline ()
UnityEngine.Rendering.RenderPipelineManager:TryPrepareRenderPipeline (UnityEngine.Rendering.RenderPipelineAsset)
UnityEngine.Rendering.RenderPipelineManager:DoRenderLoop_Internal (UnityEngine.Rendering.RenderPipelineAsset,intptr,object,Unity.Collections.LowLevel.Unsafe.AtomicSafetyHandle)
UnityEngine.Camera:Render ()
Rustline.Tests.IdentityLightingEquivalenceTests:RenderAndRead (UnityEngine.Camera,UnityEngine.RenderTexture,UnityEngine.Texture2D) (at Assets/Tests/EditMode/IdentityLightingEquivalenceTests.cs:266)
Rustline.Tests.IdentityLightingEquivalenceTests:ArtShowcase_IdentityGlobalLightAndUnlitRenderExactlyEqual () (at Assets/Tests/EditMode/IdentityLightingEquivalenceTests.cs:153)
System.Reflection.RuntimeMethodInfo:Invoke (object,System.Reflection.BindingFlags,System.Reflection.Binder,object[],System.Globalization.CultureInfo)
System.Reflection.MethodBase:Invoke (object,object[])
NUnit.Framework.Internal.Reflect:InvokeMethod (System.Reflection.MethodInfo,object,object[])
NUnit.Framework.Internal.MethodWrapper:Invoke (object,object[])
NUnit.Framework.Internal.Commands.TestMethodCommand:RunNonAsyncTestMethod (NUnit.Framework.Internal.ITestExecutionContext)
NUnit.Framework.Internal.Commands.TestMethodCommand:RunTestMethod (NUnit.Framework.Internal.ITestExecutionContext)
NUnit.Framework.Internal.Commands.TestMethodCommand:Execute (NUnit.Framework.Internal.ITestExecutionContext)
UnityEngine.TestTools.UnityTestMethodCommand:Execute (NUnit.Framework.Internal.ITestExecutionContext) (at ./Library/PackageCache/com.unity.test-framework@629486125cfc/UnityEngine.TestRunner/NUnitExtensions/Commands/UnityTestMethodCommand.cs:19)
UnityEngine.TestRunner.NUnitExtensions.Runner.UnityLogCheckDelegatingCommand/<>c__DisplayClass2_0:<Execute>b__0 () (at ./Library/PackageCache/com.unity.test-framework@629486125cfc/UnityEngine.TestRunner/NUnitExtensions/Runner/UnityLogCheckDelegatingCommand.cs:24)
UnityEngine.TestRunner.NUnitExtensions.Runner.UnityLogCheckDelegatingCommand:CaptureException (NUnit.Framework.Internal.TestResult,System.Action) (at ./Library/PackageCache/com.unity.test-framework@629486125cfc/UnityEngine.TestRunner/NUnitExtensions/Runner/UnityLogCheckDelegatingCommand.cs:72)
UnityEngine.TestRunner.NUnitExtensions.Runner.UnityLogCheckDelegatingCommand:ExecuteAndCheckLog (UnityEngine.TestTools.Logging.LogScope,NUnit.Framework.Internal.TestResult,System.Action) (at ./Library/PackageCache/com.unity.test-framework@629486125cfc/UnityEngine.TestRunner/NUnitExtensions/Runner/UnityLogCheckDelegatingCommand.cs:83)
UnityEngine.TestRunner.NUnitExtensions.Runner.UnityLogCheckDelegatingCommand:Execute (NUnit.Framework.Internal.ITestExecutionContext) (at ./Library/PackageCache/com.unity.test-framework@629486125cfc/UnityEngine.TestRunner/NUnitExtensions/Runner/UnityLogCheckDelegatingCommand.cs:24)
UnityEngine.TestRunner.NUnitExtensions.Runner.UnityLogCheckDelegatingCommand/<ExecuteEnumerable>d__3:MoveNext () (at ./Library/PackageCache/com.unity.test-framework@629486125cfc/UnityEngine.TestRunner/NUnitExtensions/Runner/UnityLogCheckDelegatingCommand.cs:35)
UnityEngine.TestTools.BeforeAfterTestCommandBase`1/<ExecuteEnumerable>d__16<NUnit.Framework.ITestAction>:MoveNext () (at ./Library/PackageCache/com.unity.test-framework@629486125cfc/UnityEngine.TestRunner/NUnitExtensions/Commands/BeforeAfterTestCommandBase.cs:212)
UnityEngine.TestTools.ImmediateEnumerableCommand:Execute (NUnit.Framework.Internal.ITestExecutionContext) (at ./Library/PackageCache/com.unity.test-framework@629486125cfc/UnityEngine.TestRunner/NUnitExtensions/Commands/ImmediateEnumerableCommand.cs:18)
UnityEngine.TestTools.BeforeAfterTestCommandBase`1/<ExecuteEnumerable>d__16<System.Reflection.MethodInfo>:MoveNext () (at ./Library/PackageCache/com.unity.test-framework@629486125cfc/UnityEngine.TestRunner/NUnitExtensions/Commands/BeforeAfterTestCommandBase.cs:219)
UnityEngine.TestTools.BeforeAfterTestCommandBase`1/<ExecuteEnumerable>d__16<System.Reflection.MethodInfo>:MoveNext () (at ./Library/PackageCache/com.unity.test-framework@629486125cfc/UnityEngine.TestRunner/NUnitExtensions/Commands/BeforeAfterTestCommandBase.cs:212)
UnityEngine.TestTools.BeforeAfterTestCommandBase`1/<ExecuteEnumerable>d__16<UnityEngine.TestTools.IOuterUnityTestAction>:MoveNext () (at ./Library/PackageCache/com.unity.test-framework@629486125cfc/UnityEngine.TestRunner/NUnitExtensions/Commands/BeforeAfterTestCommandBase.cs:212)
UnityEngine.TestTools.RetryCommand/<ExecuteEnumerable>d__2:MoveNext () (at ./Library/PackageCache/com.unity.test-framework@629486125cfc/UnityEngine.TestRunner/NUnitExtensions/Commands/RetryCommand.cs:37)
UnityEngine.TestTools.RepeatCommand/<ExecuteEnumerable>d__2:MoveNext () (at ./Library/PackageCache/com.unity.test-framework@629486125cfc/UnityEngine.TestRunner/NUnitExtensions/Commands/RepeatCommand.cs:36)
UnityEngine.TestTools.IgnoreTestCommand/<ExecuteEnumerable>d__3:MoveNext () (at ./Library/PackageCache/com.unity.test-framework@629486125cfc/UnityEngine.TestRunner/NUnitExtensions/Commands/IgnoreTestCommand.cs:42)
UnityEngine.TestTools.StrictCheckCommand/<ExecuteEnumerable>d__2:MoveNext () (at ./Library/PackageCache/com.unity.test-framework@629486125cfc/UnityEngine.TestRunner/NUnitExtensions/Commands/StrictCheckCommand.cs:29)
UnityEngine.TestRunner.NUnitExtensions.Runner.DefaultTestWorkItem/<PerformWork>d__2:MoveNext () (at ./Library/PackageCache/com.unity.test-framework@629486125cfc/UnityEngine.TestRunner/NUnitExtensions/Runner/DefaultTestWorkItem.cs:50)
UnityEngine.TestRunner.NUnitExtensions.Runner.CompositeWorkItem/<RunChildren>d__17:MoveNext () (at ./Library/PackageCache/com.unity.test-framework@629486125cfc/UnityEngine.TestRunner/NUnitExtensions/Runner/CompositeWorkItem.cs:207)
UnityEngine.TestRunner.NUnitExtensions.Runner.CompositeWorkItem/<PerformWork>d__13:MoveNext () (at ./Library/PackageCache/com.unity.test-framework@629486125cfc/UnityEngine.TestRunner/NUnitExtensions/Runner/CompositeWorkItem.cs:82)
UnityEngine.TestRunner.NUnitExtensions.Runner.CompositeWorkItem/<RunChildren>d__17:MoveNext () (at ./Library/PackageCache/com.unity.test-framework@629486125cfc/UnityEngine.TestRunner/NUnitExtensions/Runner/CompositeWorkItem.cs:207)
UnityEngine.TestRunner.NUnitExtensions.Runner.CompositeWorkItem/<PerformWork>d__13:MoveNext () (at ./Library/PackageCache/com.unity.test-framework@629486125cfc/UnityEngine.TestRunner/NUnitExtensions/Runner/CompositeWorkItem.cs:82)
UnityEngine.TestRunner.NUnitExtensions.Runner.CompositeWorkItem/<RunChildren>d__17:MoveNext () (at ./Library/PackageCache/com.unity.test-framework@629486125cfc/UnityEngine.TestRunner/NUnitExtensions/Runner/CompositeWorkItem.cs:207)
UnityEngine.TestRunner.NUnitExtensions.Runner.CompositeWorkItem/<PerformWork>d__13:MoveNext () (at ./Library/PackageCache/com.unity.test-framework@629486125cfc/UnityEngine.TestRunner/NUnitExtensions/Runner/CompositeWorkItem.cs:82)
UnityEngine.TestRunner.NUnitExtensions.Runner.CompositeWorkItem/<RunChildren>d__17:MoveNext () (at ./Library/PackageCache/com.u

RenderTexture.Create failed
UnityEngine.Debug:ExtractStackTraceNoAlloc (byte*,int,string)
UnityEngine.StackTraceUtility:ExtractStackTrace ()
UnityEngine.Graphics:ExecuteCommandBuffer (UnityEngine.Rendering.CommandBuffer)
UnityEngine.Rendering.RenderGraphModule.RenderGraphDefaultResources:InitDefaultResourcesIfNeeded () (at ./Library/PackageCache/com.unity.render-pipelines.core@6a60abc179f8/Runtime/RenderGraph/RenderGraphDefaultResources.cs:58)
UnityEngine.Rendering.RenderGraphModule.RenderGraphDefaultResources:.ctor () (at ./Library/PackageCache/com.unity.render-pipelines.core@6a60abc179f8/Runtime/RenderGraph/RenderGraphDefaultResources.cs:39)
UnityEngine.Rendering.RenderGraphModule.RenderGraph:.ctor (string) (at ./Library/PackageCache/com.unity.render-pipelines.core@6a60abc179f8/Runtime/RenderGraph/RenderGraph.cs:514)
UnityEngine.Rendering.Universal.UniversalRenderPipeline:.ctor (UnityEngine.Rendering.Universal.UniversalRenderPipelineAsset) (at ./Library/PackageCache/com.unity.render-pipelines.universal@0c5162adfb45/Runtime/UniversalRenderPipeline.cs:275)
UnityEngine.Rendering.Universal.UniversalRenderPipelineAsset:CreatePipeline () (at ./Library/PackageCache/com.unity.render-pipelines.universal@0c5162adfb45/Runtime/Data/UniversalRenderPipelineAsset.cs:809)
UnityEngine.Rendering.RenderPipelineAsset:InternalCreatePipeline ()
UnityEngine.Rendering.RenderPipelineManager:TryPrepareRenderPipeline (UnityEngine.Rendering.RenderPipelineAsset)
UnityEngine.Rendering.RenderPipelineManager:DoRenderLoop_Internal (UnityEngine.Rendering.RenderPipelineAsset,intptr,object,Unity.Collections.LowLevel.Unsafe.AtomicSafetyHandle)
UnityEngine.Camera:Render ()
Rustline.Tests.IdentityLightingEquivalenceTests:RenderAndRead (UnityEngine.Camera,UnityEngine.RenderTexture,UnityEngine.Texture2D) (at Assets/Tests/EditMode/IdentityLightingEquivalenceTests.cs:266)
Rustline.Tests.IdentityLightingEquivalenceTests:ArtShowcase_IdentityGlobalLightAndUnlitRenderExactlyEqual () (at Assets/Tests/EditMode/IdentityLightingEquivalenceTests.cs:153)
System.Reflection.RuntimeMethodInfo:Invoke (object,System.Reflection.BindingFlags,System.Reflection.Binder,object[],System.Globalization.CultureInfo)
System.Reflection.MethodBase:Invoke (object,object[])
NUnit.Framework.Internal.Reflect:InvokeMethod (System.Reflection.MethodInfo,object,object[])
NUnit.Framework.Internal.MethodWrapper:Invoke (object,object[])
NUnit.Framework.Internal.Commands.TestMethodCommand:RunNonAsyncTestMethod (NUnit.Framework.Internal.ITestExecutionContext)
NUnit.Framework.Internal.Commands.TestMethodCommand:RunTestMethod (NUnit.Framework.Internal.ITestExecutionContext)
NUnit.Framework.Internal.Commands.TestMethodCommand:Execute (NUnit.Framework.Internal.ITestExecutionContext)
UnityEngine.TestTools.UnityTestMethodCommand:Execute (NUnit.Framework.Internal.ITestExecutionContext) (at ./Library/PackageCache/com.unity.test-framework@629486125cfc/UnityEngine.TestRunner/NUnitExtensions/Commands/UnityTestMethodCommand.cs:19)
UnityEngine.TestRunner.NUnitExtensions.Runner.UnityLogCheckDelegatingCommand/<>c__DisplayClass2_0:<Execute>b__0 () (at ./Library/PackageCache/com.unity.test-framework@629486125cfc/UnityEngine.TestRunner/NUnitExtensions/Runner/UnityLogCheckDelegatingCommand.cs:24)
UnityEngine.TestRunner.NUnitExtensions.Runner.UnityLogCheckDelegatingCommand:CaptureException (NUnit.Framework.Internal.TestResult,System.Action) (at ./Library/PackageCache/com.unity.test-framework@629486125cfc/UnityEngine.TestRunner/NUnitExtensions/Runner/UnityLogCheckDelegatingCommand.cs:72)
UnityEngine.TestRunner.NUnitExtensions.Runner.UnityLogCheckDelegatingCommand:ExecuteAndCheckLog (UnityEngine.TestTools.Logging.LogScope,NUnit.Framework.Internal.TestResult,System.Action) (at ./Library/PackageCache/com.unity.test-framework@629486125cfc/UnityEngine.TestRunner/NUnitExtensions/Runner/UnityLogCheckDelegatingCommand.cs:83)
UnityEngine.TestRunner.NUnitExtensions.Runner.UnityLogCheckDelegatingCommand:Execute (NUnit.Framework.Internal.ITestExecutionContext) (at ./Library/PackageCache/com.unity.test-framework@629486125cfc/UnityEngine.TestRunner/NUnitExtensions/Runner/UnityLogCheckDelegatingCommand.cs:24)
UnityEngine.TestRunner.NUnitExtensions.Runner.UnityLogCheckDelegatingCommand/<ExecuteEnumerable>d__3:MoveNext () (at ./Library/PackageCache/com.unity.test-framework@629486125cfc/UnityEngine.TestRunner/NUnitExtensions/Runner/UnityLogCheckDelegatingCommand.cs:35)
UnityEngine.TestTools.BeforeAfterTestCommandBase`1/<ExecuteEnumerable>d__16<NUnit.Framework.ITestAction>:MoveNext () (at ./Library/PackageCache/com.unity.test-framework@629486125cfc/UnityEngine.TestRunner/NUnitExtensions/Commands/BeforeAfterTestCommandBase.cs:212)
UnityEngine.TestTools.ImmediateEnumerableCommand:Execute (NUnit.Framework.Internal.ITestExecutionContext) (at ./Library/PackageCache/com.unity.test-framework@629486125cfc/UnityEngine.TestRunner/NUnitExtensions/Commands/ImmediateEnumerableCommand.cs:18)
UnityEngine.TestTools.BeforeAfterTestCommandBase`1/<ExecuteEnumerable>d__16<System.Reflection.MethodInfo>:MoveNext () (at ./Library/PackageCache/com.unity.test-framework@629486125cfc/UnityEngine.TestRunner/NUnitExtensions/Commands/BeforeAfterTestCommandBase.cs:219)
UnityEngine.TestTools.BeforeAfterTestCommandBase`1/<ExecuteEnumerable>d__16<System.Reflection.MethodInfo>:MoveNext () (at ./Library/PackageCache/com.unity.test-framework@629486125cfc/UnityEngine.TestRunner/NUnitExtensions/Commands/BeforeAfterTestCommandBase.cs:212)
UnityEngine.TestTools.BeforeAfterTestCommandBase`1/<ExecuteEnumerable>d__16<UnityEngine.TestTools.IOuterUnityTestAction>:MoveNext () (at ./Library/PackageCache/com.unity.test-framework@629486125cfc/UnityEngine.TestRunner/NUnitExtensions/Commands/BeforeAfterTestCommandBase.cs:212)
UnityEngine.TestTools.RetryCommand/<ExecuteEnumerable>d__2:MoveNext () (at ./Library/PackageCache/com.unity.test-framework@629486125cfc/UnityEngine.TestRunner/NUnitExtensions/Commands/RetryCommand.cs:37)
UnityEngine.TestTools.RepeatCommand/<ExecuteEnumerable>d__2:MoveNext () (at ./Library/PackageCache/com.unity.test-framework@629486125cfc/UnityEngine.TestRunner/NUnitExtensions/Commands/RepeatCommand.cs:36)
UnityEngine.TestTools.IgnoreTestCommand/<ExecuteEnumerable>d__3:MoveNext () (at ./Library/PackageCache/com.unity.test-framework@629486125cfc/UnityEngine.TestRunner/NUnitExtensions/Commands/IgnoreTestCommand.cs:42)
UnityEngine.TestTools.StrictCheckCommand/<ExecuteEnumerable>d__2:MoveNext () (at ./Library/PackageCache/com.unity.test-framework@629486125cfc/UnityEngine.TestRunner/NUnitExtensions/Commands/StrictCheckCommand.cs:29)
UnityEngine.TestRunner.NUnitExtensions.Runner.DefaultTestWorkItem/<PerformWork>d__2:MoveNext () (at ./Library/PackageCache/com.unity.test-framework@629486125cfc/UnityEngine.TestRunner/NUnitExtensions/Runner/DefaultTestWorkItem.cs:50)
UnityEngine.TestRunner.NUnitExtensions.Runner.CompositeWorkItem/<RunChildren>d__17:MoveNext () (at ./Library/PackageCache/com.unity.test-framework@629486125cfc/UnityEngine.TestRunner/NUnitExtensions/Runner/CompositeWorkItem.cs:207)
UnityEngine.TestRunner.NUnitExtensions.Runner.CompositeWorkItem/<PerformWork>d__13:MoveNext () (at ./Library/PackageCache/com.unity.test-framework@629486125cfc/UnityEngine.TestRunner/NUnitExtensions/Runner/CompositeWorkItem.cs:82)
UnityEngine.TestRunner.NUnitExtensions.Runner.CompositeWorkItem/<RunChildren>d__17:MoveNext () (at ./Library/PackageCache/com.unity.test-framework@629486125cfc/UnityEngine.TestRunner/NUnitExtensions/Runner/CompositeWorkItem.cs:207)
UnityEngine.TestRunner.NUnitExtensions.Runner.CompositeWorkItem/<PerformWork>d__13:MoveNext () (at ./Library/PackageCache/com.unity.test-framework@629486125cfc/UnityEngine.TestRunner/NUnitExtensions/Runner/CompositeWorkItem.cs:82)
UnityEngine.TestRunner.NUnitExtensions.Runner.CompositeWorkItem/<RunChildren>d__17:MoveNext () (at ./Library/PackageCache/com.unity.test-framework@629486125cfc/UnityEngine.TestRunner/NUnitExtensions/Runner/CompositeWorkItem.cs:207)
UnityEngine.TestRunner.NUnitExtensions.Runner.CompositeWorkItem/<PerformWork>d__13:MoveNext () (at ./Library/PackageCache/com.unity.test-framework@629486125cfc/UnityEngine.TestRunner/NUnitExtensions/Runner/CompositeWorkItem.cs:82)
UnityEngine.TestRunner.NUnitExtensions.Runner.CompositeWorkItem/<RunChildren>d__17:MoveNext () (at ./Library/PackageCache/com.unity.test-framework@629486125cfc/UnityEngine.TestRunner/NUnitExtensions/Runner/CompositeWorkItem.cs:207)
UnityEngine.TestRunner.NUnitExtensions.Runner.CompositeWorkItem/<PerformWork>d__13:MoveNext () (at ./Library/PackageCache/com.unity.test-framework@629486125cfc/UnityEngine.TestRunner/NUnitExtensions/Runner/CompositeWorkItem.cs:82)
UnityEngine.TestRunner.NUnitExtensions.Runner.CompositeWorkItem/<RunChildren>d__17:MoveNext () (at ./Library/PackageCache/com.unity.test-framework@629486125cfc/UnityEngine.TestRunner/NUnitExtensions/Runner/CompositeWorkItem.cs:207)
UnityEngine.TestRunner.NUnitExtensions.Runner.CompositeWorkItem/<PerformWork>d__13:MoveNext () (at ./Library/PackageCache/com.unity.test-framework@629486125cfc/UnityEngine.TestRunner/NUnitExtensions/Runner/CompositeWorkItem.cs:82)
UnityEditor.TestTools.TestRunner.EditModeRunner:MoveNextAndUpdateYieldObject () (at ./Library/PackageCache/com.unity.test-framework@629486125cfc/UnityEditor.TestRunner/TestRunner/EditModeRunner.cs:167)
UnityEditor.TestTools.TestRunner.EditModeRunner:TestConsumer (UnityEditor.TestTools.TestRunner.TestRunnerStateSerializer) (at ./Library/PackageCache/com.unity.test-framework@629486125cfc/UnityEditor.TestRunner/TestRunner/EditModeRunner.cs:200)
UnityEditor.TestTools.TestRunner.TestRun.Tasks.EditModeRunTask/<Execute>d__1:MoveNext () (at ./Library/PackageCache/com.unity.test-framework@629486125cfc/UnityEditor.TestRunner/TestRun/Tasks/EditModeRunTask.cs:48)
UnityEditor.TestTools.TestRunner.TestRun.TestJobRunner:ExecuteStep () (at ./Library/PackageCache/com.unity.test-framework@629486125cfc/UnityEditor.TestRunner/TestRun/TestJobRunner.cs:173)
UnityEditor.TestTools.TestRunner.TestRun.TestJobRunner:ExecuteCallback () (at ./Library/PackageCache/com.unity.test-framework@629486125cfc/UnityEditor.TestRunner/TestRun/TestJobRunner.cs:108)
UnityEditor.EditorApplication:Internal_CallUpdateFunctions ()

[./Library/

Failed to set the active render target, ensure that it is a valid render target.
UnityEngine.Debug:ExtractStackTraceNoAlloc (byte*,int,string)
UnityEngine.StackTraceUtility:ExtractStackTrace ()
UnityEngine.Graphics:ExecuteCommandBuffer (UnityEngine.Rendering.CommandBuffer)
UnityEngine.Rendering.RenderGraphModule.RenderGraphDefaultResources:InitDefaultResourcesIfNeeded () (at ./Library/PackageCache/com.unity.render-pipelines.core@6a60abc179f8/Runtime/RenderGraph/RenderGraphDefaultResources.cs:58)
UnityEngine.Rendering.RenderGraphModule.RenderGraphDefaultResources:.ctor () (at ./Library/PackageCache/com.unity.render-pipelines.core@6a60abc179f8/Runtime/RenderGraph/RenderGraphDefaultResources.cs:39)
UnityEngine.Rendering.RenderGraphModule.RenderGraph:.ctor (string) (at ./Library/PackageCache/com.unity.render-pipelines.core@6a60abc179f8/Runtime/RenderGraph/RenderGraph.cs:514)
UnityEngine.Rendering.Universal.UniversalRenderPipeline:.ctor (UnityEngine.Rendering.Universal.UniversalRenderPipelineAsset) (at ./Library/PackageCache/com.unity.render-pipelines.universal@0c5162adfb45/Runtime/UniversalRenderPipeline.cs:275)
UnityEngine.Rendering.Universal.UniversalRenderPipelineAsset:CreatePipeline () (at ./Library/PackageCache/com.unity.render-pipelines.universal@0c5162adfb45/Runtime/Data/UniversalRenderPipelineAsset.cs:809)
UnityEngine.Rendering.RenderPipelineAsset:InternalCreatePipeline ()
UnityEngine.Rendering.RenderPipelineManager:TryPrepareRenderPipeline (UnityEngine.Rendering.RenderPipelineAsset)
UnityEngine.Rendering.RenderPipelineManager:DoRenderLoop_Internal (UnityEngine.Rendering.RenderPipelineAsset,intptr,object,Unity.Collections.LowLevel.Unsafe.AtomicSafetyHandle)
UnityEngine.Camera:Render ()
Rustline.Tests.IdentityLightingEquivalenceTests:RenderAndRead (UnityEngine.Camera,UnityEngine.RenderTexture,UnityEngine.Texture2D) (at Assets/Tests/EditMode/IdentityLightingEquivalenceTests.cs:266)
Rustline.Tests.IdentityLightingEquivalenceTests:ArtShowcase_IdentityGlobalLightAndUnlitRenderExactlyEqual () (at Assets/Tests/EditMode/IdentityLightingEquivalenceTests.cs:153)
System.Reflection.RuntimeMethodInfo:Invoke (object,System.Reflection.BindingFlags,System.Reflection.Binder,object[],System.Globalization.CultureInfo)
System.Reflection.MethodBase:Invoke (object,object[])
NUnit.Framework.Internal.Reflect:InvokeMethod (System.Reflection.MethodInfo,object,object[])
NUnit.Framework.Internal.MethodWrapper:Invoke (object,object[])
NUnit.Framework.Internal.Commands.TestMethodCommand:RunNonAsyncTestMethod (NUnit.Framework.Internal.ITestExecutionContext)
NUnit.Framework.Internal.Commands.TestMethodCommand:RunTestMethod (NUnit.Framework.Internal.ITestExecutionContext)
NUnit.Framework.Internal.Commands.TestMethodCommand:Execute (NUnit.Framework.Internal.ITestExecutionContext)
UnityEngine.TestTools.UnityTestMethodCommand:Execute (NUnit.Framework.Internal.ITestExecutionContext) (at ./Library/PackageCache/com.unity.test-framework@629486125cfc/UnityEngine.TestRunner/NUnitExtensions/Commands/UnityTestMethodCommand.cs:19)
UnityEngine.TestRunner.NUnitExtensions.Runner.UnityLogCheckDelegatingCommand/<>c__DisplayClass2_0:<Execute>b__0 () (at ./Library/PackageCache/com.unity.test-framework@629486125cfc/UnityEngine.TestRunner/NUnitExtensions/Runner/UnityLogCheckDelegatingCommand.cs:24)
UnityEngine.TestRunner.NUnitExtensions.Runner.UnityLogCheckDelegatingCommand:CaptureException (NUnit.Framework.Internal.TestResult,System.Action) (at ./Library/PackageCache/com.unity.test-framework@629486125cfc/UnityEngine.TestRunner/NUnitExtensions/Runner/UnityLogCheckDelegatingCommand.cs:72)
UnityEngine.TestRunner.NUnitExtensions.Runner.UnityLogCheckDelegatingCommand:ExecuteAndCheckLog (UnityEngine.TestTools.Logging.LogScope,NUnit.Framework.Internal.TestResult,System.Action) (at ./Library/PackageCache/com.unity.test-framework@629486125cfc/UnityEngine.TestRunner/NUnitExtensions/Runner/UnityLogCheckDelegatingCommand.cs:83)
UnityEngine.TestRunner.NUnitExtensions.Runner.UnityLogCheckDelegatingCommand:Execute (NUnit.Framework.Internal.ITestExecutionContext) (at ./Library/PackageCache/com.unity.test-framework@629486125cfc/UnityEngine.TestRunner/NUnitExtensions/Runner/UnityLogCheckDelegatingCommand.cs:24)
UnityEngine.TestRunner.NUnitExtensions.Runner.UnityLogCheckDelegatingCommand/<ExecuteEnumerable>d__3:MoveNext () (at ./Library/PackageCache/com.unity.test-framework@629486125cfc/UnityEngine.TestRunner/NUnitExtensions/Runner/UnityLogCheckDelegatingCommand.cs:35)
UnityEngine.TestTools.BeforeAfterTestCommandBase`1/<ExecuteEnumerable>d__16<NUnit.Framework.ITestAction>:MoveNext () (at ./Library/PackageCache/com.unity.test-framework@629486125cfc/UnityEngine.TestRunner/NUnitExtensions/Commands/BeforeAfterTestCommandBase.cs:212)
UnityEngine.TestTools.ImmediateEnumerableCommand:Execute (NUnit.Framework.Internal.ITestExecutionContext) (at ./Library/PackageCache/com.unity.test-framework@629486125cfc/UnityEngine.TestRunner/NUnitExtensions/Commands/ImmediateEnumerableCommand.cs:18)
UnityEngine.TestTools.BeforeAfterTestCommandBase`1/<ExecuteEnumerable>d__16<System.Reflection.MethodInfo>:MoveNext () (at ./Library/PackageCache/com.unity.test-framework@629486125cfc/UnityEngine.TestRunner/NUnitExtensions/Commands/BeforeAfterTestCommandBase.cs:219)
UnityEngine.TestTools.BeforeAfterTestCommandBase`1/<ExecuteEnumerable>d__16<System.Reflection.MethodInfo>:MoveNext () (at ./Library/PackageCache/com.unity.test-framework@629486125cfc/UnityEngine.TestRunner/NUnitExtensions/Commands/BeforeAfterTestCommandBase.cs:212)
UnityEngine.TestTools.BeforeAfterTestCommandBase`1/<ExecuteEnumerable>d__16<UnityEngine.TestTools.IOuterUnityTestAction>:MoveNext () (at ./Library/PackageCache/com.unity.test-framework@629486125cfc/UnityEngine.TestRunner/NUnitExtensions/Commands/BeforeAfterTestCommandBase.cs:212)
UnityEngine.TestTools.RetryCommand/<ExecuteEnumerable>d__2:MoveNext () (at ./Library/PackageCache/com.unity.test-framework@629486125cfc/UnityEngine.TestRunner/NUnitExtensions/Commands/RetryCommand.cs:37)
UnityEngine.TestTools.RepeatCommand/<ExecuteEnumerable>d__2:MoveNext () (at ./Library/PackageCache/com.unity.test-framework@629486125cfc/UnityEngine.TestRunner/NUnitExtensions/Commands/RepeatCommand.cs:36)
UnityEngine.TestTools.IgnoreTestCommand/<ExecuteEnumerable>d__3:MoveNext () (at ./Library/PackageCache/com.unity.test-framework@629486125cfc/UnityEngine.TestRunner/NUnitExtensions/Commands/IgnoreTestCommand.cs:42)
UnityEngine.TestTools.StrictCheckCommand/<ExecuteEnumerable>d__2:MoveNext () (at ./Library/PackageCache/com.unity.test-framework@629486125cfc/UnityEngine.TestRunner/NUnitExtensions/Commands/StrictCheckCommand.cs:29)
UnityEngine.TestRunner.NUnitExtensions.Runner.DefaultTestWorkItem/<PerformWork>d__2:MoveNext () (at ./Library/PackageCache/com.unity.test-framework@629486125cfc/UnityEngine.TestRunner/NUnitExtensions/Runner/DefaultTestWorkItem.cs:50)
UnityEngine.TestRunner.NUnitExtensions.Runner.CompositeWorkItem/<RunChildren>d__17:MoveNext () (at ./Library/PackageCache/com.unity.test-framework@629486125cfc/UnityEngine.TestRunner/NUnitExtensions/Runner/CompositeWorkItem.cs:207)
UnityEngine.TestRunner.NUnitExtensions.Runner.CompositeWorkItem/<PerformWork>d__13:MoveNext () (at ./Library/PackageCache/com.unity.test-framework@629486125cfc/UnityEngine.TestRunner/NUnitExtensions/Runner/CompositeWorkItem.cs:82)
UnityEngine.TestRunner.NUnitExtensions.Runner.CompositeWorkItem/<RunChildren>d__17:MoveNext () (at ./Library/PackageCache/com.unity.test-framework@629486125cfc/UnityEngine.TestRunner/NUnitExtensions/Runner/CompositeWorkItem.cs:207)
UnityEngine.TestRunner.NUnitExtensions.Runner.CompositeWorkItem/<PerformWork>d__13:MoveNext () (at ./Library/PackageCache/com.unity.test-framework@629486125cfc/UnityEngine.TestRunner/NUnitExtensions/Runner/CompositeWorkItem.cs:82)
UnityEngine.TestRunner.NUnitExtensions.Runner.CompositeWorkItem/<RunChildren>d__17:MoveNext () (at ./Library/PackageCache/com.unity.test-framework@629486125cfc/UnityEngine.TestRunner/NUnitExtensions/Runner/CompositeWorkItem.cs:207)
UnityEngine.TestRunner.NUnitExtensions.Runner.CompositeWorkItem/<PerformWork>d__13:MoveNext () (at ./Library/PackageCache/com.unity.test-framework@629486125cfc/UnityEngine.TestRunner/NUnitExtensions/Runner/CompositeWorkItem.cs:82)
UnityEngine.TestRunner.NUnitExtensions.Runner.CompositeWorkItem/<RunChildren>d__17:MoveNext () (at ./Library/PackageCache/com.unity.test-framework@629486125cfc/UnityEngine.TestRunner/NUnitExtensions/Runner/CompositeWorkItem.cs:207)
UnityEngine.TestRunner.NUnitExtensions.Runner.CompositeWorkItem/<PerformWork>d__13:MoveNext () (at ./Library/PackageCache/com.unity.test-framework@629486125cfc/UnityEngine.TestRunner/NUnitExtensions/Runner/CompositeWorkItem.cs:82)
UnityEngine.TestRunner.NUnitExtensions.Runner.CompositeWorkItem/<RunChildren>d__17:MoveNext () (at ./Library/PackageCache/com.unity.test-framework@629486125cfc/UnityEngine.TestRunner/NUnitExtensions/Runner/CompositeWorkItem.cs:207)
UnityEngine.TestRunner.NUnitExtensions.Runner.CompositeWorkItem/<PerformWork>d__13:MoveNext () (at ./Library/PackageCache/com.unity.test-framework@629486125cfc/UnityEngine.TestRunner/NUnitExtensions/Runner/CompositeWorkItem.cs:82)
UnityEditor.TestTools.TestRunner.EditModeRunner:MoveNextAndUpdateYieldObject () (at ./Library/PackageCache/com.unity.test-framework@629486125cfc/UnityEditor.TestRunner/TestRunner/EditModeRunner.cs:167)
UnityEditor.TestTools.TestRunner.EditModeRunner:TestConsumer (UnityEditor.TestTools.TestRunner.TestRunnerStateSerializer) (at ./Library/PackageCache/com.unity.test-framework@629486125cfc/UnityEditor.TestRunner/TestRunner/EditModeRunner.cs:200)
UnityEditor.TestTools.TestRunner.TestRun.Tasks.EditModeRunTask/<Execute>d__1:MoveNext () (at ./Library/PackageCache/com.unity.test-framework@629486125cfc/UnityEditor.TestRunner/TestRun/Tasks/EditModeRunTask.cs:48)
UnityEditor.TestTools.TestRunner.TestRun.TestJobRunner:ExecuteStep () (at ./Library/PackageCache/com.unity.test-framework@629486125cfc/UnityEditor.TestRunner/TestRun/TestJobRunner.cs:173)
UnityEditor.TestTools.TestRunner.TestRun.TestJobRunner:ExecuteCallback () (at ./Library/PackageCache/com.unity.test-framework@629486125cfc/UnityEditor.TestRunner/TestRun/TestJobRunner.cs:108)
UnityEditor.EditorApplication:Internal_CallUpdateFunctions ()

[./Library/

Crash!!!
SymInit: Symbol-SearchPath: 'C:/Program Files/Unity/Hub/Editor/6000.4.0f1/Editor/Data/Mono;.;C:\Projetos\Github\rustline;C:\Projetos\Github\rustline\Library\BurstCache\JIT;C:\Program Files\Unity\Hub\Editor\6000.4.0f1\Editor;C:\WINDOWS;C:\WINDOWS\system32;', symOptions: 534, UserName: 'pedro'
OS-Version: 10.0.0
C:\Program Files\Unity\Hub\Editor\6000.4.0f1\Editor\Unity.exe:Unity.exe (00007FF6D79C0000), size: 290816 (result: 0), SymType: '-deferred-', PDB: '', fileVersion: 6000.4.0.62614
C:\WINDOWS\SYSTEM32\ntdll.dll:ntdll.dll (00007FFE89F00000), size: 2514944 (result: 0), SymType: '-deferred-', PDB: '', fileVersion: 10.0.26100.8972
C:\WINDOWS\System32\KERNEL32.DLL:KERNEL32.DLL (00007FFE88310000), size: 823296 (result: 0), SymType: '-deferred-', PDB: '', fileVersion: 10.0.26100.9168
C:\WINDOWS\System32\KERNELBASE.dll:KERNELBASE.dll (00007FFE874B0000), size: 4190208 (result: 0), SymType: '-deferred-', PDB: '', fileVersion: 10.0.26100.9168
C:\WINDOWS\System32\USER32.dll:USER32.dll (00007FFE89CF0000), size: 1859584 (result: 0), SymType: '-deferred-', PDB: '', fileVersion: 10.0.26100.8972
C:\WINDOWS\System32\win32u.dll:win32u.dll (00007FFE878C0000), size: 159744 (result: 0), SymType: '-deferred-', PDB: '', fileVersion: 10.0.26100.9168
C:\WINDOWS\System32\GDI32.dll:GDI32.dll (00007FFE881E0000), size: 176128 (result: 0), SymType: '-deferred-', PDB: '', fileVersion: 10.0.26100.8328
C:\WINDOWS\System32\gdi32full.dll:gdi32full.dll (00007FFE87B00000), size: 1216512 (result: 0), SymType: '-deferred-', PDB: '', fileVersion: 10.0.26100.9168
C:\WINDOWS\System32\msvcp_win.dll:msvcp_win.dll (00007FFE872A0000), size: 667648 (result: 0), SymType: '-deferred-', PDB: '', fileVersion: 10.0.26100.8875
C:\WINDOWS\System32\ucrtbase.dll:ucrtbase.dll (00007FFE87350000), size: 1359872 (result: 0), SymType: '-deferred-', PDB: '', fileVersion: 10.0.26100.8875
C:\WINDOWS\System32\IMM32.DLL:IMM32.DLL (00007FFE89560000), size: 204800 (result: 0), SymType: '-deferred-', PDB: '', fileVersion: 10.0.26100.8521
C:\Program Files\Unity\Hub\Editor\6000.4.0f1\Editor\Unity.dll:Unity.dll (00007FFD87D60000), size: 93548544 (result: 0), SymType: '-deferred-', PDB: '', fileVersion: 6000.4.0.62614
C:\WINDOWS\System32\ADVAPI32.dll:ADVAPI32.dll (00007FFE883E0000), size: 770048 (result: 0), SymType: '-deferred-', PDB: '', fileVersion: 10.0.26100.9168
C:\WINDOWS\System32\msvcrt.dll:msvcrt.dll (00007FFE88210000), size: 692224 (result: 0), SymType: '-deferred-', PDB: '', fileVersion: 7.0.26100.8875
C:\WINDOWS\System32\sechost.dll:sechost.dll (00007FFE87C30000), size: 696320 (result: 0), SymType: '-deferred-', PDB: '', fileVersion: 10.0.26100.9168
C:\WINDOWS\System32\RPCRT4.dll:RPCRT4.dll (00007FFE89BD0000), size: 1146880 (result: 0), SymType: '-deferred-', PDB: '', fileVersion: 10.0.26100.9168
C:\Program Files\Unity\Hub\Editor\6000.4.0f1\Editor\OpenRL.dll:OpenRL.dll (0000000180000000), size: 12779520 (result: 0), SymType: '-deferred-', PDB: '', fileVersion: 1.5.0.2907
C:\WINDOWS\System32\ole32.dll:ole32.dll (00007FFE895B0000), size: 1675264 (result: 0), SymType: '-deferred-', PDB: '', fileVersion: 10.0.26100.8972
C:\Program Files\Unity\Hub\Editor\6000.4.0f1\Editor\libfbxsdk.dll:libfbxsdk.dll (00007FFDDF090000), size: 8019968 (result: 0), SymType: '-deferred-', PDB: '', fileVersion: 2020.3.7.0
C:\WINDOWS\System32\combase.dll:combase.dll (00007FFE87CE0000), size: 3690496 (result: 0), SymType: '-deferred-', PDB: '', fileVersion: 10.0.26100.9168
C:\Program Files\Unity\Hub\Editor\6000.4.0f1\Editor\SketchUpAPI.dll:SketchUpAPI.dll (00007FFDDD250000), size: 8990720 (result: 0), SymType: '-deferred-', PDB: '', fileVersion: 23.0.0.0
C:\WINDOWS\System32\SETUPAPI.dll:SETUPAPI.dll (00007FFE884B0000), size: 4747264 (result: 0), SymType: '-deferred-', PDB: '', fileVersion: 10.0.26100.8972
C:\WINDOWS\System32\SHELL32.dll:SHELL32.dll (00007FFE88D50000), size: 7897088 (result: 0), SymType: '-deferred-', PDB: '', fileVersion: 10.0.26100.9168
C:\Program Files\Unity\Hub\Editor\6000.4.0f1\Editor\s3tcompress.dll:s3tcompress.dll (00007FFE56DE0000), size: 180224 (result: 0), SymType: '-deferred-', PDB: ''
C:\WINDOWS\System32\shcore.dll:shcore.dll (00007FFE89930000), size: 1019904 (result: 0), SymType: '-deferred-', PDB: '', fileVersion: 10.0.26100.9168
C:\WINDOWS\System32\SHLWAPI.dll:SHLWAPI.dll (00007FFE88B20000), size: 417792 (result: 0), SymType: '-deferred-', PDB: '', fileVersion: 10.0.26100.8972
C:\Program Files\Unity\Hub\Editor\6000.4.0f1\Editor\etccompress.dll:etccompress.dll (00007FFDE10A0000), size: 5070848 (result: 0), SymType: '-deferred-', PDB: ''
C:\WINDOWS\System32\CRYPT32.dll:CRYPT32.dll (00007FFE87110000), size: 1564672 (result: 0), SymType: '-deferred-', PDB: '', fileVersion: 10.0.26100.8972
C:\WINDOWS\System32\WS2_32.dll:WS2_32.dll (00007FFE88BC0000), size: 532480 (result: 0), SymType: '-deferred-', PDB: '', fileVersion: 10.0.26100.8972
C:\WINDOWS\System32\WINTRUST.dll:WINTRUST.dll (00007FFE878F0000), size: 536576 (result: 0), SymType: '-deferred-', PDB: '', fileVersion: 10.0.26100.8972
C:\WINDOWS\System32\OLEAUT32.dll:OLEAUT32.dll (00007FFE88C70000), size: 888832 (result: 0), SymType: '-deferred-', PDB: '', fileVersion: 10.0.26100.8972
C:\Program Files\Unity\Hub\Editor\6000.4.0f1\Editor\ispc_texcomp.dll:ispc_texcomp.dll (00007FFDDD090000), size: 1826816 (result: 0), SymType: '-deferred-', PDB: ''
C:\Program Files\Unity\Hub\Editor\6000.4.0f1\Editor\compress_bc7e.dll:compress_bc7e.dll (00007FFE2BF90000), size: 1433600 (result: 0), SymType: '-deferred-', PDB: ''
C:\Program Files\Unity\Hub\Editor\6000.4.0f1\Editor\WinPixEventRuntime.dll:WinPixEventRuntime.dll (00007FFE66890000), size: 57344 (result: 0), SymType: '-deferred-', PDB: '', fileVersion: 1.0.2403.8001
C:\Program Files\Unity\Hub\Editor\6000.4.0f1\Editor\umbraoptimizer64.dll:umbraoptimizer64.dll (00007FFDF46C0000), size: 1187840 (result: 0), SymType: '-deferred-', PDB: ''
C:\WINDOWS\WinSxS\amd64_microsoft.windows.common-controls_6595b64144ccf1df_6.0.26100.8972_none_3e0da176e32f9d4b\COMCTL32.dll:COMCTL32.dll (00007FFE66AF0000), size: 2691072 (result: 0), SymType: '-deferred-', PDB: '', fileVersion: 6.10.26100.8972
C:\WINDOWS\SYSTEM32\d3d11.dll:d3d11.dll (00007FFE7FDB0000), size: 2490368 (result: 0), SymType: '-deferred-', PDB: '', fileVersion: 10.0.26100.8972
C:\WINDOWS\SYSTEM32\bcrypt.dll:bcrypt.dll (00007FFE87000000), size: 172032 (result: 0), SymType: '-deferred-', PDB: '', fileVersion: 10.0.26100.9168
C:\WINDOWS\SYSTEM32\dwmapi.dll:dwmapi.dll (00007FFE818A0000), size: 192512 (result: 0), SymType: '-deferred-', PDB: '', fileVersion: 10.0.26100.8972
C:\WINDOWS\SYSTEM32\d3d12.dll:d3d12.dll (00007FFDC2560000), size: 143360 (result: 0), SymType: '-deferred-', PDB: '', fileVersion: 10.0.26100.8972
C:\WINDOWS\SYSTEM32\HID.DLL:HID.DLL (00007FFE85420000), size: 61440 (result: 0), SymType: '-deferred-', PDB: '', fileVersion: 10.0.26100.1150
C:\WINDOWS\SYSTEM32\dxgi.dll:dxgi.dll (00007FFE81720000), size: 1286144 (result: 0), SymType: '-deferred-', PDB: '', fileVersion: 10.0.26100.9168
C:\WINDOWS\SYSTEM32\IPHLPAPI.DLL:IPHLPAPI.DLL (00007FFE857C0000), size: 208896 (result: 0), SymType: '-deferred-', PDB: '', fileVersion: 10.0.26100.8972
C:\WINDOWS\SYSTEM32\VCRUNTIME140.dll:VCRUNTIME140.dll (00007FFE64DA0000), size: 180224 (result: 0), SymType: '-deferred-', PDB: '', fileVersion: 14.51.36247.0
C:\WINDOWS\SYSTEM32\MSVCP140.dll:MSVCP140.dll (00007FFE64DD0000), size: 643072 (result: 0), SymType: '-deferred-', PDB: '', fileVersion: 14.51.36247.0
C:\WINDOWS\SYSTEM32\VCRUNTIME140_1.dll:VCRUNTIME140_1.dll (00007FFE64D90000), size: 49152 (result: 0), SymType: '-deferred-', PDB: '', fileVersion: 14.51.36247.0
C:\WINDOWS\SYSTEM32\VERSION.dll:VERSION.dll (00007FFE744C0000), size: 45056 (result: 0), SymType: '-deferred-', PDB: '', fileVersion: 10.0.26100.1150
C:\WINDOWS\SYSTEM32\OPENGL32.dll:OPENGL32.dll (00007FFDD72F0000), size: 1097728 (result: 0), SymType: '-deferred-', PDB: '', fileVersion: 10.0.26100.8972
C:\WINDOWS\SYSTEM32\MSVCP100.dll:MSVCP100.dll (0000000069C50000), size: 622592 (result: 0), SymType: '-deferred-', PDB: '', fileVersion: 10.0.40219.325
C:\WINDOWS\SYSTEM32\MSVCR100.dll:MSVCR100.dll (0000000069B70000), size: 860160 (result: 0), SymType: '-deferred-', PDB: '', fileVersion: 10.0.40219.325
C:\Program Files\Unity\Hub\Editor\6000.4.0f1\Editor\SketchUpCommonPreferences.dll:SketchUpCommonPreferences.dll (00007FFE56330000), size: 499712 (result: 0), SymType: '-deferred-', PDB: '', fileVersion: 23.0.0.0
C:\WINDOWS\SYSTEM32\WINHTTP.dll:WINHTTP.dll (00007FFE7D9D0000), size: 1212416 (result: 0), SymType: '-deferred-', PDB: '', fileVersion: 10.0.26100.9168
C:\Program Files\Unity\Hub\Editor\6000.4.0f1\Editor\embree.dll:embree.dll (00007FFDDC0A0000), size: 16711680 (result: 0), SymType: '-deferred-', PDB: '', fileVersion: 2.14.0.0
C:\WINDOWS\SYSTEM32\WINMM.dll:WINMM.dll (00007FFE7ADD0000), size: 221184 (result: 0), SymType: '-deferred-', PDB: '', fileVersion: 10.0.26100.8972
C:\WINDOWS\SYSTEM32\Secur32.dll:Secur32.dll (00007FFE81240000), size: 53248 (result: 0), SymType: '-deferred-', PDB: '', fileVersion: 10.0.26100.7705
C:\WINDOWS\SYSTEM32\GLU32.dll:GLU32.dll (00007FFE3FA30000), size: 184320 (result: 0), SymType: '-deferred-', PDB: '', fileVersion: 10.0.26100.1150
C:\Program Files\Unity\Hub\Editor\6000.4.0f1\Editor\NativeProxyHelper.dll:NativeProxyHelper.dll (00007FFDDBEE0000), size: 1789952 (result: 0), SymType: '-deferred-', PDB: ''
C:\WINDOWS\SYSTEM32\WSOCK32.dll:WSOCK32.dll (00007FFE71340000), size: 40960 (result: 0), SymType: '-deferred-', PDB: '', fileVersion: 10.0.26100.1
C:\WINDOWS\SYSTEM32\powrprof.dll:powrprof.dll (00007FFE86F70000), size: 385024 (result: 0), SymType: '-deferred-', PDB: '', fileVersion: 10.0.26100.3912
C:\Program Files\Unity\Hub\Editor\6000.4.0f1\Editor\tbb.dll:tbb.dll (00007FFE42C60000), size: 303104 (result: 0), SymType: '-deferred-', PDB: '', fileVersion: 2020.3.2022.1111
C:\WINDOWS\SYSTEM32\SSPICLI.DLL:SSPICLI.DLL (00007FFE86090000), size: 299008 (result: 0), SymType: '-deferred-', PDB: '', fileVersion: 10.0.26100.8972
C:\WINDOWS\SYSTEM32\dxcore.dll:dxcore.dll (00007FFE816D0000), size: 282624 (result: 0), SymType: '-deferred-', PDB: '', fileVersion: 10.0.26100.8972
C:\Program Files\Unity\Hub\Editor\6000.4.0f1\Editor\FreeImage.dll:FreeImage.dll (000001A3BE050000), size: 5332992 (result: 0), SymType: '-deferred-', PDB: '', fileVersion: 3.18.0.0
C:\Program Files\Unity\Hub\Editor\6000.4.0f1\Editor\OpenRL_pthread.dll:OpenRL_pthread.dll (000001A3BC9C0000), size: 61440 (result: 0), SymType: '-deferred-', PDB: '', fileVersion: 2.9.0.0
C:\WINDOWS\SYSTEM32\cfgmgr32.DLL:cfgmgr32.DLL (00007FFE86C30000), size: 335872 (result: 0), SymType: '-deferred-', PDB: '', fileVersion: 10.0.26100.8972
C:\WINDOWS\SYSTEM32\MSWSOCK.DLL:MSWSOCK.DLL (00007FFE863B0000), size: 442368 (result: 0), SymType: '-deferred-', PDB: '', fileVersion: 10.0.26100.9168
C:\WINDOWS\SYSTEM32\UMPDC.dll:UMPDC.dll (00007FFE86F50000), size: 86016 (result: 0), SymType: '-deferred-', PDB: '', fileVersion: 10.0.26100.8972
C:\WINDOWS\SYSTEM32\MSASN1.dll:MSASN1.dll (00007FFE867F0000), size: 77824 (result: 0), SymType: '-deferred-', PDB: '', fileVersion: 10.0.26100.8875
C:\WINDOWS\System32\bcryptprimitives.dll:bcryptprimitives.dll (00007FFE87A40000), size: 704512 (result: 0), SymType: '-deferred-', PDB: '', fileVersion: 10.0.26100.9168
C:\WINDOWS\SYSTEM32\kernel.appcore.dll:kernel.appcore.dll (00007FFE85DE0000), size: 110592 (result: 0), SymType: '-deferred-', PDB: '', fileVersion: 10.0.26100.8737
C:\WINDOWS\system32\uxtheme.dll:uxtheme.dll (00007FFE815C0000), size: 688128 (result: 0), SymType: '-deferred-', PDB: '', fileVersion: 10.0.26100.8972
C:\WINDOWS\SYSTEM32\windows.storage.dll:windows.storage.dll (00007FFE84B80000), size: 9023488 (result: 0), SymType: '-deferred-', PDB: '', fileVersion: 10.0.26100.9168
C:\WINDOWS\SYSTEM32\profapi.dll:profapi.dll (00007FFE87030000), size: 167936 (result: 0), SymType: '-deferred-', PDB: '', fileVersion: 10.0.26100.9168
C:\WINDOWS\System32\clbcatq.dll:clbcatq.dll (00007FFE88940000), size: 712704 (result: 0), SymType: '-deferred-', PDB: '', fileVersion: 2001.12.10941.16384
C:\WINDOWS\SYSTEM32\CRYPTSP.dll:CRYPTSP.dll (00007FFE866C0000), size: 110592 (result: 0), SymType: '-deferred-', PDB: '', fileVersion: 10.0.26100.8875
C:\WINDOWS\system32\wbem\wbemprox.dll:wbemprox.dll (00007FFE5D0B0000), size: 73728 (result: 0), SymType: '-deferred-', PDB: '', fileVersion: 10.0.26100.8972
C:\WINDOWS\SYSTEM32\wbemcomn.dll:wbemcomn.dll (00007FFE5D370000), size: 499712 (result: 0), SymType: '-deferred-', PDB: '', fileVersion: 10.0.26100.7920
C:\WINDOWS\system32\IconCodecService.dll:IconCodecService.dll (00007FFE6F590000), size: 45056 (result: 0), SymType: '-deferred-', PDB: '', fileVersion: 10.0.26100.1
C:\WINDOWS\system32\rsaenh.dll:rsaenh.dll (00007FFE85D30000), size: 233472 (result: 0), SymType: '-deferred-', PDB: '', fileVersion: 10.0.26100.7705
C:\WINDOWS\SYSTEM32\WindowsCodecs.dll:WindowsCodecs.dll (00007FFE7F780000), size: 2281472 (result: 0), SymType: '-deferred-', PDB: '', fileVersion: 10.0.26100.9168
C:\WINDOWS\SYSTEM32\CRYPTBASE.dll:CRYPTBASE.dll (00007FFE866A0000), size: 49152 (result: 0), SymType: '-deferred-', PDB: '', fileVersion: 10.0.26100.8875
C:\WINDOWS\System32\imagehlp.dll:imagehlp.dll (00007FFE88B90000), size: 131072 (result: 0), SymType: '-deferred-', PDB: '', fileVersion: 10.0.26100.4202
C:\WINDOWS\System32\netprofm.dll:netprofm.dll (00007FFE7DBC0000), size: 446464 (result: 0), SymType: '-deferred-', PDB: '', fileVersion: 10.0.26100.8972
C:\WINDOWS\system32\wbem\wbemsvc.dll:wbemsvc.dll (00007FFE59F40000), size: 86016 (result: 0), SymType: '-deferred-', PDB: '', fileVersion: 10.0.26100.8972
C:\WINDOWS\System32\npmproxy.dll:npmproxy.dll (00007FFE74470000), size: 102400 (result: 0), SymType: '-deferred-', PDB: '', fileVersion: 10.0.26100.8328
C:\WINDOWS\system32\wbem\fastprox.dll:fastprox.dll (00007FFE59FF0000), size: 999424 (result: 0), SymType: '-deferred-', PDB: '', fileVersion: 10.0.26100.8972
C:\WINDOWS\SYSTEM32\amsi.dll:amsi.dll (00007FFE59830000), size: 118784 (result: 0), SymType: '-deferred-', PDB: '', fileVersion: 10.0.26100.7309
C:\WINDOWS\SYSTEM32\USERENV.dll:USERENV.dll (00007FFE86460000), size: 204800 (result: 0), SymType: '-deferred-', PDB: '', fileVersion: 10.0.26100.9168
C:\ProgramData\Microsoft\Windows Defender\Platform\4.18.26080.3-0\MpOav.dll:MpOav.dll (00007FFE4AF60000), size: 671744 (result: 0), SymType: '-deferred-', PDB: '', fileVersion: 4.18.26080.3
C:\WINDOWS\SYSTEM32\gpapi.dll:gpapi.dll (00007FFE86430000), size: 151552 (result: 0), SymType: '-deferred-', PDB: '', fileVersion: 10.0.26100.8972
C:\Windows\System32\cryptnet.dll:cryptnet.dll (00007FFE71FD0000), size: 241664 (result: 0), SymType: '-deferred-', PDB: '', fileVersion: 10.0.26100.8972
C:\WINDOWS\SYSTEM32\WINNSI.DLL:WINNSI.DLL (00007FFE815A0000), size: 57344 (result: 0), SymType: '-deferred-', PDB: '', fileVersion: 10.0.26100.8875
C:\WINDOWS\System32\NSI.dll:NSI.dll (00007FFE894E0000), size: 40960 (result: 0), SymType: '-deferred-', PDB: '', fileVersion: 10.0.26100.8875
C:\WINDOWS\SYSTEM32\dhcpcsvc6.DLL:dhcpcsvc6.DLL (00007FFE7DB90000), size: 118784 (result: 0), SymType: '-deferred-', PDB: '', fileVersion: 10.0.26100.9168
C:\WINDOWS\SYSTEM32\dhcpcsvc.DLL:dhcpcsvc.DLL (00007FFE7DB00000), size: 151552 (result: 0), SymType: '-deferred-', PDB: '', fileVersion: 10.0.26100.9168
C:\WINDOWS\SYSTEM32\DNSAPI.dll:DNSAPI.dll (00007FFE85860000), size: 1409024 (result: 0), SymType: '-deferred-', PDB: '', fileVersion: 10.0.26100.9168
C:\WINDOWS\SYSTEM32\DSPARSE.dll:DSPARSE.dll (00007FFE86190000), size: 53248 (result: 0), SymType: '-deferred-', PDB: '', fileVersion: 10.0.26100.1
C:\WINDOWS\system32\napinsp.dll:napinsp.dll (00007FFE3F520000), size: 98304 (result: 0), SymType: '-deferred-', PDB: '', fileVersion: 10.0.26100.1150
C:\WINDOWS\System32\winrnr.dll:winrnr.dll (00007FFE3F410000), size: 77824 (result: 0), SymType: '-deferred-', PDB: '', fileVersion: 10.0.26100.8737
C:\WINDOWS\system32\nlansp_c.dll:nlansp_c.dll (00007FFE3F3E0000), size: 139264 (result: 0), SymType: '-deferred-', PDB: '', fileVersion: 10.0.26100.8972
C:\WINDOWS\system32\wshbth.dll:wshbth.dll (00007FFE74A80000), size: 90112 (result: 0), SymType: '-deferred-', PDB: '', fileVersion: 10.0.26100.8875
C:\WINDOWS\System32\fwpuclnt.dll:fwpuclnt.dll (00007FFE7DDB0000), size: 548864 (result: 0), SymType: '-deferred-', PDB: '', fileVersion: 10.0.26100.8972
C:\Windows\System32\rasadhlp.dll:rasadhlp.dll (00007FFE7A630000), size: 45056 (result: 0), SymType: '-deferred-', PDB: '', fileVersion: 10.0.26100.7920
C:\Program Files\Unity\Hub\Editor\6000.4.0f1\Editor\AMDUnityPlugin.DLL:AMDUnityPlugin.DLL (00007FFDE0690000), size: 8843264 (result: 0), SymType: '-deferred-', PDB: ''
C:\Program Files\Unity\Hub\Editor\6000.4.0f1\Editor\NVUnityPlugin.DLL:NVUnityPlugin.DLL (00007FFDF6030000), size: 1642496 (result: 0), SymType: '-deferred-', PDB: ''
C:\Program Files\Unity\Hub\Editor\6000.4.0f1\Editor\Data\Tools\astcenc-avx2.dll:astcenc-avx2.dll (00007FFE667F0000), size: 352256 (result: 0), SymType: '-deferred-', PDB: ''
C:\WINDOWS\SYSTEM32\mfplat.dll:mfplat.dll (00007FFE74EE0000), size: 2244608 (result: 0), SymType: '-deferred-', PDB: '', fileVersion: 10.0.26100.8972
C:\WINDOWS\SYSTEM32\RTWorkQ.DLL:RTWorkQ.DLL (00007FFE7A640000), size: 241664 (result: 0), SymType: '-deferred-', PDB: '', fileVersion: 10.0.26100.8972
C:\WINDOWS\SYSTEM32\mfreadwrite.dll:mfreadwrite.dll (00007FFE57440000), size: 864256 (result: 0), SymType: '-deferred-', PDB: '', fileVersion: 10.0.26100.8972
C:\WINDOWS\SYSTEM32\Mf.dll:Mf.dll (00007FFE7CB80000), size: 622592 (result: 0), SymType: '-deferred-', PDB: '', fileVersion: 10.0.26100.8972
C:\WINDOWS\SYSTEM32\MFCORE.DLL:MFCORE.DLL (00007FFE7AEB0000), size: 4296704 (result: 0), SymType: '-deferred-', PDB: '', fileVersion: 10.0.26100.9168
C:\WINDOWS\SYSTEM32\CompPkgSup.DLL:CompPkgSup.DLL (00007FFE6B330000), size: 204800 (result: 0), SymType: '-deferred-', PDB: '', fileVersion: 10.0.26100.8521
C:\Windows\System32\Windows.Media.dll:Windows.Media.dll (00007FFE58790000), size: 6926336 (result: 0), SymType: '-deferred-', PDB: '', fileVersion: 10.0.26100.8972
C:\Windows\System32\Windows.ApplicationModel.dll:Windows.ApplicationModel.dll (00007FFE5F7F0000), size: 884736 (result: 0), SymType: '-deferred-', PDB: '', fileVersion: 10.0.26100.8972
C:\WINDOWS\SYSTEM32\wintypes.dll:wintypes.dll (00007FFE7E490000), size: 1482752 (result: 0), SymType: '-deferred-', PDB: '', fileVersion: 10.0.26100.9168
C:\Windows\System32\AppXDeploymentClient.dll:AppXDeploymentClient.dll (00007FFE74900000), size: 1511424 (result: 0), SymType: '-deferred-', PDB: '', fileVersion: 10.0.26100.8972
C:\Windows\System32\Windows.StateRepositoryPS.dll:Windows.StateRepositoryPS.dll (00007FFE56AC0000), size: 802816 (result: 0), SymType: '-deferred-', PDB: '', fileVersion: 10.0.26100.8972
C:\WINDOWS\SYSTEM32\windows.staterepositoryclient.dll:windows.staterepositoryclient.dll (00007FFE5A3D0000), size: 278528 (result: 0), SymType: '-deferred-', PDB: '', fileVersion: 10.0.26100.8972
C:\WINDOWS\SYSTEM32\windows.staterepositorycore.dll:windows.staterepositorycore.dll (00007FFE5A420000), size: 126976 (result: 0), SymType: '-deferred-', PDB: '', fileVersion: 10.0.26100.8972
C:\WINDOWS\System32\MMDevApi.dll:MMDevApi.dll (00007FFE7AD20000), size: 679936 (result: 0), SymType: '-deferred-', PDB: '', fileVersion: 10.0.26100.8972
C:\WINDOWS\System32\DEVOBJ.dll:DEVOBJ.dll (00007FFE86C90000), size: 192512 (result: 0), SymType: '-deferred-', PDB: '', fileVersion: 10.0.26100.8972
C:\WINDOWS\SYSTEM32\AUDIOSES.DLL:AUDIOSES.DLL (00007FFE59D10000), size: 1798144 (result: 0), SymType: '-deferred-', PDB: '', fileVersion: 10.0.26100.8972
C:\WINDOWS\SYSTEM32\resourcepolicyclient.dll:resourcepolicyclient.dll (00007FFE842F0000), size: 81920 (result: 0), SymType: '-deferred-', PDB: '', fileVersion: 10.0.26100.8115
C:\WINDOWS\SYSTEM32\opencl.dll:opencl.dll (00007FFE32970000), size: 483328 (result: 0), SymType: '-deferred-', PDB: '', fileVersion: 3.0.6.0
C:\Program Files\Unity\Hub\Editor\6000.4.0f1\Editor\radeonrays.dll:radeonrays.dll (00007FFE32870000), size: 344064 (result: 0), SymType: '-deferred-', PDB: ''
C:\Program Files\Unity\Hub\Editor\6000.4.0f1\Editor\Data\MonoBleedingEdge\EmbedRuntime\mono-2.0-bdwgc.dll:mono-2.0-bdwgc.dll (00007FFDD2D50000), size: 10756096 (result: 0), SymType: '-deferred-', PDB: ''
C:\Program Files\Unity\Hub\Editor\6000.4.0f1\Editor\Data\PlaybackEngines\AppleTVSupport\x64\UnityEditor.iOS.Native.dll:UnityEditor.iOS.Native.dll (00007FFDF5FE0000), size: 303104 (result: 0), SymType: '-deferred-', PDB: ''
C:\Program Files\Unity\Hub\Editor\6000.4.0f1\Editor\Data\PlaybackEngines\iOSSupport\x64\UnityEditor.iOS.Native.dll:UnityEditor.iOS.Native.dll (00007FFDF5F90000), size: 303104 (result: 0), SymType: '-deferred-', PDB: ''
C:\WINDOWS\SYSTEM32\PROPSYS.dll:PROPSYS.dll (00007FFE81420000), size: 999424 (result: 0), SymType: '-deferred-', PDB: '', fileVersion: 7.0.26100.8972
C:\Windows\System32\Windows.FileExplorer.Common.dll:Windows.FileExplorer.Common.dll (00007FFE57180000), size: 782336 (result: 0), SymType: '-deferred-', PDB: '', fileVersion: 10.0.26100.8972
C:\Windows\System32\urlmon.dll:urlmon.dll (00007FFE62970000), size: 1953792 (result: 0), SymType: '-deferred-', PDB: '', fileVersion: 11.0.26100.8972
C:\Windows\System32\iertutil.dll:iertutil.dll (00007FFE626A0000), size: 2899968 (result: 0), SymType: '-deferred-', PDB: '', fileVersion: 11.0.26100.8972
C:\Windows\System32\srvcli.dll:srvcli.dll (00007FFE61040000), size: 167936 (result: 0), SymType: '-deferred-', PDB: '', fileVersion: 10.0.26100.1150
C:\Windows\System32\netutils.dll:netutils.dll (00007FFE85710000), size: 53248 (result: 0), SymType: '-deferred-', PDB: '', fileVersion: 10.0.26100.1882
C:\WINDOWS\SYSTEM32\virtdisk.dll:virtdisk.dll (00007FFE5F8D0000), size: 94208 (result: 0), SymType: '-deferred-', PDB: '', fileVersion: 10.0.26100.8972
C:\WINDOWS\SYSTEM32\apphelp.dll:apphelp.dll (00007FFE81190000), size: 651264 (result: 0), SymType: '-deferred-', PDB: '', fileVersion: 10.0.26100.9168
C:\WINDOWS\system32\NetworkExplorer.dll:NetworkExplorer.dll (00007FFE570C0000), size: 110592 (result: 0), SymType: '-deferred-', PDB: '', fileVersion: 10.0.26100.8115
C:\WINDOWS\SYSTEM32\edputil.dll:edputil.dll (00007FFE679E0000), size: 167936 (result: 0), SymType: '-deferred-', PDB: '', fileVersion: 10.0.26100.8115
C:\Windows\System32\cldapi.dll:cldapi.dll (00007FFE56A80000), size: 196608 (result: 0), SymType: '-deferred-', PDB: '', fileVersion: 10.0.26100.9168
C:\WINDOWS\SYSTEM32\Wldp.dll:Wldp.dll (00007FFE86780000), size: 434176 (result: 0), SymType: '-deferred-', PDB: '', fileVersion: 10.0.26100.8972
C:\Projetos\Github\rustline\Library\PackageCache\com.unity.burst@07790c2d06d9\.Runtime\MonoDebuggerHandling.dll:MonoDebuggerHandling.dll (00007FFDC8A20000), size: 368640 (result: 0), SymType: '-deferred-', PDB: ''
C:\WINDOWS\System32\MSCTF.dll:MSCTF.dll (00007FFE88070000), size: 1429504 (result: 0), SymType: '-deferred-', PDB: '', fileVersion: 10.0.26100.8972
C:\WINDOWS\system32\explorerframe.dll:explorerframe.dll (00007FFE23F30000), size: 3215360 (result: 0), SymType: '-deferred-', PDB: '', fileVersion: 10.0.26100.8972
C:\WINDOWS\SYSTEM32\TextShaping.dll:TextShaping.dll (00007FFE5D980000), size: 745472 (result: 0), SymType: '-deferred-', PDB: '', fileVersion: 10.0.26100.8972
C:\WINDOWS\SYSTEM32\textinputframework.dll:textinputframework.dll (00007FFE5DD90000), size: 1335296 (result: 0), SymType: '-deferred-', PDB: '', fileVersion: 10.0.26100.8972
C:\WINDOWS\SYSTEM32\CoreMessaging.dll:CoreMessaging.dll (00007FFE80CD0000), size: 1224704 (result: 0), SymType: '-deferred-', PDB: '', fileVersion: 10.0.26100.8972
C:\WINDOWS\SYSTEM32\CoreUIComponents.dll:CoreUIComponents.dll (00007FFE7D420000), size: 3031040 (result: 0), SymType: '-deferred-', PDB: '', fileVersion: 10.0.26100.9168
C:\WINDOWS\system32\Oleacc.dll:Oleacc.dll (00007FFE48050000), size: 479232 (result: 0), SymType: '-deferred-', PDB: '', fileVersion: 7.2.26100.8972
C:\Projetos\Github\rustline\Library\PackageCache\com.unity.burst@07790c2d06d9\.Runtime\burst-llvm-19.dll:burst-llvm-19.dll (00007FFD7AC40000), size: 59863040 (result: 0), SymType: '-deferred-', PDB: ''
C:\Projetos\Github\rustline\Library\BurstCache\JIT\3687ff0ca987da9f1f0e864554143590.dll:3687ff0ca987da9f1f0e864554143590.dll (00007FFE38910000), size: 57344 (result: 0), SymType: '-deferred-', PDB: ''
C:\Projetos\Github\rustline\Library\BurstCache\JIT\87c0cc1c4c1683d1c129572b60eae0e8.dll:87c0cc1c4c1683d1c129572b60eae0e8.dll (00007FFDC8640000), size: 561152 (result: 0), SymType: '-deferred-', PDB: ''
C:\Projetos\Github\rustline\Library\BurstCache\JIT\38b7fbb3a103888696abc270999f068a.dll:38b7fbb3a103888696abc270999f068a.dll (00007FFDC85F0000), size: 319488 (result: 0), SymType: '-deferred-', PDB: ''
C:\Projetos\Github\rustline\Library\BurstCache\JIT\6fd20eaf9495c096e66c5525da7f2325.dll:6fd20eaf9495c096e66c5525da7f2325.dll (00007FFDC89F0000), size: 172032 (result: 0), SymType: '-deferred-', PDB: ''
C:\Projetos\Github\rustline\Library\BurstCache\JIT\2352d044c0c2a9ab03cea500a2126e57.dll:2352d044c0c2a9ab03cea500a2126e57.dll (00007FFDC85C0000), size: 192512 (result: 0), SymType: '-deferred-', PDB: ''
C:\Projetos\Github\rustline\Library\BurstCache\JIT\9b1c5d7a084bbc2d27155fc2d9f166f3.dll:9b1c5d7a084bbc2d27155fc2d9f166f3.dll (00007FFDC85A0000), size: 110592 (result: 0), SymType: '-deferred-', PDB: ''
C:\Projetos\Github\rustline\Library\BurstCache\JIT\777cdcf0459fd4942936fc202fb78949.dll:777cdcf0459fd4942936fc202fb78949.dll (00007FFDC8580000), size: 110592 (result: 0), SymType: '-deferred-', PDB: ''
C:\Projetos\Github\rustline\Library\BurstCache\JIT\ad3c325f43e1fe7fb6f0a957a74d35ed.dll:ad3c325f43e1fe7fb6f0a957a74d35ed.dll (00007FFDC7F90000), size: 106496 (result: 0), SymType: '-deferred-', PDB: ''
C:\Projetos\Github\rustline\Library\BurstCache\JIT\b0472b80ddb3aff8ccc09210c14c1f83.dll:b0472b80ddb3aff8ccc09210c14c1f83.dll (00007FFDC4C00000), size: 397312 (result: 0), SymType: '-deferred-', PDB: ''
C:\Projetos\Github\rustline\Library\BurstCache\JIT\d57fc30a8686cad495627f283ea0653c.dll:d57fc30a8686cad495627f283ea0653c.dll (00007FFE386B0000), size: 20480 (result: 0), SymType: '-deferred-', PDB: ''
C:\Projetos\Github\rustline\Library\BurstCache\JIT\ad5ae59bd8f0d780f693a664487215c8.dll:ad5ae59bd8f0d780f693a664487215c8.dll (00007FFDC7F60000), size: 151552 (result: 0), SymType: '-deferred-', PDB: ''
C:\Projetos\Github\rustline\Library\BurstCache\JIT\54568ae11c94c9fda5665f72d214b2b8.dll:54568ae11c94c9fda5665f72d214b2b8.dll (00007FFE38540000), size: 40960 (result: 0), SymType: '-deferred-', PDB: ''
C:\Projetos\Github\rustline\Library\BurstCache\JIT\b52611b8457057a1acb00a034c222ee3.dll:b52611b8457057a1acb00a034c222ee3.dll (00007FFDC7F40000), size: 77824 (result: 0), SymType: '-deferred-', PDB: ''
C:\Projetos\Github\rustline\Library\BurstCache\JIT\973e666573eb6dad83174044ce64e730.dll:973e666573eb6dad83174044ce64e730.dll (00007FFDC4BE0000), size: 69632 (result: 0), SymType: '-deferred-', PDB: ''
C:\Projetos\Github\rustline\Library\BurstCache\JIT\d716eac4a73a06197158de6f37a03aed.dll:d716eac4a73a06197158de6f37a03aed.dll (00007FFE37310000), size: 36864 (result: 0), SymType: '-deferred-', PDB: ''
C:\Projetos\Github\rustline\Library\BurstCache\JIT\34f93b0f7fe2d9626f8a8e59ca66429f.dll:34f93b0f7fe2d9626f8a8e59ca66429f.dll (00007FFDC4BC0000), size: 122880 (result: 0), SymType: '-deferred-', PDB: ''
C:\Projetos\Github\rustline\Library\BurstCache\JIT\082a227844addd38b0c6107ebce80500.dll:082a227844addd38b0c6107ebce80500.dll (00007FFE372E0000), size: 24576 (result: 0), SymType: '-deferred-', PDB: ''
C:\Projetos\Github\rustline\Library\BurstCache\JIT\58b849b448a6839c9d0621bbc7bb8612.dll:58b849b448a6839c9d0621bbc7bb8612.dll (00007FFE355F0000), size: 36864 (result: 0), SymType: '-deferred-', PDB: ''
C:\Projetos\Github\rustline\Library\BurstCache\JIT\404680136650a7b650ae7407ceb4abe9.dll:404680136650a7b650ae7407ceb4abe9.dll (00007FFDC4B60000), size: 352256 (result: 0), SymType: '-deferred-', PDB: ''
C:\Projetos\Github\rustline\Library\BurstCache\JIT\041f262381707399cc5c5697b880cac5.dll:041f262381707399cc5c5697b880cac5.dll (00007FFDC4B00000), size: 389120 (result: 0), SymType: '-deferred-', PDB: ''
C:\WINDOWS\SYSTEM32\dbghelp.dll:dbghelp.dll (00007FFE846A0000), size: 2367488 (result: 0), SymType: '-deferred-', PDB: '', fileVersion: 10.0.26100.8328

========== OUTPUTTING STACK TRACE ==================

0x00007FFD8AA7F82F (Unity) GfxDevice::DrawSharedGeometryJobs
0x00007FFD8A7BE1D1 (Unity) GfxDeviceClient::DrawSharedGeometryJobs
0x00007FFD89D2E8D0 (Unity) TilemapRendererJobs::TilemapRendererGeometryJob::Schedule
0x00007FFD89D2DF21 (Unity) TilemapRendererJobs::RenderMultiple
0x00007FFD8AF24089 (Unity) BatchRenderer::RenderBatch
0x00007FFD8AF1FC25 (Unity) BatchRenderer::Flush
0x00007FFD8AD21DF6 (Unity) ScriptableRenderLoopDraw
0x00007FFD8AD230E2 (Unity) ScriptableRenderLoopJob
0x00007FFD8AA80703 (Unity) GfxDevice::ExecuteAsync
0x00007FFD8A7BFC39 (Unity) GfxDeviceClient::ExecuteAsync
0x00007FFD8AD1FCF3 (Unity) ScheduleRenderJobs
0x00007FFD8AD15F34 (Unity) ExecuteDrawRenderersCommand
0x00007FFD8AD292BB (Unity) ScriptableRenderContext::ExecuteRendererList
0x00007FFD8ADCF69C (Unity) RenderingCommandBuffer::ExecuteCommandBufferWithState
0x00007FFD8ADCEDCA (Unity) RenderingCommandBuffer::ExecuteCommandBuffer
0x00007FFD8AD29EBD (Unity) ScriptableRenderContext::ExecuteScriptableRenderLoop
0x00007FFD8A6469B8 (Unity) ScriptableRenderContext_CUSTOM_Submit_Internal
0x000001A6D618FB34 (Mono JIT Code) (wrapper managed-to-native) UnityEngine.Rendering.ScriptableRenderContext:Submit_Internal (UnityEngine.Rendering.ScriptableRenderContext&)
0x000001A6D618F98B (Mono JIT Code) UnityEngine.Rendering.ScriptableRenderContext:Submit ()
0x000001A6D4F87B8B (Mono JIT Code) [.\Library\PackageCache\com.unity.render-pipelines.universal@0c5162adfb45\Runtime\UniversalRenderPipeline.cs:875] UnityEngine.Rendering.Universal.UniversalRenderPipeline:RenderSingleCamera (UnityEngine.Rendering.ScriptableRenderContext,UnityEngine.Rendering.Universal.UniversalCameraData) 
0x000001A6D4F38FBB (Mono JIT Code) [.\Library\PackageCache\com.unity.render-pipelines.universal@0c5162adfb45\Runtime\UniversalRenderPipeline.cs:1078] UnityEngine.Rendering.Universal.UniversalRenderPipeline:RenderCameraStack (UnityEngine.Rendering.ScriptableRenderContext,UnityEngine.Camera,bool) 
0x000001A6D4F098CB (Mono JIT Code) [.\Library\PackageCache\com.unity.render-pipelines.universal@0c5162adfb45\Runtime\UniversalRenderPipeline.cs:483] UnityEngine.Rendering.Universal.UniversalRenderPipeline:Render (UnityEngine.Rendering.ScriptableRenderContext,System.Collections.Generic.List`1<UnityEngine.Camera>) 
0x000001A6D4F08B7C (Mono JIT Code) UnityEngine.Rendering.RenderPipeline:InternalRender (UnityEngine.Rendering.ScriptableRenderContext,System.Collections.Generic.List`1<UnityEngine.Camera>)
0x000001A6B2866F83 (Mono JIT Code) UnityEngine.Rendering.RenderPipelineManager:DoRenderLoop_Internal (UnityEngine.Rendering.RenderPipelineAsset,intptr,object,Unity.Collections.LowLevel.Unsafe.AtomicSafetyHandle)
0x000001A6B28675D5 (Mono JIT Code) (wrapper runtime-invoke) <Module>:runtime_invoke_void_object_intptr_object_AtomicSafetyHandle (object,intptr,intptr,intptr)
0x00007FFDD2FD6C0E (mono-2.0-bdwgc) [C:\build\output\Unity-Technologies\mono\mono\mini\mini-runtime.c:3445] mono_jit_runtime_invoke 
0x00007FFDD2F18984 (mono-2.0-bdwgc) [C:\build\output\Unity-Technologies\mono\mono\metadata\object.c:3068] do_runtime_invoke 
0x00007FFDD2F18A70 (mono-2.0-bdwgc) [C:\build\output\Unity-Technologies\mono\mono\metadata\object.c:3115] mono_runtime_invoke 
0x00007FFD8A997EC5 (Unity) scripting_method_invoke
0x00007FFD8A9C066E (Unity) ScriptingInvocation::Invoke
0x00007FFD8A9BBEC5 (Unity) ScriptingInvocation::Invoke<void>
0x00007FFD8A89CC65 (Unity) Scripting::UnityEngine::Rendering::RenderPipelineManagerProxy::DoRenderLoop_Internal
0x00007FFD8AD2B734 (Unity) ScriptableRenderContext::ExtractAndExecuteRenderPipeline
0x00007FFD8AFD5427 (Unity) Camera::CustomRenderWithPipeline
0x00007FFD8AFE2B84 (Unity) Camera::StandaloneCustomRender
0x00007FFD8AFE2E60 (Unity) Camera::StandaloneRender
0x00007FFD8AFDC79F (Unity) CameraScripting::Render
0x00007FFD8A6AB9A9 (Unity) Camera_CUSTOM_Render
0x000001A6B2866AA2 (Mono JIT Code) (wrapper managed-to-native) UnityEngine.Camera:Render_Injected (intptr)
0x000001A6B2866953 (Mono JIT Code) UnityEngine.Camera:Render ()
0x000001A6B28662FB (Mono JIT Code) [C:\Projetos\Github\rustline\Assets\Tests\EditMode\IdentityLightingEquivalenceTests.cs:266] Rustline.Tests.IdentityLightingEquivalenceTests:RenderAndRead (UnityEngine.Camera,UnityEngine.RenderTexture,UnityEngine.Texture2D) 
0x000001A6B28019F3 (Mono JIT Code) [C:\Projetos\Github\rustline\Assets\Tests\EditMode\IdentityLightingEquivalenceTests.cs:153] Rustline.Tests.IdentityLightingEquivalenceTests:ArtShowcase_IdentityGlobalLightAndUnlitRenderExactlyEqual () 
0x000001A6B278B418 (Mono JIT Code) (wrapper runtime-invoke) object:runtime_invoke_void__this__ (object,intptr,intptr,intptr)
0x00007FFDD2FD6C0E (mono-2.0-bdwgc) [C:\build\output\Unity-Technologies\mono\mono\mini\mini-runtime.c:3445] mono_jit_runtime_invoke 
0x00007FFDD2F18984 (mono-2.0-bdwgc) [C:\build\output\Unity-Technologies\mono\mono\metadata\object.c:3068] do_runtime_invoke 
0x00007FFDD2F1FA36 (mono-2.0-bdwgc) [C:\build\output\Unity-Technologies\mono\mono\metadata\object.c:5774] mono_runtime_try_invoke_array 
0x00007FFDD2E519F1 (mono-2.0-bdwgc) [C:\build\output\Unity-Technologies\mono\mono\metadata\icall.c:4038] ves_icall_InternalInvoke 
0x00007FFDD2E77DB1 (mono-2.0-bdwgc) [C:\build\output\Unity-Technologies\mono\mono\metadata\icall-def.h:692] ves_icall_InternalInvoke_raw 
0x000001A5D3E20DA2 (Mono JIT Code) (wrapper managed-to-native) System.Reflection.RuntimeMethodInfo:InternalInvoke (System.Reflection.RuntimeMethodInfo,object,object[],System.Exception&)
0x000001A5D3E1EA63 (Mono JIT Code) System.Reflection.RuntimeMethodInfo:Invoke (object,System.Reflection.BindingFlags,System.Reflection.Binder,object[],System.Globalization.CultureInfo)
0x000001A5D1C7262F (Mono JIT Code) System.Reflection.MethodBase:Invoke (object,object[])
0x000001A6B2797653 (Mono JIT Code) NUnit.Framework.Internal.Reflect:InvokeMethod (System.Reflection.MethodInfo,object,object[])
0x000001A6B27971AB (Mono JIT Code) NUnit.Framework.Internal.MethodWrapper:Invoke (object,object[])
0x000001A6B279708A (Mono JIT Code) NUnit.Framework.Internal.Commands.TestMethodCommand:RunNonAsyncTestMethod (NUnit.Framework.Internal.ITestExecutionContext)
0x000001A6B2796ED3 (Mono JIT Code) NUnit.Framework.Internal.Commands.TestMethodCommand:RunTestMethod (NUnit.Framework.Internal.ITestExecutionContext)
0x000001A6B2796A73 (Mono JIT Code) NUnit.Framework.Internal.Commands.TestMethodCommand:Execute (NUnit.Framework.Internal.ITestExecutionContext)
0x000001A6B279666B (Mono JIT Code) [.\Library\PackageCache\com.unity.test-framework@629486125cfc\UnityEngine.TestRunner\NUnitExtensions\Commands\UnityTestMethodCommand.cs:19] UnityEngine.TestTools.UnityTestMethodCommand:Execute (NUnit.Framework.Internal.ITestExecutionContext) 
0x000001A6B27963FB (Mono JIT Code) [.\Library\PackageCache\com.unity.test-framework@629486125cfc\UnityEngine.TestRunner\NUnitExtensions\Runner\UnityLogCheckDelegatingCommand.cs:24] UnityEngine.TestRunner.NUnitExtensions.Runner.UnityLogCheckDelegatingCommand/<>c__DisplayClass2_0:<Execute>b__0 () 
0x000001A6B2796223 (Mono JIT Code) [.\Library\PackageCache\com.unity.test-framework@629486125cfc\UnityEngine.TestRunner\NUnitExtensions\Runner\UnityLogCheckDelegatingCommand.cs:72] UnityEngine.TestRunner.NUnitExtensions.Runner.UnityLogCheckDelegatingCommand:CaptureException (NUnit.Framework.Internal.TestResult,System.Action) 
0x000001A6B27960B3 (Mono JIT Code) [.\Library\PackageCache\com.unity.test-framework@629486125cfc\UnityEngine.TestRunner\NUnitExtensions\Runner\UnityLogCheckDelegatingCommand.cs:83] UnityEngine.TestRunner.NUnitExtensions.Runner.UnityLogCheckDelegatingCommand:ExecuteAndCheckLog (UnityEngine.TestTools.Logging.LogScope,NUnit.Framework.Internal.TestResult,System.Action) 
0x000001A6B2795D3B (Mono JIT Code) [.\Library\PackageCache\com.unity.test-framework@629486125cfc\UnityEngine.TestRunner\NUnitExtensions\Runner\UnityLogCheckDelegatingCommand.cs:24] UnityEngine.TestRunner.NUnitExtensions.Runner.UnityLogCheckDelegatingCommand:Execute (NUnit.Framework.Internal.ITestExecutionContext) 
0x000001A6B2794D19 (Mono JIT Code) [.\Library\PackageCache\com.unity.test-framework@629486125cfc\UnityEngine.TestRunner\NUnitExtensions\Runner\UnityLogCheckDelegatingCommand.cs:35] UnityEngine.TestRunner.NUnitExtensions.Runner.UnityLogCheckDelegatingCommand/<ExecuteEnumerable>d__3:MoveNext () 
0x000001A6B2779671 (Mono JIT Code) [.\Library\PackageCache\com.unity.test-framework@629486125cfc\UnityEngine.TestRunner\NUnitExtensions\Commands\BeforeAfterTestCommandBase.cs:212] UnityEngine.TestTools.BeforeAfterTestCommandBase`1/<ExecuteEnumerable>d__16<T_REF>:MoveNext () 
0x000001A6B27940BE (Mono JIT Code) [.\Library\PackageCache\com.unity.test-framework@629486125cfc\UnityEngine.TestRunner\NUnitExtensions\Commands\ImmediateEnumerableCommand.cs:18] UnityEngine.TestTools.ImmediateEnumerableCommand:Execute (NUnit.Framework.Internal.ITestExecutionContext) 
0x000001A6B2779771 (Mono JIT Code) [.\Library\PackageCache\com.unity.test-framework@629486125cfc\UnityEngine.TestRunner\NUnitExtensions\Commands\BeforeAfterTestCommandBase.cs:219] UnityEngine.TestTools.BeforeAfterTestCommandBase`1/<ExecuteEnumerable>d__16<T_REF>:MoveNext () 
0x000001A6B2779671 (Mono JIT Code) [.\Library\PackageCache\com.unity.test-framework@629486125cfc\UnityEngine.TestRunner\NUnitExtensions\Commands\BeforeAfterTestCommandBase.cs:212] UnityEngine.TestTools.BeforeAfterTestCommandBase`1/<ExecuteEnumerable>d__16<T_REF>:MoveNext () 
0x000001A6B2779671 (Mono JIT Code) [.\Library\PackageCache\com.unity.test-framework@629486125cfc\UnityEngine.TestRunner\NUnitExtensions\Commands\BeforeAfterTestCommandBase.cs:212] UnityEngine.TestTools.BeforeAfterTestCommandBase`1/<ExecuteEnumerable>d__16<T_REF>:MoveNext () 
0x000001A6B2792EEF (Mono JIT Code) [.\Library\PackageCache\com.unity.test-framework@629486125cfc\UnityEngine.TestRunner\NUnitExtensions\Commands\RetryCommand.cs:37] UnityEngine.TestTools.RetryCommand/<ExecuteEnumerable>d__2:MoveNext () 
0x000001A6B27919CF (Mono JIT Code) [.\Library\PackageCache\com.unity.test-framework@629486125cfc\UnityEngine.TestRunner\NUnitExtensions\Commands\RepeatCommand.cs:36] UnityEngine.TestTools.RepeatCommand/<ExecuteEnumerable>d__2:MoveNext () 
0x000001A6B2790A4E (Mono JIT Code) [.\Library\PackageCache\com.unity.test-framework@629486125cfc\UnityEngine.TestRunner\NUnitExtensions\Commands\IgnoreTestCommand.cs:42] UnityEngine.TestTools.IgnoreTestCommand/<ExecuteEnumerable>d__3:MoveNext () 
0x000001A6B278EB07 (Mono JIT Code) [.\Library\PackageCache\com.unity.test-framework@629486125cfc\UnityEngine.TestRunner\NUnitExtensions\Commands\StrictCheckCommand.cs:29] UnityEngine.TestTools.StrictCheckCommand/<ExecuteEnumerable>d__2:MoveNext () 
0x000001A6B278DE79 (Mono JIT Code) [.\Library\PackageCache\com.unity.test-framework@629486125cfc\UnityEngine.TestRunner\NUnitExtensions\Runner\DefaultTestWorkItem.cs:50] UnityEngine.TestRunner.NUnitExtensions.Runner.DefaultTestWorkItem/<PerformWork>d__2:MoveNext () 
0x000001A6B277D682 (Mono JIT Code) [.\Library\PackageCache\com.unity.test-framework@629486125cfc\UnityEngine.TestRunner\NUnitExtensions\Runner\CompositeWorkItem.cs:207] UnityEngine.TestRunner.NUnitExtensions.Runner.CompositeWorkItem/<RunChildren>d__17:MoveNext () 
0x000001A6B27710D6 (Mono JIT Code) [.\Library\PackageCache\com.unity.test-framework@629486125cfc\UnityEngine.TestRunner\NUnitExtensions\Runner\CompositeWorkItem.cs:82] UnityEngine.TestRunner.NUnitExtensions.Runner.CompositeWorkItem/<PerformWork>d__13:MoveNext () 
0x000001A6B277D682 (Mono JIT Code) [.\Library\PackageCache\com.unity.test-framework@629486125cfc\UnityEngine.TestRunner\NUnitExtensions\Runner\CompositeWorkItem.cs:207] UnityEngine.TestRunner.NUnitExtensions.Runner.CompositeWorkItem/<RunChildren>d__17:MoveNext () 
0x000001A6B27710D6 (Mono JIT Code) [.\Library\PackageCache\com.unity.test-framework@629486125cfc\UnityEngine.TestRunner\NUnitExtensions\Runner\CompositeWorkItem.cs:82] UnityEngine.TestRunner.NUnitExtensions.Runner.CompositeWorkItem/<PerformWork>d__13:MoveNext () 
0x000001A6B277D682 (Mono JIT Code) [.\Library\PackageCache\com.unity.test-framework@629486125cfc\UnityEngine.TestRunner\NUnitExtensions\Runner\CompositeWorkItem.cs:207] UnityEngine.TestRunner.NUnitExtensions.Runner.CompositeWorkItem/<RunChildren>d__17:MoveNext () 
0x000001A6B27710D6 (Mono JIT Code) [.\Library\PackageCache\com.unity.test-framework@629486125cfc\UnityEngine.TestRunner\NUnitExtensions\Runner\CompositeWorkItem.cs:82] UnityEngine.TestRunner.NUnitExtensions.Runner.CompositeWorkItem/<PerformWork>d__13:MoveNext () 
0x000001A6B277D682 (Mono JIT Code) [.\Library\PackageCache\com.unity.test-framework@629486125cfc\UnityEngine.TestRunner\NUnitExtensions\Runner\CompositeWorkItem.cs:207] UnityEngine.TestRunner.NUnitExtensions.Runner.CompositeWorkItem/<RunChildren>d__17:MoveNext () 
0x000001A6B27710D6 (Mono JIT Code) [.\Library\PackageCache\com.unity.test-framework@629486125cfc\UnityEngine.TestRunner\NUnitExtensions\Runner\CompositeWorkItem.cs:82] UnityEngine.TestRunner.NUnitExtensions.Runner.CompositeWorkItem/<PerformWork>d__13:MoveNext () 
0x000001A6B277D682 (Mono JIT Code) [.\Library\PackageCache\com.unity.test-framework@629486125cfc\UnityEngine.TestRunner\NUnitExtensions\Runner\CompositeWorkItem.cs:207] UnityEngine.TestRunner.NUnitExtensions.Runner.CompositeWorkItem/<RunChildren>d__17:MoveNext () 
0x000001A6B27710D6 (Mono JIT Code) [.\Library\PackageCache\com.unity.test-framework@629486125cfc\UnityEngine.TestRunner\NUnitExtensions\Runner\CompositeWorkItem.cs:82] UnityEngine.TestRunner.NUnitExtensions.Runner.CompositeWorkItem/<PerformWork>d__13:MoveNext () 
0x000001A6B276F24C (Mono JIT Code) [.\Library\PackageCache\com.unity.test-framework@629486125cfc\UnityEditor.TestRunner\TestRunner\EditModeRunner.cs:167] UnityEditor.TestTools.TestRunner.EditModeRunner:MoveNextAndUpdateYieldObject () 
0x000001A6B276EDFB (Mono JIT Code) [.\Library\PackageCache\com.unity.test-framework@629486125cfc\UnityEditor.TestRunner\TestRunner\EditModeRunner.cs:200] UnityEditor.TestTools.TestRunner.EditModeRunner:TestConsumer (UnityEditor.TestTools.TestRunner.TestRunnerStateSerializer) 
0x000001A6B2764C83 (Mono JIT Code) [.\Library\PackageCache\com.unity.test-framework@629486125cfc\UnityEditor.TestRunner\TestRun\Tasks\EditModeRunTask.cs:48] UnityEditor.TestTools.TestRunner.TestRun.Tasks.EditModeRunTask/<Execute>d__1:MoveNext () 
0x000001A6B2670E6E (Mono JIT Code) [.\Library\PackageCache\com.unity.test-framework@629486125cfc\UnityEditor.TestRunner\TestRun\TestJobRunner.cs:173] UnityEditor.TestTools.TestRunner.TestRun.TestJobRunner:ExecuteStep () 
0x000001A6B266F673 (Mono JIT Code) [.\Library\PackageCache\com.unity.test-framework@629486125cfc\UnityEditor.TestRunner\TestRun\TestJobRunner.cs:108] UnityEditor.TestTools.TestRunner.TestRun.TestJobRunner:ExecuteCallback () 
0x000001A6AC8459E1 (Mono JIT Code) UnityEditor.EditorApplication:Internal_CallUpdateFunctions ()
0x000001A5D3E645D5 (Mono JIT Code) (wrapper runtime-invoke) object:runtime_invoke_void (object,intptr,intptr,intptr)
0x00007FFDD2FD6C0E (mono-2.0-bdwgc) [C:\build\output\Unity-Technologies\mono\mono\mini\mini-runtime.c:3445] mono_jit_runtime_invoke 
0x00007FFDD2F18984 (mono-2.0-bdwgc) [C:\build\output\Unity-Technologies\mono\mono\metadata\object.c:3068] do_runtime_invoke 
0x00007FFDD2F18A70 (mono-2.0-bdwgc) [C:\build\output\Unity-Technologies\mono\mono\metadata\object.c:3115] mono_runtime_invoke 
0x00007FFD8A997EC5 (Unity) scripting_method_invoke
0x00007FFD8A9C066E (Unity) ScriptingInvocation::Invoke
0x00007FFD8A9BBEC5 (Unity) ScriptingInvocation::Invoke<void>
0x00007FFD88921041 (Unity) Scripting::UnityEditor::EditorApplicationProxy::Internal_CallUpdateFunctions
0x00007FFD88DCA127 (Unity) SceneTracker::Update
0x00007FFD89247890 (Unity) Application::TickTimer
0x00007FFD88C3C51C (Unity) MainMessageLoop
0x00007FFD88C45083 (Unity) UnityMain
0x00007FF6D79C2F2A (Unity) __scrt_common_main_seh
0x00007FFE8833CCB7 (KERNEL32) BaseThreadInitThunk
0x00007FFE89FAAD6C (ntdll) RtlUserThreadStart

========== END OF STACKTRACE ===========

A crash has been intercepted by the crash handler. For call stack and other details, see the latest crash report generated in:
 * C:/Users/pedro/AppData/Local/Temp/Unity/Editor/Crashes
