[Licensing::Module] Trying to connect to existing licensing client channel...
Built from '6000.4/staging' branch; Version is '6000.4.0f1 (8cf496087c8f) revision 9237654'; Using compiler version '194234433'; Build Type 'Release'
[Licensing::IpcConnector] Successfully connected to: "LicenseClient-pedro" at "2026-09-09T19:31:58.3357427Z"
OS: 'Windows 11  (10.0.26200) CoreSingleLanguage' Language: 'pt' Physical Memory: 32460 MB
BatchMode: 1, IsHumanControllingUs: 0, StartBugReporterOnCrash: 0, Is64bit: 1
System  architecture: x64
Process architecture: x64
Date: 2026-09-09T19:31:58Z

COMMAND LINE ARGUMENTS:
C:\Program Files\Unity\Hub\Editor\6000.4.0f1\Editor\Unity.exe
-batchmode
-nographics
-quit
-projectPath
C:\Projetos\Github\rustline
-executeMethod
Rustline.Editor.RustlineM0ArtSetup.BuildFromCommandLine
-logFile
C:\Projetos\Github\rustline\m0-ledge.log
Successfully changed project path to: C:\Projetos\Github\rustline
C:/Projetos/Github/rustline
[UnityMemory] Configuration Parameters - Can be set up in boot.config
    "memorysetup-temp-allocator-size-gi-baking-worker=262144"
    "memorysetup-temp-allocator-size-gi-baking-worker=262144"
    "memorysetup-temp-allocator-size-gi-baking-worker=262144"
    "memorysetup-temp-allocator-size-gi-baking-worker=262144"
    "memorysetup-temp-allocator-size-gi-baking-worker=262144"
    "memorysetup-temp-allocator-size-nav-mesh-worker=65536"
    "memorysetup-temp-allocator-size-audio-worker=65536"
    "memorysetup-temp-allocator-size-cloud-worker=32768"
    "memorysetup-temp-allocator-size-gfx=262144"
    "memorysetup-temp-allocator-size-preload-manager=33554432"
    "memorysetup-temp-allocator-size-job-worker=262144"
    "memorysetup-temp-allocator-size-background-worker=32768"
    "memorysetup-allocator-temp-initial-block-size-main=262144"
    "memorysetup-allocator-temp-initial-block-size-worker=262144"
    "memorysetup-bucket-allocator-granularity=16"
    "memorysetup-bucket-allocator-bucket-count=8"
    "memorysetup-bucket-allocator-block-size=33554432"
    "memorysetup-bucket-allocator-block-count=8"
    "memorysetup-main-allocator-block-size=16777216"
    "memorysetup-thread-allocator-block-size=16777216"
    "memorysetup-gfx-main-allocator-block-size=16777216"
    "memorysetup-gfx-thread-allocator-block-size=16777216"
    "memorysetup-cache-allocator-block-size=4194304"
    "memorysetup-typetree-allocator-block-size=2097152"
    "memorysetup-profiler-bucket-allocator-granularity=16"
    "memorysetup-profiler-bucket-allocator-bucket-count=8"
    "memorysetup-profiler-bucket-allocator-block-size=33554432"
    "memorysetup-profiler-bucket-allocator-block-count=8"
    "memorysetup-profiler-allocator-block-size=16777216"
    "memorysetup-profiler-editor-allocator-block-size=1048576"
    "memorysetup-temp-allocator-size-main=16777216"
    "memorysetup-job-temp-allocator-block-size=2097152"
    "memorysetup-job-temp-allocator-block-size-background=1048576"
    "memorysetup-job-temp-allocator-reduction-small-platforms=262144"
Player connection [25708]  Target information:

Player connection [25708]  * "[IP] 192.168.56.1 [Port] 55504 [Flags] 2 [Guid] 1617549251 [EditorId] 1617549251 [Version] 1048832 [Id] WindowsEditor(7,HAL) [Debug] 1 [PackageName] WindowsEditor [ProjectName] Editor" 

Player connection [25708]  * "[IP] 172.18.64.1 [Port] 55504 [Flags] 2 [Guid] 1617549251 [EditorId] 1617549251 [Version] 1048832 [Id] WindowsEditor(7,HAL) [Debug] 1 [PackageName] WindowsEditor [ProjectName] Editor" 

Player connection [25708]  * "[IP] 192.168.2.7 [Port] 55504 [Flags] 2 [Guid] 1617549251 [EditorId] 1617549251 [Version] 1048832 [Id] WindowsEditor(7,HAL) [Debug] 1 [PackageName] WindowsEditor [ProjectName] Editor" 

Unable to join player connection multicast group (err: 10013).
Player connection [25708] Host joined alternative multi-casting on [225.0.0.222:34997]...
Input System module state changed to: Initialized.
[Physics::Module] Initialized fallback backend.
[Physics::Module] Id: 0xdecafbad
[Package Manager] Connected to IPC stream "Upm-12780" after 1.1 seconds.
[Licensing::Module] Licensing is not yet initialized.
[Licensing::Client] Error: HandshakeResponse reported an error:
	ResponseCode: 505
	ResponseStatus: Unsupported protocol version '1.18.1'.
[Licensing::Module] Error: Failed to handshake to channel: "LicenseClient-pedro"
[Licensing::IpcConnector] LicenseClient-pedro channel disconnected successfully.
[Licensing::IpcConnector] Channel LicenseClient-pedro-6000.4.0 doesn't exist
[Licensing::Module] Successfully launched the LicensingClient (PId: 11940)
[Licensing::IpcConnector] Successfully connected to: "LicenseClient-pedro-6000.4.0" at "2026-09-09T19:32:01.9929661Z"
[Licensing::Client] Handshaking with LicensingClient:
  Version:                 1.18.1+9fbee8e
  Session Id:              b89221a78c814b44b0ee32b068d80490
  Correlation Id:          9902d3bdf1627de402fe11dd3a659b8d
  External correlation Id: 3273998641958844340
  Machine Id:              bVarEh7pdWlrHNQkjgbo2ZGeDds=
[Licensing::Module] Successfully connected to LicensingClient on channel: "LicenseClient-pedro-6000.4.0" (connect: 0.57s, validation: 0.14s, handshake: 2.26s)
[Licensing::IpcConnector] Successfully connected to: "LicenseClient-pedro-6000.4.0-notifications" at "2026-09-09T19:32:04.394539Z"
[Licensing::Module] Connected to LicensingClient (PId: 11940, launch time: 0.02, total connection time: 2.97s)
[Licensing::Module] Error: Access token is unavailable; failed to update
[Licensing::Client] Successfully resolved entitlement details
[Licensing::Module] License group:
  Id: 4674099990778-UnityPersXXXX
  Product: Unity Personal
  Type: Assigned
  Expiration: Unlimited
[Licensing::Client] Successfully updated license, isAsync: True, time: 0.02
[Licensing::Client] Successfully resolved entitlement details
[Licensing::Module] Licensing Background thread has ended after 6.14s
[Licensing::Module] Licensing is initialized (took 4.11s).
[Licensing::Client] Successfully resolved entitlement details
Library Redirect Path: Library/
[Physics::Module] Selected backend.
[Physics::Module] Name: PhysX
[Physics::Module] Id: 0xf2b8ea05
[Physics::Module] SDK Version: 4.1.2
[Physics::Module] Integration Version: 1.0.0
[Physics::Module] Threading Mode: Multi-Threaded
Active build profile path: `Assets/Settings/Build Profiles/Windows.asset`
Got setting from build profile YAML, name `m_BuildTarget`, value `19`
Got setting from build profile YAML, name `m_Subtarget`, value `2`
Initialize engine version: 6000.4.0f1 (8cf496087c8f)
[Subsystems] Discovering subsystems at path C:/Program Files/Unity/Hub/Editor/6000.4.0f1/Editor/Data/Resources/UnitySubsystems
[Subsystems] Discovering subsystems at path C:/Projetos/Github/rustline/Assets
Forcing GfxDevice: Null
GfxDevice: creating device client; kGfxThreadingModeNonThreaded
NullGfxDevice:
    Version:  NULL 1.0 [1.0]
    Renderer: Null Device
    Vendor:   Unity Technologies
Shader Hidden/ChartRasterizerHardware is not supported: GPU does not support conservative rasterization
Initialize mono
Mono path[0] = 'C:/Program Files/Unity/Hub/Editor/6000.4.0f1/Editor/Data/Managed'
Mono path[1] = 'C:/Program Files/Unity/Hub/Editor/6000.4.0f1/Editor/Data/MonoBleedingEdge/lib/mono/unityjit-win32'
Mono config path = 'C:/Program Files/Unity/Hub/Editor/6000.4.0f1/Editor/Data/MonoBleedingEdge/etc'
Using monoOptions --debugger-agent=transport=dt_socket,embedding=1,server=y,suspend=n,address=127.0.0.1:56780
CodeReloadManager initialized
Using cacheserver namespaces - metadata:defaultmetadata, artifacts:defaultartifacts
Using cacheserver namespaces - metadata:defaultmetadata, artifacts:defaultartifacts
ImportWorker Server TCP listen port: 0
AcceleratorClientConnectionCallback - disconnected - :0
Begin MonoManager ReloadAssembly
Registering precompiled unity dll's ...
Register platform support module: C:/Program Files/Unity/Hub/Editor/6000.4.0f1/Editor/Data/PlaybackEngines/WebGLSupport/UnityEditor.WebGL.Extensions.dll
[Licensing::Client] Successfully resolved entitlement details
Register platform support module: C:/Program Files/Unity/Hub/Editor/6000.4.0f1/Editor/Data/PlaybackEngines/VisionOSPlayer/UnityEditor.VisionOS.Extensions.dll
Register platform support module: C:/Program Files/Unity/Hub/Editor/6000.4.0f1/Editor/Data/PlaybackEngines/WindowsStandaloneSupport/UnityEditor.WindowsStandalone.Extensions.dll
[Licensing::Client] Successfully resolved entitlement details
Register platform support module: C:/Program Files/Unity/Hub/Editor/6000.4.0f1/Editor/Data/PlaybackEngines/AndroidPlayer/UnityEditor.Android.Extensions.dll
Register platform support module: C:/Program Files/Unity/Hub/Editor/6000.4.0f1/Editor/Data/PlaybackEngines/iOSSupport/UnityEditor.iOS.Extensions.dll
Register platform support module: C:/Program Files/Unity/Hub/Editor/6000.4.0f1/Editor/Data/PlaybackEngines/AppleTVSupport/UnityEditor.AppleTV.Extensions.dll
Register platform support module: C:/Program Files/Unity/Hub/Editor/6000.4.0f1/Editor/Data/PlaybackEngines/LinuxStandaloneSupport/UnityEditor.LinuxStandalone.Extensions.dll
Registered in 0.031871 seconds.
Native extension for LinuxStandalone target not found
Native extension for AppleTV target not found
Native extension for iOS target not found
Native extension for Android target not found
Android Extension - Scanning For ADB Devices 2727 ms
Native extension for WindowsStandalone target not found
Failed to load: C:/Program Files/Unity/Hub/Editor/6000.4.0f1/Editor/Data/PlaybackEngines/VisionOSPlayer\x64\UnityEditor.VisionOS.Native.dll
Native extension for VisionOS target not found
Native extension for WebGL target not found
Package Manager log level set to [2]
[Licensing::Client] Successfully resolved entitlement details
ScheduleIndexationOnStartup MainProcess:False IndexOnStartup:True
Mono: successfully reloaded assembly
- Finished resetting the current domain, in  7.480 seconds
Domain Reload Profiling: 8981ms
	BeginReloadAssembly (380ms)
		CreateAndSetChildDomain (21ms)
	RebuildCommonClasses (119ms)
	RebuildNativeTypeToScriptingClass (48ms)
	initialDomainReloadingComplete (259ms)
	LoadAllAssembliesAndSetupDomain (695ms)
		LoadAssemblies (355ms)
		AnalyzeDomain (661ms)
			TypeCache.Refresh (655ms)
				TypeCache.ScanAssembly (620ms)
			ResolveRequiredComponents (3ms)
	FinalizeReload (7480ms)
		SetupLoadedEditorAssemblies (0ms)
			InitializePlatformSupportModulesInManaged (3024ms)
			BeforeProcessingInitializeOnLoad (179ms)
			ProcessInitializeOnLoadAttributes (198ms)
			ProcessInitializeOnLoadMethodAttributes (3861ms)
[Licensing::Client] Successfully resolved entitlement details
Application.AssetDatabase Initial Refresh Start
[Package Manager] Restoring resolved packages state from cache
[Licensing::Client] Successfully resolved entitlement details
[Package Manager] Registered 64 packages:
  Packages from [https://packages.unity.com]:
    com.unity.2d.animation@14.0.3 (location: C:\Projetos\Github\rustline\Library\PackageCache\com.unity.2d.animation@a6f2f1d22eb5)
    com.unity.2d.aseprite@4.0.1 (location: C:\Projetos\Github\rustline\Library\PackageCache\com.unity.2d.aseprite@151b68d46c40)
    com.unity.2d.psdimporter@13.0.2 (location: C:\Projetos\Github\rustline\Library\PackageCache\com.unity.2d.psdimporter@11a0e04e0561)
    com.unity.2d.spriteshape@14.0.1 (location: C:\Projetos\Github\rustline\Library\PackageCache\com.unity.2d.spriteshape@da3647ffbbd7)
    com.unity.2d.tilemap.extras@7.0.1 (location: C:\Projetos\Github\rustline\Library\PackageCache\com.unity.2d.tilemap.extras@66df903b3633)
    com.unity.2d.tooling@2.0.1 (location: C:\Projetos\Github\rustline\Library\PackageCache\com.unity.2d.tooling@baa4133dcff2)
    com.unity.collab-proxy@2.11.4 (location: C:\Projetos\Github\rustline\Library\PackageCache\com.unity.collab-proxy@a5329f833fa8)
    com.unity.ide.rider@3.0.39 (location: C:\Projetos\Github\rustline\Library\PackageCache\com.unity.ide.rider@4504839d03f7)
    com.unity.ide.visualstudio@2.0.27 (location: C:\Projetos\Github\rustline\Library\PackageCache\com.unity.ide.visualstudio@dc1ddd4f09b6)
    com.unity.inputsystem@1.19.0 (location: C:\Projetos\Github\rustline\Library\PackageCache\com.unity.inputsystem@21a28c3a6c83)
    com.unity.timeline@1.8.11 (location: C:\Projetos\Github\rustline\Library\PackageCache\com.unity.timeline@bfd27f8016ff)
    com.unity.visualscripting@1.9.10 (location: C:\Projetos\Github\rustline\Library\PackageCache\com.unity.visualscripting@eb6004dcc707)
    com.unity.2d.common@13.0.1 (location: C:\Projetos\Github\rustline\Library\PackageCache\com.unity.2d.common@49d8bea2bff3)
    com.unity.mathematics@1.3.3 (location: C:\Projetos\Github\rustline\Library\PackageCache\com.unity.mathematics@19a9377c4ffa)
    com.unity.searcher@4.9.4 (location: C:\Projetos\Github\rustline\Library\PackageCache\com.unity.searcher@d45a78918735)
    com.unity.burst@1.8.28 (location: C:\Projetos\Github\rustline\Library\PackageCache\com.unity.burst@07790c2d06d9)
    com.unity.nuget.mono-cecil@1.11.6 (location: C:\Projetos\Github\rustline\Library\PackageCache\com.unity.nuget.mono-cecil@ecb9724e46ff)
    com.unity.test-framework.performance@3.2.0 (location: C:\Projetos\Github\rustline\Library\PackageCache\com.unity.test-framework.performance@0840f58e4562)
  Built-in packages:
    com.unity.2d.sprite@1.0.0 (location: C:\Projetos\Github\rustline\Library\PackageCache\com.unity.2d.sprite@929df5adbb1f)
    com.unity.2d.tilemap@1.0.0 (location: C:\Projetos\Github\rustline\Library\PackageCache\com.unity.2d.tilemap@533f309b6f37)
    com.unity.render-pipelines.universal@17.4.0 (location: C:\Projetos\Github\rustline\Library\PackageCache\com.unity.render-pipelines.universal@0c5162adfb45)
    com.unity.test-framework@1.6.0 (location: C:\Projetos\Github\rustline\Library\PackageCache\com.unity.test-framework@629486125cfc)
    com.unity.ugui@2.0.0 (location: C:\Projetos\Github\rustline\Library\PackageCache\com.unity.ugui@3dd2fbd8c1f1)
    com.unity.modules.accessibility@1.0.0 (location: C:\Projetos\Github\rustline\Library\PackageCache\com.unity.modules.accessibility)
    com.unity.modules.adaptiveperformance@1.0.0 (location: C:\Projetos\Github\rustline\Library\PackageCache\com.unity.modules.adaptiveperformance)
    com.unity.modules.ai@1.0.0 (location: C:\Projetos\Github\rustline\Library\PackageCache\com.unity.modules.ai)
    com.unity.modules.androidjni@1.0.0 (location: C:\Projetos\Github\rustline\Library\PackageCache\com.unity.modules.androidjni)
    com.unity.modules.animation@1.0.0 (location: C:\Projetos\Github\rustline\Library\PackageCache\com.unity.modules.animation)
    com.unity.modules.assetbundle@1.0.0 (location: C:\Projetos\Github\rustline\Library\PackageCache\com.unity.modules.assetbundle)
    com.unity.modules.audio@1.0.0 (location: C:\Projetos\Github\rustline\Library\PackageCache\com.unity.modules.audio)
    com.unity.modules.cloth@1.0.0 (location: C:\Projetos\Github\rustline\Library\PackageCache\com.unity.modules.cloth)
    com.unity.modules.director@1.0.0 (location: C:\Projetos\Github\rustline\Library\PackageCache\com.unity.modules.director)
    com.unity.modules.imageconversion@1.0.0 (location: C:\Projetos\Github\rustline\Library\PackageCache\com.unity.modules.imageconversion)
    com.unity.modules.imgui@1.0.0 (location: C:\Projetos\Github\rustline\Library\PackageCache\com.unity.modules.imgui)
    com.unity.modules.jsonserialize@1.0.0 (location: C:\Projetos\Github\rustline\Library\PackageCache\com.unity.modules.jsonserialize)
    com.unity.modules.particlesystem@1.0.0 (location: C:\Projetos\Github\rustline\Library\PackageCache\com.unity.modules.particlesystem)
    com.unity.modules.physics@1.0.0 (location: C:\Projetos\Github\rustline\Library\PackageCache\com.unity.modules.physics)
    com.unity.modules.physics2d@1.0.0 (location: C:\Projetos\Github\rustline\Library\PackageCache\com.unity.modules.physics2d)
    com.unity.modules.screencapture@1.0.0 (location: C:\Projetos\Github\rustline\Library\PackageCache\com.unity.modules.screencapture)
    com.unity.modules.terrain@1.0.0 (location: C:\Projetos\Github\rustline\Library\PackageCache\com.unity.modules.terrain)
    com.unity.modules.terrainphysics@1.0.0 (location: C:\Projetos\Github\rustline\Library\PackageCache\com.unity.modules.terrainphysics)
    com.unity.modules.tilemap@1.0.0 (location: C:\Projetos\Github\rustline\Library\PackageCache\com.unity.modules.tilemap)
    com.unity.modules.ui@1.0.0 (location: C:\Projetos\Github\rustline\Library\PackageCache\com.unity.modules.ui)
    com.unity.modules.uielements@1.0.0 (location: C:\Projetos\Github\rustline\Library\PackageCache\com.unity.modules.uielements)
    com.unity.modules.umbra@1.0.0 (location: C:\Projetos\Github\rustline\Library\PackageCache\com.unity.modules.umbra)
    com.unity.modules.unityanalytics@1.0.0 (location: C:\Projetos\Github\rustline\Library\PackageCache\com.unity.modules.unityanalytics)
    com.unity.modules.unitywebrequest@1.0.0 (location: C:\Projetos\Github\rustline\Library\PackageCache\com.unity.modules.unitywebrequest)
    com.unity.modules.unitywebrequestassetbundle@1.0.0 (location: C:\Projetos\Github\rustline\Library\PackageCache\com.unity.modules.unitywebrequestassetbundle)
    com.unity.modules.unitywebrequestaudio@1.0.0 (location: C:\Projetos\Github\rustline\Library\PackageCache\com.unity.modules.unitywebrequestaudio)
    com.unity.modules.unitywebrequesttexture@1.0.0 (location: C:\Projetos\Github\rustline\Library\PackageCache\com.unity.modules.unitywebrequesttexture)
    com.unity.modules.unitywebrequestwww@1.0.0 (location: C:\Projetos\Github\rustline\Library\PackageCache\com.unity.modules.unitywebrequestwww)
    com.unity.modules.vectorgraphics@1.0.0 (location: C:\Projetos\Github\rustline\Library\PackageCache\com.unity.modules.vectorgraphics)
    com.unity.modules.vehicles@1.0.0 (location: C:\Projetos\Github\rustline\Library\PackageCache\com.unity.modules.vehicles)
    com.unity.modules.video@1.0.0 (location: C:\Projetos\Github\rustline\Library\PackageCache\com.unity.modules.video)
    com.unity.modules.vr@1.0.0 (location: C:\Projetos\Github\rustline\Library\PackageCache\com.unity.modules.vr)
    com.unity.modules.wind@1.0.0 (location: C:\Projetos\Github\rustline\Library\PackageCache\com.unity.modules.wind)
    com.unity.modules.xr@1.0.0 (location: C:\Projetos\Github\rustline\Library\PackageCache\com.unity.modules.xr)
    com.unity.modules.subsystems@1.0.0 (location: C:\Projetos\Github\rustline\Library\PackageCache\com.unity.modules.subsystems)
    com.unity.modules.hierarchycore@1.0.0 (location: C:\Projetos\Github\rustline\Library\PackageCache\com.unity.modules.hierarchycore)
    com.unity.ext.nunit@2.0.5 (location: C:\Projetos\Github\rustline\Library\PackageCache\com.unity.ext.nunit@d8c07649098d)
    com.unity.render-pipelines.core@17.4.0 (location: C:\Projetos\Github\rustline\Library\PackageCache\com.unity.render-pipelines.core@6a60abc179f8)
    com.unity.shadergraph@17.4.0 (location: C:\Projetos\Github\rustline\Library\PackageCache\com.unity.shadergraph@c6e5f4d3afa5)
    com.unity.render-pipelines.universal-config@17.4.0 (location: C:\Projetos\Github\rustline\Library\PackageCache\com.unity.render-pipelines.universal-config@0db4263b9e6b)
    com.unity.collections@6.4.0 (location: C:\Projetos\Github\rustline\Library\PackageCache\com.unity.collections@538ace9075bc)
[Subsystems] No new subsystems found in resolved package list.
[Package Manager] Done registering packages in 0.10 seconds
[ScriptCompilation] Requested script compilation because: AssetDatabase observed changes in script compilation related files
Starting: C:\Program Files\Unity\Hub\Editor\6000.4.0f1\Editor\Data\Tools\BuildPipeline\bee_backend.exe --ipc --defer-dag-verification --dagfile="Library/Bee/1900b0aEDbg.dag" --continue-on-failure --profile="Library/Bee/backend1.traceevents" ScriptAssemblies
WorkingDir: C:/Projetos/Github/rustline
DisplayProgressbar: Compiling Scripts
ExitCode: 4 Duration: 5s458ms
Rebuilding DAG because FileSignature timestamp changed: Library/Bee/1900b0aEDbg-inputdata.json
[ 871/1125  1s] ILPP-Configuration Library/ilpp-configuration.nevergeneratedoutput
*** Tundra requires additional run (5.35 seconds), 2 items updated, 870 evaluated
Starting: C:\Program Files\Unity\Hub\Editor\6000.4.0f1\Editor\Data\netcorerun\netcorerun.exe "C:\Program Files\Unity\Hub\Editor\6000.4.0f1\Editor\Data\Tools\BuildPipeline\ScriptCompilationBuildProgram.exe" "Library/Bee/1900b0aEDbg.dag.json" "Library/Bee/1900b0aEDbg-inputdata.json" "Library\Bee\buildprogram0.traceevents"
WorkingDir: C:/Projetos/Github/rustline
ExitCode: 0 Duration: 2s677ms
Starting: C:\Program Files\Unity\Hub\Editor\6000.4.0f1\Editor\Data\Tools\BuildPipeline\bee_backend.exe --ipc --defer-dag-verification --dagfile="Library/Bee/1900b0aEDbg.dag" --continue-on-failure --dagfilejson="Library\Bee\1900b0aEDbg.dag.json" --profile="Library/Bee/backend2.traceevents" ScriptAssemblies
WorkingDir: C:/Projetos/Github/rustline
ExitCode: 0 Duration: 10s
Finished compiling graph: 1129 nodes, 22845 flattened edges (19065 ToBuild, 178 ToUse), maximum node priority 1279
[ 610/1125  0s] WriteText Library/Bee/artifacts/1900b0aEDbg.dag/Rustline.Runtime.rsp
[ 871/1125  0s] ILPP-Configuration Library/ilpp-configuration.nevergeneratedoutput
[1109/1125  1s] Csc Library/Bee/artifacts/1900b0aEDbg.dag/Rustline.Runtime.dll (+2 others)
[1110/1125  0s] ILPostProcess Library/Bee/artifacts/1900b0aEDbg.dag/post-processed/Rustline.Runtime.dll (+pdb)
Processing assembly Library/Bee/artifacts/1900b0aEDbg.dag/Rustline.Runtime.dll, with 139 defines and 293 references

processors: Unity.Jobs.CodeGen.JobsILPostProcessor, zzzUnity.Burst.CodeGen.BurstILPostProcessor

running Unity.Jobs.CodeGen.JobsILPostProcessor

running zzzUnity.Burst.CodeGen.BurstILPostProcessor
[1111/1125  0s] CopyFiles Library/ScriptAssemblies/Rustline.Runtime.pdb
[1112/1125  0s] CopyFiles Library/ScriptAssemblies/Rustline.Runtime.dll
[1113/1125  1s] Csc Library/Bee/artifacts/1900b0aEDbg.dag/Rustline.EditModeTests.dll (+2 others)
[1114/1125  1s] Csc Library/Bee/artifacts/1900b0aEDbg.dag/Rustline.PlayModeTests.dll (+2 others)
Assets\Tests\PlayMode\MovementLabPlayModeTests.cs(529,78): warning CS0618: 'FindObjectsSortMode' is obsolete: 'FindObjectsSortMode has been deprecated. Use the FindObjectsByType overloads that do not take a FindObjectsSortMode parameter.'

Assets\Tests\PlayMode\MovementLabPlayModeTests.cs(529,33): warning CS0618: 'Object.FindObjectsByType<T>(FindObjectsSortMode)' is obsolete: 'FindObjectsByType with FindObjectsSortMode parameter has been deprecated. Use FindObjectsByType<T>() or FindObjectsByType<T>(FindObjectsInactive) instead. InstanceID will be replaced in the future with EntityId and previous sort order cannot be maintained.'
[1115/1125  2s] Csc Library/Bee/artifacts/1900b0aEDbg.dag/Assembly-CSharp-Editor.dll (+2 others)
[1116/1125  0s] ILPostProcess Library/Bee/artifacts/1900b0aEDbg.dag/post-processed/Rustline.PlayModeTests.dll (+pdb)
Processing assembly Library/Bee/artifacts/1900b0aEDbg.dag/Rustline.PlayModeTests.dll, with 139 defines and 276 references

processors: Unity.Jobs.CodeGen.JobsILPostProcessor, zzzUnity.Burst.CodeGen.BurstILPostProcessor

running Unity.Jobs.CodeGen.JobsILPostProcessor

running zzzUnity.Burst.CodeGen.BurstILPostProcessor
[1117/1125  0s] CopyFiles Library/ScriptAssemblies/Rustline.PlayModeTests.pdb
[1118/1125  0s] CopyFiles Library/ScriptAssemblies/Rustline.PlayModeTests.dll
[1119/1125  0s] ILPostProcess Library/Bee/artifacts/1900b0aEDbg.dag/post-processed/Rustline.EditModeTests.dll (+pdb)
Processing assembly Library/Bee/artifacts/1900b0aEDbg.dag/Rustline.EditModeTests.dll, with 137 defines and 291 references

processors: Unity.Jobs.CodeGen.JobsILPostProcessor, zzzUnity.Burst.CodeGen.BurstILPostProcessor

running Unity.Jobs.CodeGen.JobsILPostProcessor

running zzzUnity.Burst.CodeGen.BurstILPostProcessor
[1120/1125  0s] CopyFiles Library/ScriptAssemblies/Rustline.EditModeTests.pdb
[1121/1125  0s] CopyFiles Library/ScriptAssemblies/Rustline.EditModeTests.dll
[1122/1125  2s] ILPostProcess Library/Bee/artifacts/1900b0aEDbg.dag/post-processed/Assembly-CSharp-Editor.dll (+pdb)
Processing assembly Library/Bee/artifacts/1900b0aEDbg.dag/Assembly-CSharp-Editor.dll, with 137 defines and 369 references

processors: Unity.Jobs.CodeGen.JobsILPostProcessor, zzzUnity.Burst.CodeGen.BurstILPostProcessor

running Unity.Jobs.CodeGen.JobsILPostProcessor

running zzzUnity.Burst.CodeGen.BurstILPostProcessor
[1123/1125  0s] CopyFiles Library/ScriptAssemblies/Assembly-CSharp-Editor.pdb
[1124/1125  0s] CopyFiles Library/ScriptAssemblies/Assembly-CSharp-Editor.dll
*** Tundra build success (10.27 seconds), 18 items updated, 1125 evaluated
Assets\Tests\PlayMode\MovementLabPlayModeTests.cs(529,78): warning CS0618: 'FindObjectsSortMode' is obsolete: 'FindObjectsSortMode has been deprecated. Use the FindObjectsByType overloads that do not take a FindObjectsSortMode parameter.'
Assets\Tests\PlayMode\MovementLabPlayModeTests.cs(529,33): warning CS0618: 'Object.FindObjectsByType<T>(FindObjectsSortMode)' is obsolete: 'FindObjectsByType with FindObjectsSortMode parameter has been deprecated. Use FindObjectsByType<T>() or FindObjectsByType<T>(FindObjectsInactive) instead. InstanceID will be replaced in the future with EntityId and previous sort order cannot be maintained.'
AssetDatabase: script compilation time: 20.042806s
Begin MonoManager ReloadAssembly
Assembly Assembly-CSharp-Editor-firstpass.dll at Library/ScriptAssemblies/Assembly-CSharp-Editor-firstpass.dll not valid. Loading of assembly skipped.
Assembly Assembly-CSharp-firstpass.dll at Library/ScriptAssemblies/Assembly-CSharp-firstpass.dll not valid. Loading of assembly skipped.
Assembly Assembly-CSharp.dll at Library/ScriptAssemblies/Assembly-CSharp.dll not valid. Loading of assembly skipped.
Assembly DocCodeExamples.dll at Library/ScriptAssemblies/DocCodeExamples.dll not valid. Loading of assembly skipped.
Assembly TestNewCustomAssembly.dll at Library/ScriptAssemblies/TestNewCustomAssembly.dll not valid. Loading of assembly skipped.
Assembly Unity.2D.Animation.EditorTests.dll at Library/ScriptAssemblies/Unity.2D.Animation.EditorTests.dll not valid. Loading of assembly skipped.
Assembly Unity.2D.Aseprite.EditorTests.dll at Library/ScriptAssemblies/Unity.2D.Aseprite.EditorTests.dll not valid. Loading of assembly skipped.
Assembly Unity.2D.Common.EditorTests.dll at Library/ScriptAssemblies/Unity.2D.Common.EditorTests.dll not valid. Loading of assembly skipped.
Assembly Unity.2D.Psdimporter.EditorTests.dll at Library/ScriptAssemblies/Unity.2D.Psdimporter.EditorTests.dll not valid. Loading of assembly skipped.
Assembly Unity.2D.Sprite.Package.EditorTests.dll at Library/ScriptAssemblies/Unity.2D.Sprite.Package.EditorTests.dll not valid. Loading of assembly skipped.
Assembly Unity.2D.SpriteShape.EditorTests.dll at Library/ScriptAssemblies/Unity.2D.SpriteShape.EditorTests.dll not valid. Loading of assembly skipped.
Assembly Unity.2D.Tilemap.Package.EditorTests.dll at Library/ScriptAssemblies/Unity.2D.Tilemap.Package.EditorTests.dll not valid. Loading of assembly skipped.
Assembly Unity.Collections.BurstCompatibilityGen.dll at Library/ScriptAssemblies/Unity.Collections.BurstCompatibilityGen.dll not valid. Loading of assembly skipped.
Assembly Unity.Collections.DocCodeSamples.dll at Library/ScriptAssemblies/Unity.Collections.DocCodeSamples.dll not valid. Loading of assembly skipped.
Assembly Unity.Collections.PerformanceTests.dll at Library/ScriptAssemblies/Unity.Collections.PerformanceTests.dll not valid. Loading of assembly skipped.
Assembly Unity.Collections.Tests.dll at Library/ScriptAssemblies/Unity.Collections.Tests.dll not valid. Loading of assembly skipped.
Assembly Unity.Collections.Tests.Playmode.dll at Library/ScriptAssemblies/Unity.Collections.Tests.Playmode.dll not valid. Loading of assembly skipped.
Assembly Unity.InputSystem.IntegrationTests.dll at Library/ScriptAssemblies/Unity.InputSystem.IntegrationTests.dll not valid. Loading of assembly skipped.
Assembly Unity.Mathematics.Tests.dll at Library/ScriptAssemblies/Unity.Mathematics.Tests.dll not valid. Loading of assembly skipped.
Assembly Unity.Nuget.Mono-Cecil.dll at Library/ScriptAssemblies/Unity.Nuget.Mono-Cecil.dll not valid. Loading of assembly skipped.
Assembly Unity.PathTracing.Editor.Tests.dll at Library/ScriptAssemblies/Unity.PathTracing.Editor.Tests.dll not valid. Loading of assembly skipped.
Assembly Unity.PathTracing.Runtime.Tests.dll at Library/ScriptAssemblies/Unity.PathTracing.Runtime.Tests.dll not valid. Loading of assembly skipped.
Assembly Unity.RenderPipelines.Core.Editor.Tests.dll at Library/ScriptAssemblies/Unity.RenderPipelines.Core.Editor.Tests.dll not valid. Loading of assembly skipped.
Assembly Unity.RenderPipelines.Core.Runtime.Tests.dll at Library/ScriptAssemblies/Unity.RenderPipelines.Core.Runtime.Tests.dll not valid. Loading of assembly skipped.
Assembly Unity.RenderPipelines.Universal.Config.Editor.Tests.dll at Library/ScriptAssemblies/Unity.RenderPipelines.Universal.Config.Editor.Tests.dll not valid. Loading of assembly skipped.
Assembly Unity.RenderPipelines.Universal.Editor.Tests.dll at Library/ScriptAssemblies/Unity.RenderPipelines.Universal.Editor.Tests.dll not valid. Loading of assembly skipped.
Assembly Unity.RenderPipelines.Universal.Runtime.Tests.dll at Library/ScriptAssemblies/Unity.RenderPipelines.Universal.Runtime.Tests.dll not valid. Loading of assembly skipped.
Assembly Unity.Searcher.EditorTests.dll at Library/ScriptAssemblies/Unity.Searcher.EditorTests.dll not valid. Loading of assembly skipped.
Assembly Unity.ShaderGraph.Editor.Tests.dll at Library/ScriptAssemblies/Unity.ShaderGraph.Editor.Tests.dll not valid. Loading of assembly skipped.
Assembly Unity.TextMeshPro.Editor.Tests.dll at Library/ScriptAssemblies/Unity.TextMeshPro.Editor.Tests.dll not valid. Loading of assembly skipped.
Assembly Unity.TextMeshPro.Tests.dll at Library/ScriptAssemblies/Unity.TextMeshPro.Tests.dll not valid. Loading of assembly skipped.
Assembly Unity.UnifiedRayTracing.Editor.Tests.dll at Library/ScriptAssemblies/Unity.UnifiedRayTracing.Editor.Tests.dll not valid. Loading of assembly skipped.
Assembly UnityEditor.UI.Common.Tests.dll at Library/ScriptAssemblies/UnityEditor.UI.Common.Tests.dll not valid. Loading of assembly skipped.
Assembly UnityEditor.UI.EditorTests.dll at Library/ScriptAssemblies/UnityEditor.UI.EditorTests.dll not valid. Loading of assembly skipped.
Assembly UnityEngine.UI.Tests.dll at Library/ScriptAssemblies/UnityEngine.UI.Tests.dll not valid. Loading of assembly skipped.
Refreshing native plugins compatible for Editor in 3.63 ms, found 4 plugins.
Native extension for LinuxStandalone target not found
Native extension for AppleTV target not found
Native extension for iOS target not found
Native extension for Android target not found
Native extension for WindowsStandalone target not found
Failed to load: C:/Program Files/Unity/Hub/Editor/6000.4.0f1/Editor/Data/PlaybackEngines/VisionOSPlayer\x64\UnityEditor.VisionOS.Native.dll
Native extension for VisionOS target not found
Native extension for WebGL target not found
ScheduleIndexationOnStartup MainProcess:True IndexOnStartup:True
Mono: successfully reloaded assembly
- Finished resetting the current domain, in  6.725 seconds
Domain Reload Profiling: 11198ms
	BeginReloadAssembly (473ms)
		DisableScriptedObjects (67ms)
		CreateAndSetChildDomain (191ms)
	RebuildCommonClasses (58ms)
	RebuildNativeTypeToScriptingClass (22ms)
	initialDomainReloadingComplete (2765ms)
	LoadAllAssembliesAndSetupDomain (1154ms)
		LoadAssemblies (905ms)
		AnalyzeDomain (397ms)
			TypeCache.Refresh (264ms)
				TypeCache.ScanAssembly (248ms)
			BuildScriptInfoCaches (121ms)
			ResolveRequiredComponents (10ms)
	FinalizeReload (6726ms)
		SetupLoadedEditorAssemblies (0ms)
			InitializePlatformSupportModulesInManaged (77ms)
			BeforeProcessingInitializeOnLoad (482ms)
			ProcessInitializeOnLoadAttributes (5603ms)
			ProcessInitializeOnLoadMethodAttributes (180ms)
			AfterProcessingInitializeOnLoad (15ms)
		AwakeInstancesAfterBackupRestoration (33ms)
Start importing Assets/Art/Characters/Player/Sprites/Body/player_salvager_body_ledge_climb.png using Guid(a1348bcf73f1e9c4e800720ebd81c1d7) (TextureImporter) -> (Import Result ID: '298005fa9efef226a94da863dc75b729') in 0.0923676 seconds [static and dynamic dependencies]. Details - ImportResultOutputID=7502f6646c051f5afcf4e93785eeeb38 DependenciesID=c535d3da68135e063ef1443d0cae4cfe StaticDependenciesID=2e2291ce9cc892e5dfa6e66707d49d7c 
Start importing Assets/Art/Characters/Player/Sprites/Arms/Unarmed/player_salvager_arms_ledge_climb.png using Guid(76faea3811bb43e4d92616d6f5c3e699) (TextureImporter) -> (Import Result ID: '0792ee6362bb342bf39168b515c3ea9b') in 0.0382071 seconds [static and dynamic dependencies]. Details - ImportResultOutputID=2d6ca808ecccbffee060831f21b4d280 DependenciesID=8197ae4e2c280fcecbdd0984e0e6b82a StaticDependenciesID=d2f6ede0a4aac6a104b6222a298aeab1 
Start importing Packages/com.unity.render-pipelines.core/Tests/Editor/UnifiedRayTracing/TraceRays.urtshader using Guid(1142bbad8b9e8c44c83a9775ff120d37) (ScriptedImporter)Launched and connected shader compiler UnityShaderCompiler.exe after 0.03 seconds

Compiling Ray Tracing Shader "TraceRays.urtshader", keywords = <no keywords>
    finished in 0.02 seconds. Local cache hits 1, remote cache hits 0, compiled 0 platform variants
 -> (Import Result ID: 'b61a11853fc2b01c85b821ba8aaf5c7e') in 0.2919641 seconds [static and dynamic dependencies]. Details - ImportResultOutputID=46687cccdc33168fce57c46918914a0e DependenciesID=ba78a0469f42bfec0b01e12118e1a492 StaticDependenciesID=b7859538b7c8061be2c1df0681a26cec 
Start importing Packages/com.unity.render-pipelines.core/Runtime/Lighting/SurfaceCache/RisEstimation.urtshader using Guid(713f6141bd66a134383b787f2eaa7c11) (ScriptedImporter)
Compiling Ray Tracing Shader "RisEstimation.urtshader", keywords = <no keywords>
    finished in 0.01 seconds. Local cache hits 1, remote cache hits 0, compiled 0 platform variants
 -> (Import Result ID: 'd7ac51d7078c9d0f4518515a4bd89058') in 0.4317231 seconds [static and dynamic dependencies]. Details - ImportResultOutputID=e10568ab6bce9a97b28d8c885dc887c9 DependenciesID=7bda994a1075ee45a05df5fd39078a40 StaticDependenciesID=1251c416255850dca778d66927462604 
Start importing Packages/com.unity.render-pipelines.core/Runtime/PathTracing/Shaders/LightmapShadowMaskIntegration.urtshader using Guid(d19f4f8a13b6edb48b986a47ec96402e) (ScriptedImporter)
Compiling Ray Tracing Shader "LightmapShadowMaskIntegration.urtshader", keywords = <no keywords>
    finished in 0.01 seconds. Local cache hits 1, remote cache hits 0, compiled 0 platform variants
 -> (Import Result ID: '6206f4b63d9d1dd6323401f03425e922') in 0.3657789 seconds [static and dynamic dependencies]. Details - ImportResultOutputID=2b95ef19d50b21f939236f8de4f3b7c4 DependenciesID=3a4c5a758997883cb2c7a4dad415ebe1 StaticDependenciesID=dddefbaa39ba5d51a386df5433e82fa1 
Start importing Packages/com.unity.render-pipelines.core/Runtime/PathTracing/Shaders/LightmapGBufferDebug.urtshader using Guid(737a1597422c12547a8714d76a9406ec) (ScriptedImporter)
Compiling Ray Tracing Shader "LightmapGBufferDebug.urtshader", keywords = <no keywords>
    finished in 0.02 seconds. Local cache hits 1, remote cache hits 0, compiled 0 platform variants
 -> (Import Result ID: 'babf3e30592708beedda850f6a16aa60') in 0.0587839 seconds [static and dynamic dependencies]. Details - ImportResultOutputID=091ab5fc811d0bb32fd83d24c76e3ade DependenciesID=a74f3d1e9dc51cb077ba856b7eab9889 StaticDependenciesID=62194a0448f2b8616e1214fb593272db 
Start importing Packages/com.unity.render-pipelines.core/Runtime/PathTracing/Shaders/LightmapNormalIntegration.urtshader using Guid(1451d029813b192429211be28181beab) (ScriptedImporter)
Compiling Ray Tracing Shader "LightmapNormalIntegration.urtshader", keywords = <no keywords>
    finished in 0.01 seconds. Local cache hits 1, remote cache hits 0, compiled 0 platform variants
 -> (Import Result ID: '791a469038e49731e268afc65adafb0e') in 0.0636556 seconds [static and dynamic dependencies]. Details - ImportResultOutputID=ceb98ab71ac413b56190ee84e02cff03 DependenciesID=c40fff4210f4795126824cb6cbd960bd StaticDependenciesID=cbe3820d9825e61936c3967ec27e4e90 
Start importing Packages/com.unity.render-pipelines.core/Editor/Lighting/ProbeVolume/RenderingLayerMask/TraceRenderingLayerMask.urtshader using Guid(94a070d33e408384bafc1dea4a565df9) (ScriptedImporter)
Compiling Ray Tracing Shader "TraceRenderingLayerMask.urtshader", keywords = <no keywords>
    finished in 0.02 seconds. Local cache hits 1, remote cache hits 0, compiled 0 platform variants
 -> (Import Result ID: '86f5f30a5cada56579762dd325614ad9') in 0.0907622 seconds [static and dynamic dependencies]. Details - ImportResultOutputID=1a05fb70609584037b92ffb7bbfa4513 DependenciesID=e4c04546dd7334f19deb336f5df7647d StaticDependenciesID=83d03f1fcc976b11b697d3bab0b97d8c 
Start importing Packages/com.unity.render-pipelines.core/Runtime/Lighting/SurfaceCache/UniformEstimation.urtshader using Guid(94a39d12848d8d64ca962a72b74e7c50) (ScriptedImporter)
Compiling Ray Tracing Shader "UniformEstimation.urtshader", keywords = <no keywords>
    finished in 0.02 seconds. Local cache hits 1, remote cache hits 0, compiled 0 platform variants
 -> (Import Result ID: '294fe8c4e2b40974f52434bf1a3e50d3') in 0.1035768 seconds [static and dynamic dependencies]. Details - ImportResultOutputID=63829e09c8421943158a5c8e22d7fb1c DependenciesID=a3615acec63a8869e35ea1a076121cb4 StaticDependenciesID=f100dc97879ef35876f7ad5427566dd9 
Start importing Packages/com.unity.render-pipelines.core/Tests/Editor/UnifiedRayTracing/TraceTransparentRays.urtshader using Guid(6513c3b892e933c4f8d00c19d5c47532) (ScriptedImporter)
Compiling Ray Tracing Shader "TraceTransparentRays.urtshader", keywords = <no keywords>
    finished in 0.02 seconds. Local cache hits 1, remote cache hits 0, compiled 0 platform variants
 -> (Import Result ID: 'ce98530d50922e273fe691dd13c2666f') in 0.0603202 seconds [static and dynamic dependencies]. Details - ImportResultOutputID=9a4f92c4b834443772f57e904b7b5318 DependenciesID=e2b5d4de0ad804a3b9ecae2a1ed8ba57 StaticDependenciesID=5e41b194f27d8b70c797e75555e2b1f0 
Start importing Packages/com.unity.render-pipelines.core/Runtime/PathTracing/Shaders/LightmapIndirectIntegration.urtshader using Guid(7624adbeb148b5c48ab5ab660cc2602a) (ScriptedImporter)
Compiling Ray Tracing Shader "LightmapIndirectIntegration.urtshader", keywords = <no keywords>
    finished in 0.01 seconds. Local cache hits 1, remote cache hits 0, compiled 0 platform variants
 -> (Import Result ID: '7636fca688e599403be3d3b12c440c22') in 0.0832507 seconds [static and dynamic dependencies]. Details - ImportResultOutputID=331a21b109ee676710cbf634c8ef4c64 DependenciesID=a013b62f44319fe9498c0e871d3829fb StaticDependenciesID=6d19372de11b03798f093933090e79bb 
Start importing Packages/com.unity.render-pipelines.core/Runtime/PathTracing/Shaders/LightmapGBufferIntegration.urtshader using Guid(e9f4de6d1e07fb94f9a60d35b618f724) (ScriptedImporter)
Compiling Ray Tracing Shader "LightmapGBufferIntegration.urtshader", keywords = <no keywords>
    finished in 0.01 seconds. Local cache hits 1, remote cache hits 0, compiled 0 platform variants
 -> (Import Result ID: '6b095755af600b25dba257b1420adcfa') in 0.1266368 seconds [static and dynamic dependencies]. Details - ImportResultOutputID=88abca16d66a7184f4c4b47027b43f11 DependenciesID=7e07fd4aeea28b90cf80df010e477915 StaticDependenciesID=66dc06979910318021783fcb4ccd3ecc 
Start importing Packages/com.unity.render-pipelines.core/Editor/Lighting/ProbeVolume/DynamicGI/DynamicGISkyOcclusion.urtshader using Guid(5a2a534753fbdb44e96c3c78b5a6999d) (ScriptedImporter)
Compiling Ray Tracing Shader "DynamicGISkyOcclusion.urtshader", keywords = <no keywords>
    finished in 0.01 seconds. Local cache hits 1, remote cache hits 0, compiled 0 platform variants
 -> (Import Result ID: '6f054e61c1371e27dad04f659288b92e') in 0.0529181 seconds [static and dynamic dependencies]. Details - ImportResultOutputID=d00095a4a55ff2ec22e939f29df9180b DependenciesID=ff1535c0e2997a6039c548982004dd93 StaticDependenciesID=18974378deb0e4fc540e6b2321b0ff13 
Start importing Packages/com.unity.render-pipelines.core/Runtime/PathTracing/Shaders/LightmapDirectIntegration.urtshader using Guid(5bbebdef5916845478fcef13fa10d89f) (ScriptedImporter)
Compiling Ray Tracing Shader "LightmapDirectIntegration.urtshader", keywords = <no keywords>
    finished in 0.01 seconds. Local cache hits 1, remote cache hits 0, compiled 0 platform variants
 -> (Import Result ID: '16a5e83c3e0e5009ab394ab2b951fdd6') in 0.0649898 seconds [static and dynamic dependencies]. Details - ImportResultOutputID=a922f61de12ed04fdf9509350b340e48 DependenciesID=57ccbabcf65c829f2817a591a3ce9914 StaticDependenciesID=63188f79534be5f4b9e074ad4af5bfb7 
Start importing Packages/com.unity.render-pipelines.core/Tests/Editor/UnifiedRayTracing/TraceRaysAndFetchAttributes.urtshader using Guid(fbc59f55df2416344b008dc23753cae2) (ScriptedImporter)
Compiling Ray Tracing Shader "TraceRaysAndFetchAttributes.urtshader", keywords = <no keywords>
    finished in 0.01 seconds. Local cache hits 1, remote cache hits 0, compiled 0 platform variants
 -> (Import Result ID: 'b176c8e4b623a9b1bca035cc8a457f3e') in 0.0532035 seconds [static and dynamic dependencies]. Details - ImportResultOutputID=3b313a6c864bac4a92bdbdf353437986 DependenciesID=d21a282b89a2e496dfcce7cde4fed2ac StaticDependenciesID=aa8291e86ea82085a643681c1c779d39 
Start importing Packages/com.unity.render-pipelines.core/Runtime/PathTracing/Shaders/LightmapAOIntegration.urtshader using Guid(1c410815c01ce1d4d82c645c0cd45747) (ScriptedImporter)
Compiling Ray Tracing Shader "LightmapAOIntegration.urtshader", keywords = <no keywords>
    finished in 0.01 seconds. Local cache hits 1, remote cache hits 0, compiled 0 platform variants
 -> (Import Result ID: '9df1e187d4190f9957b2b561b03a969c') in 0.0577366 seconds [static and dynamic dependencies]. Details - ImportResultOutputID=5103f96431e842f7259bb0177de5374a DependenciesID=149050e4eae14bbf0824943226fef567 StaticDependenciesID=bcaf3aac9727a2ca27155e619d011e5f 
Start importing Packages/com.unity.render-pipelines.core/Runtime/PathTracing/Shaders/ProbeIntegrationValidity.urtshader using Guid(2c32233d92a2d0745930664c087c5c9a) (ScriptedImporter)
Compiling Ray Tracing Shader "ProbeIntegrationValidity.urtshader", keywords = <no keywords>
    finished in 0.01 seconds. Local cache hits 1, remote cache hits 0, compiled 0 platform variants
 -> (Import Result ID: 'bcf9a3db43d96e62931481948649ec6d') in 0.0484224 seconds [static and dynamic dependencies]. Details - ImportResultOutputID=7382f6ebace9db409d45bbf3f67db551 DependenciesID=c362f229ed9d3f4e8329bf893a13639b StaticDependenciesID=4aea10376946a8225ccdfdec15a70dac 
Start importing Packages/com.unity.render-pipelines.core/Runtime/PathTracing/Shaders/LightmapValidityIntegration.urtshader using Guid(ace95ac84e213794891b4bd7c9b3c158) (ScriptedImporter)
Compiling Ray Tracing Shader "LightmapValidityIntegration.urtshader", keywords = <no keywords>
    finished in 0.01 seconds. Local cache hits 1, remote cache hits 0, compiled 0 platform variants
 -> (Import Result ID: '9cfefd2467c2f392ccaf70284f81d86a') in 0.0533611 seconds [static and dynamic dependencies]. Details - ImportResultOutputID=1e4e1f52bf9adcad13f0bcdba75cec3b DependenciesID=57d9d38cd2a047f8b92a9651c6724631 StaticDependenciesID=46d905dacc01197a8e043a8ad4f9d21d 
Start importing Packages/com.unity.render-pipelines.core/Runtime/Lighting/SurfaceCache/RestirCandidateTemporal.urtshader using Guid(ad3a9f9982f8c4f4a839a78955e78458) (ScriptedImporter)
Compiling Ray Tracing Shader "RestirCandidateTemporal.urtshader", keywords = <no keywords>
    finished in 0.01 seconds. Local cache hits 1, remote cache hits 0, compiled 0 platform variants
 -> (Import Result ID: 'ee1f626977a9995fa6dc3fe2cae85133') in 0.0849897 seconds [static and dynamic dependencies]. Details - ImportResultOutputID=0ee7e16793f63ad4fa9bacccbdab596d DependenciesID=a54e69929afed86f408abe0f3a11f5a4 StaticDependenciesID=2beaac54fac463ee5ee15c00b0990d01 
Start importing Packages/com.unity.render-pipelines.core/Runtime/PathTracing/Shaders/ProbeIntegrationIndirect.urtshader using Guid(5ecdabd800f05984696f22ba95284516) (ScriptedImporter)
Compiling Ray Tracing Shader "ProbeIntegrationIndirect.urtshader", keywords = <no keywords>
    finished in 0.01 seconds. Local cache hits 1, remote cache hits 0, compiled 0 platform variants
 -> (Import Result ID: '889fc6615150a45fc63538a9546c0e35') in 0.0725812 seconds [static and dynamic dependencies]. Details - ImportResultOutputID=7b342ad6fce78607d4cb85fc02d9d19a DependenciesID=e68919762ba0a9e0f238cb17c5dcbebb StaticDependenciesID=83ecbbd61911181b4944eb7ac9eabee5 
Start importing Packages/com.unity.render-pipelines.core/Tests/Runtime/PathTracing/PathIteratorTest.urtshader using Guid(6e0b547bab30a804c8123974120d583f) (ScriptedImporter)
Compiling Ray Tracing Shader "PathIteratorTest.urtshader", keywords = <no keywords>
    finished in 0.01 seconds. Local cache hits 1, remote cache hits 0, compiled 0 platform variants
 -> (Import Result ID: '57d947cae0e8003fbc981ad74169efaa') in 0.0611363 seconds [static and dynamic dependencies]. Details - ImportResultOutputID=07420bf6446c0c205e272929d6eb81ee DependenciesID=594f11d35b7aba65962c7886d27a4981 StaticDependenciesID=cf2a33ce9b71ea08a4459556694e1323 
Start importing Packages/com.unity.render-pipelines.core/Runtime/PathTracing/Shaders/LiveGI.urtshader using Guid(ceb7a31b84722d144bbeff1c8cd88769) (ScriptedImporter)
Compiling Ray Tracing Shader "LiveGI.urtshader", keywords = <no keywords>
    finished in 0.01 seconds. Local cache hits 1, remote cache hits 0, compiled 0 platform variants
 -> (Import Result ID: '12f1f33770683c6d22725c2f237e83ab') in 0.0468753 seconds [static and dynamic dependencies]. Details - ImportResultOutputID=c58ef83ec50830e9bfe040e930b3537e DependenciesID=efbcc06b527755efc51f17180af96016 StaticDependenciesID=628001b751fe9fddf64a203b1446575e 
Start importing Packages/com.unity.render-pipelines.core/Runtime/PathTracing/Shaders/ProbeIntegrationOcclusion.urtshader using Guid(de3013e16d99f2746ab1735ec06a660b) (ScriptedImporter)
Compiling Ray Tracing Shader "ProbeIntegrationOcclusion.urtshader", keywords = <no keywords>
    finished in 0.01 seconds. Local cache hits 1, remote cache hits 0, compiled 0 platform variants
 -> (Import Result ID: 'b8fb97ca364825a954794a7a33584bbe') in 0.0551018 seconds [static and dynamic dependencies]. Details - ImportResultOutputID=34ea5cef2db8063219dc8fd537498cc0 DependenciesID=b4bdf7721efc399300aba8c6c0cc6ced StaticDependenciesID=183f3d853e4af89ec08f4e79696e167d 
Start importing Packages/com.unity.render-pipelines.core/Runtime/PathTracing/Shaders/ProbeIntegrationDirect.urtshader using Guid(1f9bfe60b4ad75943a5281839c1a4e5c) (ScriptedImporter)
Compiling Ray Tracing Shader "ProbeIntegrationDirect.urtshader", keywords = <no keywords>
    finished in 0.01 seconds. Local cache hits 1, remote cache hits 0, compiled 0 platform variants
 -> (Import Result ID: 'f9e05b28fe00eb70f1cbd312b7b9c80e') in 0.0423917 seconds [static and dynamic dependencies]. Details - ImportResultOutputID=4cedefe6725f61ebfce8197635258855 DependenciesID=e4ee24474e83bb9a6d47c033a5149289 StaticDependenciesID=d3f99f9cc1ae2c0c0147c2fa8da668fc 
Start importing Packages/com.unity.render-pipelines.core/Editor/Lighting/ProbeVolume/VirtualOffset/TraceVirtualOffset.urtshader using Guid(ff2cbab5da58bf04d82c5f34037ed123) (ScriptedImporter)
Compiling Ray Tracing Shader "TraceVirtualOffset.urtshader", keywords = <no keywords>
    finished in 0.01 seconds. Local cache hits 1, remote cache hits 0, compiled 0 platform variants
 -> (Import Result ID: '6f29081014305158ffc1f553fe9ac97c') in 0.0577154 seconds [static and dynamic dependencies]. Details - ImportResultOutputID=7915af89c97778059399f61159182492 DependenciesID=4529efd1d999f927776004ba32005281 StaticDependenciesID=f51ff46b48d84884c883ac486ebfd7f9 
Refreshing native plugins compatible for Editor in 2.45 ms, found 4 plugins.
(Values over 0.050ms)
Asset Pipeline Refresh (id=66224bcc8db9d464cac33db51dc6d647): Total: 38.426 seconds - Initiated by InitialRefreshV2(ForceSynchronousImport)
	Summary:
		Imports: total=25 (actual=25, local cache=0, cache server=0)
		Asset DB Process Time: managed=59 ms, native=10940 ms
		Asset DB Callback time: managed=1525 ms, native=997 ms
		Scripting: domain reloads=1, domain reload time=4481 ms, compile time=20045 ms, other=372 ms
		Project Asset Count: scripts=1531, non-scripts=3259
		Asset File Changes: new=3, changed=12, moved=0, deleted=0
		Scan Filter Count: 0
	InvokePackagesCallback: 110.319ms
	ApplyChangesToAssetFolders: 2.114ms
	Scan: 707.823ms
	OnSourceAssetsModified: 1.923ms
	CategorizeScriptCompilationAssets: 143.172ms
	ProcessAssetsWithTransientArtifactChanges: 85.809ms
	CategorizeAssets: 101.653ms
	CompileScripts: 20044.540ms
	ImportOutOfDateAssets: 9366.525ms (6739.875ms without children)
		ImportManagerImport: 2621.713ms (2.874ms without children)
			UpdateCategorizedAssets: 1.769ms
		UnloadImportedAssets: 2.329ms
		ReloadImportedAssets: 43.050ms
		EnsureUptoDateAssetsAreRegisteredWithGuidPM: 1.190ms
		OnDemandSchedulerStart: 1.354ms
	PostProcessAllAssets: 2407.088ms
		ComputeShaderImportPostprocess 551.024ms
		RaytracingShaderImportPostprocess 329.135ms
		XRBuildSystem.XRAssetImported 0.610ms
		PostProcessCallbackCreateDeferredMaterials 0.272ms
		ShaderAssetModifiedCallback 0.266ms
		VersionControlSettings.HiddenFilePostprocess 0.113ms
		SpriteAtlasDatabase.OnAssetPostprocessCallback 0.097ms
		BlockShaderImporter.PostprocessAllAssets 0.094ms
		MonoPostProcessAllAssets: 1521.890ms
			SyncVS.PostprocessSyncProject 1232.902ms
			AssetPostprocessor.OnPostprocessAllAssets 181.769ms
			StyleCatalogPostProcessor.OnPostprocessAllAssets 28.515ms
			UniversalRenderPipelineGlobalSettingsPostprocessor.OnPostprocessAllAssets 12.831ms
			BuilderAssetPostprocessor.OnPostprocessAllAssets 12.776ms
			ShaderGraphAssetPostProcessor.OnPostprocessAllAssets 7.172ms
			AssetChangedListener.OnPostprocessAllAssets 3.076ms
			SpeedTree9Postprocessor.OnPostprocessAllAssets 2.939ms
			WindowAssetPostprocessingWatcher.OnPostprocessAllAssets 2.219ms
			TextAssetPostProcessor.OnPostprocessAllAssets 2.024ms
			MaterialPostprocessor.OnPostprocessAllAssets 1.658ms
			PostProcessor.OnPostprocessAllAssets 1.531ms
			InputActionJsonNameModifierAssetProcessor.OnPostprocessAllAssets 1.488ms
			RetainedModeAssetPostprocessor.OnPostprocessAllAssets 1.476ms
			InputActionAssetPostprocessor.OnPostprocessAllAssets 1.358ms
			RenderPipelineGlobalSettingsPostprocessor.OnPostprocessAllAssets 1.201ms
			ArtifactBrowserPostProcessor.OnPostprocessAllAssets 1.070ms
			SpriteEditorTexturePostprocessor.OnPostprocessAllAssets 0.741ms
			AssetProcessor.OnPostprocessAllAssets 0.652ms
			TMPro_TexturePostProcessor.OnPostprocessAllAssets 0.595ms
			ReferencedClipsPostProcessor.OnPostprocessAllAssets 0.560ms
			UVCSAssetPostprocessor.OnPostprocessAllAssets 0.434ms
			AssetEvents.OnPostprocessAllAssets 0.402ms
			SpriteLibraryAssetPostprocessor.OnPostprocessAllAssets 0.351ms
			AudioMixerPostprocessor.OnPostprocessAllAssets 0.346ms
			ProjectSettingsPostprocessor.OnPostprocessAllAssets 0.341ms
			SpriteShapeAssetPostProcessor.OnPostprocessAllAssets 0.324ms
			SamplePostprocessor.OnPostprocessAllAssets 0.238ms
			PSDImportPostProcessor.OnPostprocessAllAssets 0.238ms
			ConfigAssetsTracker.OnPostprocessAllAssets 0.227ms
			TerrainToolbarOverlayPostProcessor.OnPostprocessAllAssets 0.221ms
			AssetDatabaseCallbacks.OnPostprocessAllAssets 0.199ms
			SpeedTreePostProcessor.OnPostprocessAllAssets 0.191ms
			PSDImporterAssetPostProcessor.OnPostprocessAllAssets 0.145ms
			ScenarioDriftAssetsTracker.OnPostprocessAllAssets 0.132ms
			AudioContainerPostProcessor.OnPostprocessAllAssets 0.066ms
	PostAssetChangesProfiler: 8.307ms
	UnloadStreamsBegin: 8.327ms
	PersistCurrentRevisions: 0.333ms
	GenerateScriptTypeHashes: 5.595ms
	GenerateScriptTypeSerializationHashes: 9.748ms
	Untracked: 5424.536ms

Application.AssetDatabase Initial Refresh End
Shader Hidden/ChartRasterizerHardware is not supported: GPU does not support conservative rasterization
Scanning for USB devices : 2.170ms
Initializing Unity extensions:
[MODES] ModeService[none].Initialize
[MODES] ModeService[none].LoadModes
[MODES] Loading mode Default (0) for mode-current-id-rustline
Unloading 47 Unused Serialized files (Serialized files now loaded: 0)
Unloading 7079 unused Assets / (2.4 MB). Loaded Objects now: 7923.
Memory consumption went from 223.3 MB to 221.0 MB.
Total: 13.779600 ms (FindLiveObjects: 1.783900 ms CreateObjectMapping: 0.397900 ms MarkObjects: 8.906100 ms  DeleteObjects: 2.682400 ms)

Start importing Assets/Art/Characters/Player/Sprites/Body/player_salvager_body_idle.png using Guid(28bb6d46b95053340a9d863983c920c7) (TextureImporter) -> (Import Result ID: '6bb791871f85c7dc642d0dd1079a6347') in 0.0069193 seconds [static and dynamic dependencies]. Details - ImportResultOutputID=940faf56eac919c93da66b7f3177c5bd DependenciesID=0dcb1900ec03a4631e6b686e09acb935 StaticDependenciesID=e8b190d81b98f34fdee5447d141b719d 
Asset Pipeline Refresh (id=ecff919d8e2ffa8478a06b879d3cbfd9): Total: 0.133 seconds - Initiated by StopAssetImportingV2(NoUpdateAssetOptions)
Start importing Assets/Art/Characters/Player/Sprites/Body/player_salvager_body_idle.png using Guid(28bb6d46b95053340a9d863983c920c7) (TextureImporter) -> (Import Result ID: '6bb791871f85c7dc642d0dd1079a6347') in 0.0071278 seconds [static and dynamic dependencies]. Details - ImportResultOutputID=940faf56eac919c93da66b7f3177c5bd DependenciesID=0dcb1900ec03a4631e6b686e09acb935 StaticDependenciesID=e8b190d81b98f34fdee5447d141b719d 
Asset Pipeline Refresh (id=4af28440579cc7e489da834e38d5703a): Total: 0.030 seconds - Initiated by StopAssetImportingV2(NoUpdateAssetOptions)
Start importing Assets/Art/Characters/Player/Sprites/Body/player_salvager_body_run.png using Guid(6ed3e62d61cf213469c99c74d86a6821) (TextureImporter) -> (Import Result ID: '38c0ad57e73068ab745039a3c6e0dc0b') in 0.0080015 seconds [static and dynamic dependencies]. Details - ImportResultOutputID=673b881a4bb7f229f9364e901d351350 DependenciesID=2c6888b8c2c4d574302d8dcc8a1b6aef StaticDependenciesID=3bce47c0484585b7b4f60422f17939ee 
Asset Pipeline Refresh (id=3a5fcc36b84014e4ba7ce76995543610): Total: 0.029 seconds - Initiated by StopAssetImportingV2(NoUpdateAssetOptions)
Start importing Assets/Art/Characters/Player/Sprites/Body/player_salvager_body_run.png using Guid(6ed3e62d61cf213469c99c74d86a6821) (TextureImporter) -> (Import Result ID: '38c0ad57e73068ab745039a3c6e0dc0b') in 0.0084001 seconds [static and dynamic dependencies]. Details - ImportResultOutputID=673b881a4bb7f229f9364e901d351350 DependenciesID=2c6888b8c2c4d574302d8dcc8a1b6aef StaticDependenciesID=3bce47c0484585b7b4f60422f17939ee 
Asset Pipeline Refresh (id=3032f2fb7495ae0449e3455cd3181a64): Total: 0.033 seconds - Initiated by StopAssetImportingV2(NoUpdateAssetOptions)
Start importing Assets/Art/Characters/Player/Sprites/Body/player_salvager_body_backpedal.png using Guid(6f52a5fc36e110149a412f9cb94219d6) (TextureImporter) -> (Import Result ID: '1a5db86dc34ea2e0a4602d13be2bed2c') in 0.0081291 seconds [static and dynamic dependencies]. Details - ImportResultOutputID=3c74507e9db89927702146a88ae3a78e DependenciesID=4015bfb44893fc0df8c4ebd284ec1d8b StaticDependenciesID=a3419290713b0383247f5f1e5db50d7d 
Asset Pipeline Refresh (id=2fe2187c56293c64c80ab297674d277a): Total: 0.034 seconds - Initiated by StopAssetImportingV2(NoUpdateAssetOptions)
Start importing Assets/Art/Characters/Player/Sprites/Body/player_salvager_body_backpedal.png using Guid(6f52a5fc36e110149a412f9cb94219d6) (TextureImporter) -> (Import Result ID: '1a5db86dc34ea2e0a4602d13be2bed2c') in 0.0071761 seconds [static and dynamic dependencies]. Details - ImportResultOutputID=3c74507e9db89927702146a88ae3a78e DependenciesID=4015bfb44893fc0df8c4ebd284ec1d8b StaticDependenciesID=a3419290713b0383247f5f1e5db50d7d 
Asset Pipeline Refresh (id=8c12bdbff3a28a7459a7902e29f3ff9e): Total: 0.031 seconds - Initiated by StopAssetImportingV2(NoUpdateAssetOptions)
Start importing Assets/Art/Characters/Player/Sprites/Body/player_salvager_body_jump.png using Guid(bc505baabad36b84f8139879ed0a9503) (TextureImporter) -> (Import Result ID: '570361b6c58b243ac2c30290765ef05b') in 0.0094617 seconds [static and dynamic dependencies]. Details - ImportResultOutputID=19d5e12a0ad7b4b462b5db072cd4b104 DependenciesID=c60e5638dfe8ddb0aace2fbbaa0967a9 StaticDependenciesID=bf3a97055d1d811d30eb269c9896ff6f 
Refreshing native plugins compatible for Editor in 3.15 ms, found 4 plugins.
Asset Pipeline Refresh (id=0ffd8a0e50a726242a34bd974a81142b): Total: 0.038 seconds - Initiated by StopAssetImportingV2(NoUpdateAssetOptions)
Start importing Assets/Art/Characters/Player/Sprites/Body/player_salvager_body_jump.png using Guid(bc505baabad36b84f8139879ed0a9503) (TextureImporter) -> (Import Result ID: '570361b6c58b243ac2c30290765ef05b') in 0.0061913 seconds [static and dynamic dependencies]. Details - ImportResultOutputID=19d5e12a0ad7b4b462b5db072cd4b104 DependenciesID=c60e5638dfe8ddb0aace2fbbaa0967a9 StaticDependenciesID=bf3a97055d1d811d30eb269c9896ff6f 
Asset Pipeline Refresh (id=b4bdb4d40740f8046a0891c8bbf00c8f): Total: 0.028 seconds - Initiated by StopAssetImportingV2(NoUpdateAssetOptions)
Start importing Assets/Art/Characters/Player/Sprites/Body/player_salvager_body_fall.png using Guid(467ef8f65985cc44fada5f0d70207087) (TextureImporter) -> (Import Result ID: 'c2b3410505ef7541ac5c66b3ca0d12cf') in 0.0060607 seconds [static and dynamic dependencies]. Details - ImportResultOutputID=8229923b8c446439a20803869412ea48 DependenciesID=5bbd3376b7bada5f88ca03deee7a4a5a StaticDependenciesID=2a95999778eb1f8f1a0dbd2b38afacf5 
Asset Pipeline Refresh (id=313bb277aa9535442a82cfba399c07eb): Total: 0.031 seconds - Initiated by StopAssetImportingV2(NoUpdateAssetOptions)
Start importing Assets/Art/Characters/Player/Sprites/Body/player_salvager_body_fall.png using Guid(467ef8f65985cc44fada5f0d70207087) (TextureImporter) -> (Import Result ID: 'c2b3410505ef7541ac5c66b3ca0d12cf') in 0.0088316 seconds [static and dynamic dependencies]. Details - ImportResultOutputID=8229923b8c446439a20803869412ea48 DependenciesID=5bbd3376b7bada5f88ca03deee7a4a5a StaticDependenciesID=2a95999778eb1f8f1a0dbd2b38afacf5 
Asset Pipeline Refresh (id=afac46368171e2e4a863e821f0fd3919): Total: 0.032 seconds - Initiated by StopAssetImportingV2(NoUpdateAssetOptions)
Start importing Assets/Art/Characters/Player/Sprites/Body/player_salvager_body_land.png using Guid(0a2b19989805f054d8d884d4ffca2ef6) (TextureImporter) -> (Import Result ID: 'e7c69c82c3ef2ef778de7a99c7a364a3') in 0.0079441 seconds [static and dynamic dependencies]. Details - ImportResultOutputID=83d4243047d38f8f8e173a5578d9d596 DependenciesID=005190261446c6c9f869eed38369dcc1 StaticDependenciesID=8621ffd8cf220da08c9c2dd88c6ab4d0 
Asset Pipeline Refresh (id=8ce8ac2f132407348970d0d2c3f659e9): Total: 0.031 seconds - Initiated by StopAssetImportingV2(NoUpdateAssetOptions)
Start importing Assets/Art/Characters/Player/Sprites/Body/player_salvager_body_land.png using Guid(0a2b19989805f054d8d884d4ffca2ef6) (TextureImporter) -> (Import Result ID: 'e7c69c82c3ef2ef778de7a99c7a364a3') in 0.0064268 seconds [static and dynamic dependencies]. Details - ImportResultOutputID=83d4243047d38f8f8e173a5578d9d596 DependenciesID=005190261446c6c9f869eed38369dcc1 StaticDependenciesID=8621ffd8cf220da08c9c2dd88c6ab4d0 
Refreshing native plugins compatible for Editor in 2.28 ms, found 4 plugins.
Asset Pipeline Refresh (id=e5447a524bc08c5409805f1bb8486e23): Total: 0.036 seconds - Initiated by StopAssetImportingV2(NoUpdateAssetOptions)
Start importing Assets/Art/Characters/Player/Sprites/Body/player_salvager_body_crouch.png using Guid(2e177b38b59905349be658f285a832b4) (TextureImporter) -> (Import Result ID: 'cfd11c2b54327d75ba4ff77839583e87') in 0.0121147 seconds [static and dynamic dependencies]. Details - ImportResultOutputID=b8dc32dd6c9ea7383d95ce4fdc4789ef DependenciesID=64a2e403c3794eb27c1fa70b988c0473 StaticDependenciesID=23db357ea2397a98bfceb905cb90b372 
Asset Pipeline Refresh (id=596b0ba2139580f4b9447ad46e66c8f5): Total: 0.036 seconds - Initiated by StopAssetImportingV2(NoUpdateAssetOptions)
Start importing Assets/Art/Characters/Player/Sprites/Body/player_salvager_body_crouch.png using Guid(2e177b38b59905349be658f285a832b4) (TextureImporter) -> (Import Result ID: 'cfd11c2b54327d75ba4ff77839583e87') in 0.0078304 seconds [static and dynamic dependencies]. Details - ImportResultOutputID=b8dc32dd6c9ea7383d95ce4fdc4789ef DependenciesID=64a2e403c3794eb27c1fa70b988c0473 StaticDependenciesID=23db357ea2397a98bfceb905cb90b372 
Asset Pipeline Refresh (id=db0096e8398e69b459029c38ba88ebc9): Total: 0.030 seconds - Initiated by StopAssetImportingV2(NoUpdateAssetOptions)
Start importing Assets/Art/Characters/Player/Sprites/Body/player_salvager_body_wall_brace.png using Guid(bcee2fef62fc7004b9f67cdc5a4db535) (TextureImporter) -> (Import Result ID: 'abd441793b78d6f1a995fc184d446f71') in 0.0086429 seconds [static and dynamic dependencies]. Details - ImportResultOutputID=58da54aa1fd29e7a30c1e0223c4f5086 DependenciesID=187c0445b6495f5faef7b5209de29625 StaticDependenciesID=f3232cca71d3f1fb05709e17810b1c4c 
Refreshing native plugins compatible for Editor in 2.94 ms, found 4 plugins.
Asset Pipeline Refresh (id=37914870b6d51d64dbf57a117a46aae3): Total: 0.036 seconds - Initiated by StopAssetImportingV2(NoUpdateAssetOptions)
Start importing Assets/Art/Characters/Player/Sprites/Body/player_salvager_body_wall_brace.png using Guid(bcee2fef62fc7004b9f67cdc5a4db535) (TextureImporter) -> (Import Result ID: 'abd441793b78d6f1a995fc184d446f71') in 0.0066173 seconds [static and dynamic dependencies]. Details - ImportResultOutputID=58da54aa1fd29e7a30c1e0223c4f5086 DependenciesID=187c0445b6495f5faef7b5209de29625 StaticDependenciesID=f3232cca71d3f1fb05709e17810b1c4c 
Asset Pipeline Refresh (id=e8f6d495d7dc180469236acf509aff5c): Total: 0.035 seconds - Initiated by StopAssetImportingV2(NoUpdateAssetOptions)
Start importing Assets/Art/Characters/Player/Sprites/Body/player_salvager_body_ledge_climb.png using Guid(a1348bcf73f1e9c4e800720ebd81c1d7) (TextureImporter) -> (Import Result ID: '298005fa9efef226a94da863dc75b729') in 0.0080908 seconds [static and dynamic dependencies]. Details - ImportResultOutputID=7502f6646c051f5afcf4e93785eeeb38 DependenciesID=c535d3da68135e063ef1443d0cae4cfe StaticDependenciesID=2e2291ce9cc892e5dfa6e66707d49d7c 
Asset Pipeline Refresh (id=f76c9d8eac53ffa40a53593d7817effb): Total: 0.032 seconds - Initiated by StopAssetImportingV2(NoUpdateAssetOptions)
Start importing Assets/Art/Characters/Player/Sprites/Body/player_salvager_body_ledge_climb.png using Guid(a1348bcf73f1e9c4e800720ebd81c1d7) (TextureImporter) -> (Import Result ID: '68c31b3d7d0e878d5335ab15e432b06e') in 0.009094 seconds [static and dynamic dependencies]. Details - ImportResultOutputID=a2368e4c7bd952e08a403d442603512c DependenciesID=d6ae8763be81e7a01aade95a7d7f7ce5 StaticDependenciesID=3c7f7fbcb6cda652be1f18919fd5205a 
Asset Pipeline Refresh (id=d585582c43bae9f459af3eb1a4b2a3de): Total: 0.092 seconds - Initiated by StopAssetImportingV2(NoUpdateAssetOptions)
Start importing Assets/Art/Characters/Player/Sprites/Arms/Unarmed/player_salvager_arms_idle.png using Guid(9d70f33642c47ea4dabd95d1392665d4) (TextureImporter) -> (Import Result ID: 'a6562f60180ac7df1b7243ceae8e890a') in 0.0061657 seconds [static and dynamic dependencies]. Details - ImportResultOutputID=6bd5e771ecdd3a05310b8a731e84caca DependenciesID=b9483e163fa6c3b4f43a70b77c2c42ce StaticDependenciesID=ddaf59f390c37dc7e45c03fcf2d319a7 
Asset Pipeline Refresh (id=3122021ed63f71e4c81fd1e383e5d1e6): Total: 0.030 seconds - Initiated by StopAssetImportingV2(NoUpdateAssetOptions)
Start importing Assets/Art/Characters/Player/Sprites/Arms/Unarmed/player_salvager_arms_idle.png using Guid(9d70f33642c47ea4dabd95d1392665d4) (TextureImporter) -> (Import Result ID: 'a6562f60180ac7df1b7243ceae8e890a') in 0.0052022 seconds [static and dynamic dependencies]. Details - ImportResultOutputID=6bd5e771ecdd3a05310b8a731e84caca DependenciesID=b9483e163fa6c3b4f43a70b77c2c42ce StaticDependenciesID=ddaf59f390c37dc7e45c03fcf2d319a7 
Refreshing native plugins compatible for Editor in 2.25 ms, found 4 plugins.
Asset Pipeline Refresh (id=eb0135dc608548e40b33c5741229122c): Total: 0.027 seconds - Initiated by StopAssetImportingV2(NoUpdateAssetOptions)
Start importing Assets/Art/Characters/Player/Sprites/Arms/Unarmed/player_salvager_arms_run.png using Guid(1a266e9e42db4e94e9e7e743e6eff028) (TextureImporter) -> (Import Result ID: '9dd6620f664634d83e70712176bc5e7d') in 0.0128037 seconds [static and dynamic dependencies]. Details - ImportResultOutputID=49471d0d0391b8a396751131cae26ffa DependenciesID=5b8b7bc1aac245a4aba0beed3ea1fe5c StaticDependenciesID=9cc21096911b1dd5b4d6e8d0369a359b 
Refreshing native plugins compatible for Editor in 2.57 ms, found 4 plugins.
Asset Pipeline Refresh (id=680df328d4176fc4d9d0d69b7ec4ac5e): Total: 0.038 seconds - Initiated by StopAssetImportingV2(NoUpdateAssetOptions)
Start importing Assets/Art/Characters/Player/Sprites/Arms/Unarmed/player_salvager_arms_run.png using Guid(1a266e9e42db4e94e9e7e743e6eff028) (TextureImporter) -> (Import Result ID: '9dd6620f664634d83e70712176bc5e7d') in 0.0084667 seconds [static and dynamic dependencies]. Details - ImportResultOutputID=49471d0d0391b8a396751131cae26ffa DependenciesID=5b8b7bc1aac245a4aba0beed3ea1fe5c StaticDependenciesID=9cc21096911b1dd5b4d6e8d0369a359b 
Asset Pipeline Refresh (id=a17137c5927c39b47bb93030cdc99360): Total: 0.029 seconds - Initiated by StopAssetImportingV2(NoUpdateAssetOptions)
Start importing Assets/Art/Characters/Player/Sprites/Arms/Unarmed/player_salvager_arms_backpedal.png using Guid(7f0b0600b7bf095458c2cfe519728cf9) (TextureImporter) -> (Import Result ID: '3e8a44f12693749a1b641d1d1e7e0166') in 0.0090993 seconds [static and dynamic dependencies]. Details - ImportResultOutputID=fd1e52b277cc873d972e8ee220ed142c DependenciesID=3869a0079b051c45f60744980a8db98c StaticDependenciesID=ab7ab8cdc2e26b83c259d1262a114134 
Asset Pipeline Refresh (id=67b647d9cc6a3b640b52f63653935ba1): Total: 0.035 seconds - Initiated by StopAssetImportingV2(NoUpdateAssetOptions)
Start importing Assets/Art/Characters/Player/Sprites/Arms/Unarmed/player_salvager_arms_backpedal.png using Guid(7f0b0600b7bf095458c2cfe519728cf9) (TextureImporter) -> (Import Result ID: '3e8a44f12693749a1b641d1d1e7e0166') in 0.0122432 seconds [static and dynamic dependencies]. Details - ImportResultOutputID=fd1e52b277cc873d972e8ee220ed142c DependenciesID=3869a0079b051c45f60744980a8db98c StaticDependenciesID=ab7ab8cdc2e26b83c259d1262a114134 
Asset Pipeline Refresh (id=f7d62bb7ebc9ff04aaf24b71789251fa): Total: 0.042 seconds - Initiated by StopAssetImportingV2(NoUpdateAssetOptions)
Start importing Assets/Art/Characters/Player/Sprites/Arms/Unarmed/player_salvager_arms_jump.png using Guid(d9196537766afe240afbd395db61eb66) (TextureImporter) -> (Import Result ID: 'e315f194614aa79877128caac384a596') in 0.0079553 seconds [static and dynamic dependencies]. Details - ImportResultOutputID=3d999990969aa56d539a781f4ee8f5c4 DependenciesID=df4e625be81c3c1c6d5b3b2168fa3c34 StaticDependenciesID=2ae08e62f428e9dbf0bd9adb8fc3ce0d 
Asset Pipeline Refresh (id=84c7dcacb0cdfc04e94ef5f48f3c9180): Total: 0.036 seconds - Initiated by StopAssetImportingV2(NoUpdateAssetOptions)
Start importing Assets/Art/Characters/Player/Sprites/Arms/Unarmed/player_salvager_arms_jump.png using Guid(d9196537766afe240afbd395db61eb66) (TextureImporter) -> (Import Result ID: 'e315f194614aa79877128caac384a596') in 0.0067208 seconds [static and dynamic dependencies]. Details - ImportResultOutputID=3d999990969aa56d539a781f4ee8f5c4 DependenciesID=df4e625be81c3c1c6d5b3b2168fa3c34 StaticDependenciesID=2ae08e62f428e9dbf0bd9adb8fc3ce0d 
Asset Pipeline Refresh (id=74750aba40768c949b13aeacd5381353): Total: 0.036 seconds - Initiated by StopAssetImportingV2(NoUpdateAssetOptions)
Start importing Assets/Art/Characters/Player/Sprites/Arms/Unarmed/player_salvager_arms_fall.png using Guid(e4a1ceeb2bb75cf48bce84ed5f40a43d) (TextureImporter) -> (Import Result ID: '105402cf012264f5925ccdd2e4cef11f') in 0.0071707 seconds [static and dynamic dependencies]. Details - ImportResultOutputID=4725963782c12d030d2b830e8c00d5e7 DependenciesID=1a5ee5958d73e343bef508b55a706b56 StaticDependenciesID=3d8119cb13ace31c68a1551a4381489b 
Refreshing native plugins compatible for Editor in 5.18 ms, found 4 plugins.
Asset Pipeline Refresh (id=4d6751c0c5616d04691bd324aefc904b): Total: 0.037 seconds - Initiated by StopAssetImportingV2(NoUpdateAssetOptions)
Start importing Assets/Art/Characters/Player/Sprites/Arms/Unarmed/player_salvager_arms_fall.png using Guid(e4a1ceeb2bb75cf48bce84ed5f40a43d) (TextureImporter) -> (Import Result ID: '105402cf012264f5925ccdd2e4cef11f') in 0.007259 seconds [static and dynamic dependencies]. Details - ImportResultOutputID=4725963782c12d030d2b830e8c00d5e7 DependenciesID=1a5ee5958d73e343bef508b55a706b56 StaticDependenciesID=3d8119cb13ace31c68a1551a4381489b 
Asset Pipeline Refresh (id=9b5b0c504aab72848ad69ea1149d11e7): Total: 0.042 seconds - Initiated by StopAssetImportingV2(NoUpdateAssetOptions)
Start importing Assets/Art/Characters/Player/Sprites/Arms/Unarmed/player_salvager_arms_land.png using Guid(560e2e742335dec42b4e2a4b459fc077) (TextureImporter) -> (Import Result ID: '56caa2a61e0425fa7edb9fa175d0668b') in 0.0064639 seconds [static and dynamic dependencies]. Details - ImportResultOutputID=3eb2837792f04eff5b4f5d33c3f81c79 DependenciesID=5af4e5bb2228da2eb96af6a4c679fd6d StaticDependenciesID=fe251628fddad828c5c72bfeb9547616 
Asset Pipeline Refresh (id=32ffc38860a1fb141bfcebbd755a83a2): Total: 0.030 seconds - Initiated by StopAssetImportingV2(NoUpdateAssetOptions)
Start importing Assets/Art/Characters/Player/Sprites/Arms/Unarmed/player_salvager_arms_land.png using Guid(560e2e742335dec42b4e2a4b459fc077) (TextureImporter) -> (Import Result ID: '56caa2a61e0425fa7edb9fa175d0668b') in 0.0069954 seconds [static and dynamic dependencies]. Details - ImportResultOutputID=3eb2837792f04eff5b4f5d33c3f81c79 DependenciesID=5af4e5bb2228da2eb96af6a4c679fd6d StaticDependenciesID=fe251628fddad828c5c72bfeb9547616 
Asset Pipeline Refresh (id=0546bac64f724bb41bca2e6ac49d8ecd): Total: 0.033 seconds - Initiated by StopAssetImportingV2(NoUpdateAssetOptions)
Start importing Assets/Art/Characters/Player/Sprites/Arms/Unarmed/player_salvager_arms_crouch.png using Guid(2ddc090689ca39a40a54e5a2d0f4e8b2) (TextureImporter) -> (Import Result ID: '236f5998341ffdb0e5829b661f3c0b88') in 0.0108463 seconds [static and dynamic dependencies]. Details - ImportResultOutputID=cf72929655cc5e7cb554da0976ed880b DependenciesID=e9acd7202e8aebc3ca5e19ee4f9a819c StaticDependenciesID=52493d8a4a6ead310cab8874217164bd 
Refreshing native plugins compatible for Editor in 2.90 ms, found 4 plugins.
Asset Pipeline Refresh (id=26b87bd4d649d6948bcfc16b3a3cd124): Total: 0.040 seconds - Initiated by StopAssetImportingV2(NoUpdateAssetOptions)
Start importing Assets/Art/Characters/Player/Sprites/Arms/Unarmed/player_salvager_arms_crouch.png using Guid(2ddc090689ca39a40a54e5a2d0f4e8b2) (TextureImporter) -> (Import Result ID: '236f5998341ffdb0e5829b661f3c0b88') in 0.0087582 seconds [static and dynamic dependencies]. Details - ImportResultOutputID=cf72929655cc5e7cb554da0976ed880b DependenciesID=e9acd7202e8aebc3ca5e19ee4f9a819c StaticDependenciesID=52493d8a4a6ead310cab8874217164bd 
Refreshing native plugins compatible for Editor in 2.77 ms, found 4 plugins.
Asset Pipeline Refresh (id=dd3a43fb9e0d12b4cbb66fe386c97a67): Total: 0.041 seconds - Initiated by StopAssetImportingV2(NoUpdateAssetOptions)
Start importing Assets/Art/Characters/Player/Sprites/Arms/Unarmed/player_salvager_arms_wall_brace.png using Guid(abe9c228cf8766c4680e0fab0fbac00d) (TextureImporter) -> (Import Result ID: 'ef59fa0eceff08431298edb70d7efdec') in 0.0066708 seconds [static and dynamic dependencies]. Details - ImportResultOutputID=ec26985c06649b8212f66babf106813b DependenciesID=7348154717cad458a92a536f151f5d0e StaticDependenciesID=3678b8ea631a653e61caa6312afc0a9d 
Asset Pipeline Refresh (id=6500bf51bc4b6ac45a0916357f560c3e): Total: 0.034 seconds - Initiated by StopAssetImportingV2(NoUpdateAssetOptions)
Start importing Assets/Art/Characters/Player/Sprites/Arms/Unarmed/player_salvager_arms_wall_brace.png using Guid(abe9c228cf8766c4680e0fab0fbac00d) (TextureImporter) -> (Import Result ID: 'ef59fa0eceff08431298edb70d7efdec') in 0.0094697 seconds [static and dynamic dependencies]. Details - ImportResultOutputID=ec26985c06649b8212f66babf106813b DependenciesID=7348154717cad458a92a536f151f5d0e StaticDependenciesID=3678b8ea631a653e61caa6312afc0a9d 
Refreshing native plugins compatible for Editor in 2.12 ms, found 4 plugins.
Asset Pipeline Refresh (id=5d0aeaef6bdd2344ea399138ed3e2410): Total: 0.037 seconds - Initiated by StopAssetImportingV2(NoUpdateAssetOptions)
Start importing Assets/Art/Characters/Player/Sprites/Arms/Unarmed/player_salvager_arms_ledge_climb.png using Guid(76faea3811bb43e4d92616d6f5c3e699) (TextureImporter) -> (Import Result ID: '0792ee6362bb342bf39168b515c3ea9b') in 0.0088183 seconds [static and dynamic dependencies]. Details - ImportResultOutputID=2d6ca808ecccbffee060831f21b4d280 DependenciesID=8197ae4e2c280fcecbdd0984e0e6b82a StaticDependenciesID=d2f6ede0a4aac6a104b6222a298aeab1 
Refreshing native plugins compatible for Editor in 2.71 ms, found 4 plugins.
Asset Pipeline Refresh (id=3f8e8f35e852bcc4c8e098b26f461819): Total: 0.035 seconds - Initiated by StopAssetImportingV2(NoUpdateAssetOptions)
Start importing Assets/Art/Characters/Player/Sprites/Arms/Unarmed/player_salvager_arms_ledge_climb.png using Guid(76faea3811bb43e4d92616d6f5c3e699) (TextureImporter) -> (Import Result ID: '67e14ab619933531b0c7bbbda16dcb5a') in 0.0092943 seconds [static and dynamic dependencies]. Details - ImportResultOutputID=cb09d3f98b45a92c9dacf957b1665409 DependenciesID=f66ff73d70e898c981f6fb94b77cc38d StaticDependenciesID=b80532f8b6c157d574ed34ff52e3a96c 
Refreshing native plugins compatible for Editor in 2.29 ms, found 4 plugins.
Asset Pipeline Refresh (id=96a19ee8feeb5894289490ffc84a7483): Total: 0.111 seconds - Initiated by StopAssetImportingV2(NoUpdateAssetOptions)
Start importing Assets/Art/Characters/Player/Sprites/Arms/Armed/longwatch_dmr/Aim/Idle/player_salvager_longwatch_dmr_idle_aim_p90.png using Guid(2d38396863f7dd34fbd6b46467e03c94) (TextureImporter) -> (Import Result ID: 'fa928881826495f67ab9e8462eb68d2e') in 0.0081683 seconds [static and dynamic dependencies]. Details - ImportResultOutputID=d3009900fd60dfe289545c2ca9867bb5 DependenciesID=70522d0aee27db725b3f224a919316ba StaticDependenciesID=611c2acc6e9146a68b784a7178e82657 
Refreshing native plugins compatible for Editor in 6.09 ms, found 4 plugins.
Asset Pipeline Refresh (id=2981c649df68946419d643a303783a9a): Total: 0.043 seconds - Initiated by StopAssetImportingV2(NoUpdateAssetOptions)
Start importing Assets/Art/Characters/Player/Sprites/Arms/Armed/longwatch_dmr/Aim/Idle/player_salvager_longwatch_dmr_idle_aim_p90.png using Guid(2d38396863f7dd34fbd6b46467e03c94) (TextureImporter) -> (Import Result ID: 'fa928881826495f67ab9e8462eb68d2e') in 0.0094379 seconds [static and dynamic dependencies]. Details - ImportResultOutputID=d3009900fd60dfe289545c2ca9867bb5 DependenciesID=70522d0aee27db725b3f224a919316ba StaticDependenciesID=611c2acc6e9146a68b784a7178e82657 
Asset Pipeline Refresh (id=beda94844b1902140b332e81878354f4): Total: 0.038 seconds - Initiated by StopAssetImportingV2(NoUpdateAssetOptions)
Start importing Assets/Art/Characters/Player/Sprites/Arms/Armed/longwatch_dmr/Aim/Run/player_salvager_longwatch_dmr_run_aim_p90.png using Guid(32a8375db813bd04e90a36f419adef8c) (TextureImporter) -> (Import Result ID: '4f23206f2b0c5aa0174b0e194a86f8d8') in 0.0150321 seconds [static and dynamic dependencies]. Details - ImportResultOutputID=ea5dbb1d934a033f370555f26c90f251 DependenciesID=c0f5a586d98679c903b22d3f76ae4a6f StaticDependenciesID=5a31650b93fb9c1535e8e05fcf87446a 
Refreshing native plugins compatible for Editor in 3.26 ms, found 4 plugins.
Asset Pipeline Refresh (id=7791dbfb9e4fc854784fff7c6b23093d): Total: 0.046 seconds - Initiated by StopAssetImportingV2(NoUpdateAssetOptions)
Start importing Assets/Art/Characters/Player/Sprites/Arms/Armed/longwatch_dmr/Aim/Run/player_salvager_longwatch_dmr_run_aim_p90.png using Guid(32a8375db813bd04e90a36f419adef8c) (TextureImporter) -> (Import Result ID: '4f23206f2b0c5aa0174b0e194a86f8d8') in 0.0193514 seconds [static and dynamic dependencies]. Details - ImportResultOutputID=ea5dbb1d934a033f370555f26c90f251 DependenciesID=c0f5a586d98679c903b22d3f76ae4a6f StaticDependenciesID=5a31650b93fb9c1535e8e05fcf87446a 
Asset Pipeline Refresh (id=3b89c06e606b2bf479fc36e68ff0ae2a): Total: 0.052 seconds - Initiated by StopAssetImportingV2(NoUpdateAssetOptions)
Start importing Assets/Art/Characters/Player/Sprites/Arms/Armed/longwatch_dmr/Aim/Backpedal/player_salvager_longwatch_dmr_backpedal_aim_p90.png using Guid(5950410975e290446b1d0462a91e12b2) (TextureImporter) -> (Import Result ID: '42dcfb692ddb9107a1dfa93f40cacd28') in 0.0129325 seconds [static and dynamic dependencies]. Details - ImportResultOutputID=26934059f8838236a5c19915d8bf0100 DependenciesID=5ddab70768a4e392400a6dc2cc5ebe87 StaticDependenciesID=44cfd1579ca2c4de6bb93f084f8409cf 
Asset Pipeline Refresh (id=41f3f7fa0d18db944b9b61869c2b4f9d): Total: 0.045 seconds - Initiated by StopAssetImportingV2(NoUpdateAssetOptions)
Start importing Assets/Art/Characters/Player/Sprites/Arms/Armed/longwatch_dmr/Aim/Backpedal/player_salvager_longwatch_dmr_backpedal_aim_p90.png using Guid(5950410975e290446b1d0462a91e12b2) (TextureImporter) -> (Import Result ID: '42dcfb692ddb9107a1dfa93f40cacd28') in 0.0125974 seconds [static and dynamic dependencies]. Details - ImportResultOutputID=26934059f8838236a5c19915d8bf0100 DependenciesID=5ddab70768a4e392400a6dc2cc5ebe87 StaticDependenciesID=44cfd1579ca2c4de6bb93f084f8409cf 
Refreshing native plugins compatible for Editor in 2.28 ms, found 4 plugins.
Asset Pipeline Refresh (id=fa7aba7fc44b26a44a74def1f7da2276): Total: 0.045 seconds - Initiated by StopAssetImportingV2(NoUpdateAssetOptions)
Start importing Assets/Art/Characters/Player/Sprites/Arms/Armed/longwatch_dmr/Aim/Crouch/player_salvager_longwatch_dmr_crouch_aim_p90.png using Guid(0bc6d2a6bc281b74e9aab7af5cbafc41) (TextureImporter) -> (Import Result ID: 'bc455ccffe1be14b5712fb884b14c8d8') in 0.0129898 seconds [static and dynamic dependencies]. Details - ImportResultOutputID=6e15dc67649464eb8b994c9a6e2fcf9a DependenciesID=23391ce2080cd67ddec733db68a6cc55 StaticDependenciesID=ddecff58eceb555dc0a7d446b4b3194a 
Asset Pipeline Refresh (id=c4f15b50c902746438f09263ee4c16d9): Total: 0.039 seconds - Initiated by StopAssetImportingV2(NoUpdateAssetOptions)
Start importing Assets/Art/Characters/Player/Sprites/Arms/Armed/longwatch_dmr/Aim/Crouch/player_salvager_longwatch_dmr_crouch_aim_p90.png using Guid(0bc6d2a6bc281b74e9aab7af5cbafc41) (TextureImporter) -> (Import Result ID: 'bc455ccffe1be14b5712fb884b14c8d8') in 0.0110521 seconds [static and dynamic dependencies]. Details - ImportResultOutputID=6e15dc67649464eb8b994c9a6e2fcf9a DependenciesID=23391ce2080cd67ddec733db68a6cc55 StaticDependenciesID=ddecff58eceb555dc0a7d446b4b3194a 
Refreshing native plugins compatible for Editor in 2.05 ms, found 4 plugins.
Asset Pipeline Refresh (id=feba2bc03a0fee2409dab6c3b2005f89): Total: 0.042 seconds - Initiated by StopAssetImportingV2(NoUpdateAssetOptions)
Start importing Assets/Art/Characters/Player/Sprites/Arms/Armed/longwatch_dmr/Aim/Fall/player_salvager_longwatch_dmr_fall_aim_p90.png using Guid(69034688af704fb40b44778dcdfdd65f) (TextureImporter) -> (Import Result ID: 'bcdfe4961ade66573517e0e16cd459e8') in 0.0088886 seconds [static and dynamic dependencies]. Details - ImportResultOutputID=2d7880b1f24d033473d5319fb768e29c DependenciesID=048fd50ec1124504c6d066e42dca9a8d StaticDependenciesID=845b733d6e8cd09cf3c6b5b373ca7959 
Refreshing native plugins compatible for Editor in 3.01 ms, found 4 plugins.
Asset Pipeline Refresh (id=3350416178438d9419e87ab2b87fe69a): Total: 0.038 seconds - Initiated by StopAssetImportingV2(NoUpdateAssetOptions)
Start importing Assets/Art/Characters/Player/Sprites/Arms/Armed/longwatch_dmr/Aim/Fall/player_salvager_longwatch_dmr_fall_aim_p90.png using Guid(69034688af704fb40b44778dcdfdd65f) (TextureImporter) -> (Import Result ID: 'bcdfe4961ade66573517e0e16cd459e8') in 0.0090004 seconds [static and dynamic dependencies]. Details - ImportResultOutputID=2d7880b1f24d033473d5319fb768e29c DependenciesID=048fd50ec1124504c6d066e42dca9a8d StaticDependenciesID=845b733d6e8cd09cf3c6b5b373ca7959 
Refreshing native plugins compatible for Editor in 3.92 ms, found 4 plugins.
Asset Pipeline Refresh (id=7849a0bf59dbae64187ce7d27395c641): Total: 0.039 seconds - Initiated by StopAssetImportingV2(NoUpdateAssetOptions)
Start importing Assets/Art/Characters/Player/Sprites/Arms/Armed/longwatch_dmr/Aim/Idle/player_salvager_longwatch_dmr_idle_aim_p80.png using Guid(ad64e5992e2f70041b70e5412bc0570e) (TextureImporter) -> (Import Result ID: 'bd2f157a43e4264bb537d4703ee42b88') in 0.0123698 seconds [static and dynamic dependencies]. Details - ImportResultOutputID=9f6e4549ea8483757ac7fc03b9e8f018 DependenciesID=d0b523284ee31b4cd6239d884d998c12 StaticDependenciesID=2469a9652999884172629e53150f4347 
Asset Pipeline Refresh (id=4f45b889974831843b6ea02c18b2a40e): Total: 0.052 seconds - Initiated by StopAssetImportingV2(NoUpdateAssetOptions)
Start importing Assets/Art/Characters/Player/Sprites/Arms/Armed/longwatch_dmr/Aim/Idle/player_salvager_longwatch_dmr_idle_aim_p80.png using Guid(ad64e5992e2f70041b70e5412bc0570e) (TextureImporter) -> (Import Result ID: 'bd2f157a43e4264bb537d4703ee42b88') in 0.0081116 seconds [static and dynamic dependencies]. Details - ImportResultOutputID=9f6e4549ea8483757ac7fc03b9e8f018 DependenciesID=d0b523284ee31b4cd6239d884d998c12 StaticDependenciesID=2469a9652999884172629e53150f4347 
Refreshing native plugins compatible for Editor in 2.01 ms, found 4 plugins.
Asset Pipeline Refresh (id=ab1f98966548a4b40880ec270736da62): Total: 0.040 seconds - Initiated by StopAssetImportingV2(NoUpdateAssetOptions)
Start importing Assets/Art/Characters/Player/Sprites/Arms/Armed/longwatch_dmr/Aim/Run/player_salvager_longwatch_dmr_run_aim_p80.png using Guid(b44537dda889e2b468cdfb53951c5474) (TextureImporter) -> (Import Result ID: '744faf5885a92f2759439059d494f9ed') in 0.0141252 seconds [static and dynamic dependencies]. Details - ImportResultOutputID=9b32adbda6c1de51ae44b828750e6dae DependenciesID=6a3454c7f2c1213648dd1be724bc0d42 StaticDependenciesID=c02a43f95c0fa144040868fd83444422 
Refreshing native plugins compatible for Editor in 2.44 ms, found 4 plugins.
Asset Pipeline Refresh (id=9b6cce6c20737c64aa8d6db60cdc5238): Total: 0.047 seconds - Initiated by StopAssetImportingV2(NoUpdateAssetOptions)
Start importing Assets/Art/Characters/Player/Sprites/Arms/Armed/longwatch_dmr/Aim/Run/player_salvager_longwatch_dmr_run_aim_p80.png using Guid(b44537dda889e2b468cdfb53951c5474) (TextureImporter) -> (Import Result ID: '744faf5885a92f2759439059d494f9ed') in 0.0126622 seconds [static and dynamic dependencies]. Details - ImportResultOutputID=9b32adbda6c1de51ae44b828750e6dae DependenciesID=6a3454c7f2c1213648dd1be724bc0d42 StaticDependenciesID=c02a43f95c0fa144040868fd83444422 
Refreshing native plugins compatible for Editor in 4.24 ms, found 4 plugins.
Asset Pipeline Refresh (id=0a3eacc1611211c4e929aefaae322349): Total: 0.052 seconds - Initiated by StopAssetImportingV2(NoUpdateAssetOptions)
Start importing Assets/Art/Characters/Player/Sprites/Arms/Armed/longwatch_dmr/Aim/Backpedal/player_salvager_longwatch_dmr_backpedal_aim_p80.png using Guid(a523b2c77b3ca5c4b9f4df00a79ab40f) (TextureImporter) -> (Import Result ID: '50b4a3c2dd0c7d1e7ff6da4dea3d0f75') in 0.0129957 seconds [static and dynamic dependencies]. Details - ImportResultOutputID=0b3b5293cd80646c72ffa20a7bf1e258 DependenciesID=08203aa5a8b9cd902ea4849c83f6b1cb StaticDependenciesID=c6a3efc2ba87112c64feef6ec9ed868c 
Asset Pipeline Refresh (id=3e47e02f6813f774189528698f0d318b): Total: 0.040 seconds - Initiated by StopAssetImportingV2(NoUpdateAssetOptions)
Start importing Assets/Art/Characters/Player/Sprites/Arms/Armed/longwatch_dmr/Aim/Backpedal/player_salvager_longwatch_dmr_backpedal_aim_p80.png using Guid(a523b2c77b3ca5c4b9f4df00a79ab40f) (TextureImporter) -> (Import Result ID: '50b4a3c2dd0c7d1e7ff6da4dea3d0f75') in 0.0093222 seconds [static and dynamic dependencies]. Details - ImportResultOutputID=0b3b5293cd80646c72ffa20a7bf1e258 DependenciesID=08203aa5a8b9cd902ea4849c83f6b1cb StaticDependenciesID=c6a3efc2ba87112c64feef6ec9ed868c 
Refreshing native plugins compatible for Editor in 2.22 ms, found 4 plugins.
Asset Pipeline Refresh (id=d9cb43bcfff424540bfe5c9caa94e1f0): Total: 0.036 seconds - Initiated by StopAssetImportingV2(NoUpdateAssetOptions)
Start importing Assets/Art/Characters/Player/Sprites/Arms/Armed/longwatch_dmr/Aim/Crouch/player_salvager_longwatch_dmr_crouch_aim_p80.png using Guid(6d092f3cebf031941aa9c70e63a32ed0) (TextureImporter) -> (Import Result ID: 'f9c6b5780bb22ab1e536af6d2a6c3ccf') in 0.0176727 seconds [static and dynamic dependencies]. Details - ImportResultOutputID=180e84af606d0a649426e55f51c910f0 DependenciesID=760da06c7e4c85a8bc98bcdcf9ea5e86 StaticDependenciesID=a6ef2a6d93f0d9ace07a012489f3971c 
Asset Pipeline Refresh (id=b640672264966a1419fb409e9efd2ef0): Total: 0.055 seconds - Initiated by StopAssetImportingV2(NoUpdateAssetOptions)
Start importing Assets/Art/Characters/Player/Sprites/Arms/Armed/longwatch_dmr/Aim/Crouch/player_salvager_longwatch_dmr_crouch_aim_p80.png using Guid(6d092f3cebf031941aa9c70e63a32ed0) (TextureImporter) -> (Import Result ID: 'f9c6b5780bb22ab1e536af6d2a6c3ccf') in 0.0090969 seconds [static and dynamic dependencies]. Details - ImportResultOutputID=180e84af606d0a649426e55f51c910f0 DependenciesID=760da06c7e4c85a8bc98bcdcf9ea5e86 StaticDependenciesID=a6ef2a6d93f0d9ace07a012489f3971c 
Refreshing native plugins compatible for Editor in 2.20 ms, found 4 plugins.
Asset Pipeline Refresh (id=b8772625bcd9c06479285ce32bd269eb): Total: 0.031 seconds - Initiated by StopAssetImportingV2(NoUpdateAssetOptions)
Start importing Assets/Art/Characters/Player/Sprites/Arms/Armed/longwatch_dmr/Aim/Fall/player_salvager_longwatch_dmr_fall_aim_p80.png using Guid(17632c46d2a9d984bb5df5eb77a42a39) (TextureImporter) -> (Import Result ID: '1e0faf242b2375154508fc71d394ba16') in 0.0099888 seconds [static and dynamic dependencies]. Details - ImportResultOutputID=986b4afcf301956276e44cdec148c4bc DependenciesID=2a77091e3756eb5994440c233a2bf18f StaticDependenciesID=d50c03a750051a8649a93a3c6589172a 
Refreshing native plugins compatible for Editor in 4.56 ms, found 4 plugins.
Asset Pipeline Refresh (id=4cef5695ec36ec24dbcb7dcd5e2cefe7): Total: 0.042 seconds - Initiated by StopAssetImportingV2(NoUpdateAssetOptions)
Start importing Assets/Art/Characters/Player/Sprites/Arms/Armed/longwatch_dmr/Aim/Fall/player_salvager_longwatch_dmr_fall_aim_p80.png using Guid(17632c46d2a9d984bb5df5eb77a42a39) (TextureImporter) -> (Import Result ID: '1e0faf242b2375154508fc71d394ba16') in 0.0136407 seconds [static and dynamic dependencies]. Details - ImportResultOutputID=986b4afcf301956276e44cdec148c4bc DependenciesID=2a77091e3756eb5994440c233a2bf18f StaticDependenciesID=d50c03a750051a8649a93a3c6589172a 
Refreshing native plugins compatible for Editor in 2.57 ms, found 4 plugins.
Asset Pipeline Refresh (id=d05307943b40e264597bddb6edff4f10): Total: 0.043 seconds - Initiated by StopAssetImportingV2(NoUpdateAssetOptions)
Start importing Assets/Art/Characters/Player/Sprites/Arms/Armed/longwatch_dmr/Aim/Idle/player_salvager_longwatch_dmr_idle_aim_p70.png using Guid(2b3695f34de950846ba14374acda6a98) (TextureImporter) -> (Import Result ID: '49d62a9d62f3b4adf5612f3b092c2e3c') in 0.0090156 seconds [static and dynamic dependencies]. Details - ImportResultOutputID=65f0d25d1447236e998b553686d8544b DependenciesID=229296dc4baeae660dbc8368f15b0a6f StaticDependenciesID=dc7a043746e6d3ec8e908ca4f75703ba 
Refreshing native plugins compatible for Editor in 2.17 ms, found 4 plugins.
Asset Pipeline Refresh (id=907dee0d9e677f241aff82f8f706cf21): Total: 0.040 seconds - Initiated by StopAssetImportingV2(NoUpdateAssetOptions)
Start importing Assets/Art/Characters/Player/Sprites/Arms/Armed/longwatch_dmr/Aim/Idle/player_salvager_longwatch_dmr_idle_aim_p70.png using Guid(2b3695f34de950846ba14374acda6a98) (TextureImporter) -> (Import Result ID: '49d62a9d62f3b4adf5612f3b092c2e3c') in 0.00958 seconds [static and dynamic dependencies]. Details - ImportResultOutputID=65f0d25d1447236e998b553686d8544b DependenciesID=229296dc4baeae660dbc8368f15b0a6f StaticDependenciesID=dc7a043746e6d3ec8e908ca4f75703ba 
Asset Pipeline Refresh (id=d56314779667ef04cab2512d991c3ae6): Total: 0.039 seconds - Initiated by StopAssetImportingV2(NoUpdateAssetOptions)
Start importing Assets/Art/Characters/Player/Sprites/Arms/Armed/longwatch_dmr/Aim/Run/player_salvager_longwatch_dmr_run_aim_p70.png using Guid(b5e31b0c1dc95ec4495084aaac0c02ec) (TextureImporter) -> (Import Result ID: 'db311a7b836d5bfe4142b0f958c9fc5c') in 0.0107941 seconds [static and dynamic dependencies]. Details - ImportResultOutputID=815e89b775947c481ed0357661716781 DependenciesID=0095d31cdd014a3c880ede55fb0e9214 StaticDependenciesID=baa58767b5cfee9676a99a270d64a3d2 
Asset Pipeline Refresh (id=eb0a406aee8a0e342a324f6438daf17f): Total: 0.040 seconds - Initiated by StopAssetImportingV2(NoUpdateAssetOptions)
Start importing Assets/Art/Characters/Player/Sprites/Arms/Armed/longwatch_dmr/Aim/Run/player_salvager_longwatch_dmr_run_aim_p70.png using Guid(b5e31b0c1dc95ec4495084aaac0c02ec) (TextureImporter) -> (Import Result ID: 'db311a7b836d5bfe4142b0f958c9fc5c') in 0.0114124 seconds [static and dynamic dependencies]. Details - ImportResultOutputID=815e89b775947c481ed0357661716781 DependenciesID=0095d31cdd014a3c880ede55fb0e9214 StaticDependenciesID=baa58767b5cfee9676a99a270d64a3d2 
Asset Pipeline Refresh (id=8332c1783d50628498fbeadcf84ea2ee): Total: 0.036 seconds - Initiated by StopAssetImportingV2(NoUpdateAssetOptions)
Start importing Assets/Art/Characters/Player/Sprites/Arms/Armed/longwatch_dmr/Aim/Backpedal/player_salvager_longwatch_dmr_backpedal_aim_p70.png using Guid(67a78bd4f74d0074c9bd0f20401788f1) (TextureImporter) -> (Import Result ID: '911b630363e25721ed90bd749e30376c') in 0.0164473 seconds [static and dynamic dependencies]. Details - ImportResultOutputID=1ced911731cd26d5127d04fc8855f2df DependenciesID=a1b2cce13ea8afb226d641bbcf8a2c75 StaticDependenciesID=7c5c11ceff2c8282a28288cbd86b959d 
Asset Pipeline Refresh (id=04ec213056c7c3f488d2fb3999c98dff): Total: 0.044 seconds - Initiated by StopAssetImportingV2(NoUpdateAssetOptions)
Start importing Assets/Art/Characters/Player/Sprites/Arms/Armed/longwatch_dmr/Aim/Backpedal/player_salvager_longwatch_dmr_backpedal_aim_p70.png using Guid(67a78bd4f74d0074c9bd0f20401788f1) (TextureImporter) -> (Import Result ID: '911b630363e25721ed90bd749e30376c') in 0.008705 seconds [static and dynamic dependencies]. Details - ImportResultOutputID=1ced911731cd26d5127d04fc8855f2df DependenciesID=a1b2cce13ea8afb226d641bbcf8a2c75 StaticDependenciesID=7c5c11ceff2c8282a28288cbd86b959d 
Refreshing native plugins compatible for Editor in 2.45 ms, found 4 plugins.
Asset Pipeline Refresh (id=dd7fcfb3c0c190447a06c4bc41adcf6c): Total: 0.035 seconds - Initiated by StopAssetImportingV2(NoUpdateAssetOptions)
Start importing Assets/Art/Characters/Player/Sprites/Arms/Armed/longwatch_dmr/Aim/Crouch/player_salvager_longwatch_dmr_crouch_aim_p70.png using Guid(a85c3ee297b7b374787ea880875a5b50) (TextureImporter) -> (Import Result ID: '3f47832eae47c938b555ac8d235db743') in 0.0115894 seconds [static and dynamic dependencies]. Details - ImportResultOutputID=a6865622d142988d88e99b3f97f704bb DependenciesID=2d0ea342c4b996959f7f5e76c02d710b StaticDependenciesID=aa7eb71a624196399402aa2ce87682a8 
Refreshing native plugins compatible for Editor in 2.14 ms, found 4 plugins.
Asset Pipeline Refresh (id=172847755b5e23a48b68077c6d4729f0): Total: 0.040 seconds - Initiated by StopAssetImportingV2(NoUpdateAssetOptions)
Start importing Assets/Art/Characters/Player/Sprites/Arms/Armed/longwatch_dmr/Aim/Crouch/player_salvager_longwatch_dmr_crouch_aim_p70.png using Guid(a85c3ee297b7b374787ea880875a5b50) (TextureImporter) -> (Import Result ID: '3f47832eae47c938b555ac8d235db743') in 0.010088 seconds [static and dynamic dependencies]. Details - ImportResultOutputID=a6865622d142988d88e99b3f97f704bb DependenciesID=2d0ea342c4b996959f7f5e76c02d710b StaticDependenciesID=aa7eb71a624196399402aa2ce87682a8 
Refreshing native plugins compatible for Editor in 6.70 ms, found 4 plugins.
Asset Pipeline Refresh (id=e0c7b0229f818a04a8266eadcf949ffb): Total: 0.043 seconds - Initiated by StopAssetImportingV2(NoUpdateAssetOptions)
Start importing Assets/Art/Characters/Player/Sprites/Arms/Armed/longwatch_dmr/Aim/Fall/player_salvager_longwatch_dmr_fall_aim_p70.png using Guid(476d1eb2d931a114d9ece1bff90210a9) (TextureImporter) -> (Import Result ID: '8bc2816acb12c4a98990018d7c4deae8') in 0.0072651 seconds [static and dynamic dependencies]. Details - ImportResultOutputID=f18a7d2458b48f65b7ea84c4f18982fc DependenciesID=d5ccd8e698f46cccdb9811b81f6f9a10 StaticDependenciesID=98a0187bf729093ee8de8f92efed6576 
Refreshing native plugins compatible for Editor in 5.77 ms, found 4 plugins.
Asset Pipeline Refresh (id=d26edf0d0d670db42a4075aa99b1eace): Total: 0.045 seconds - Initiated by StopAssetImportingV2(NoUpdateAssetOptions)
Start importing Assets/Art/Characters/Player/Sprites/Arms/Armed/longwatch_dmr/Aim/Fall/player_salvager_longwatch_dmr_fall_aim_p70.png using Guid(476d1eb2d931a114d9ece1bff90210a9) (TextureImporter) -> (Import Result ID: '8bc2816acb12c4a98990018d7c4deae8') in 0.0064972 seconds [static and dynamic dependencies]. Details - ImportResultOutputID=f18a7d2458b48f65b7ea84c4f18982fc DependenciesID=d5ccd8e698f46cccdb9811b81f6f9a10 StaticDependenciesID=98a0187bf729093ee8de8f92efed6576 
Asset Pipeline Refresh (id=092eaa6b974d96d4e82a20e7dc7f40c4): Total: 0.031 seconds - Initiated by StopAssetImportingV2(NoUpdateAssetOptions)
Start importing Assets/Art/Characters/Player/Sprites/Arms/Armed/longwatch_dmr/Aim/Idle/player_salvager_longwatch_dmr_idle_aim_p60.png using Guid(9f25d2f0fb49191478e046695b5c4881) (TextureImporter) -> (Import Result ID: 'e0c283ccda04b5dc5197eaad82bfa5fe') in 0.0079976 seconds [static and dynamic dependencies]. Details - ImportResultOutputID=1bdecb2ee99d0e7c2993e2a5e81ab9f8 DependenciesID=9d4a40a45083a5f11ca8c5a20a4cd62d StaticDependenciesID=2f2dcaaea8ec43efee96644c236f304b 
Asset Pipeline Refresh (id=5c824aea82f1d774293d7772ab8e3978): Total: 0.033 seconds - Initiated by StopAssetImportingV2(NoUpdateAssetOptions)
Start importing Assets/Art/Characters/Player/Sprites/Arms/Armed/longwatch_dmr/Aim/Idle/player_salvager_longwatch_dmr_idle_aim_p60.png using Guid(9f25d2f0fb49191478e046695b5c4881) (TextureImporter) -> (Import Result ID: 'e0c283ccda04b5dc5197eaad82bfa5fe') in 0.0117553 seconds [static and dynamic dependencies]. Details - ImportResultOutputID=1bdecb2ee99d0e7c2993e2a5e81ab9f8 DependenciesID=9d4a40a45083a5f11ca8c5a20a4cd62d StaticDependenciesID=2f2dcaaea8ec43efee96644c236f304b 
Refreshing native plugins compatible for Editor in 2.86 ms, found 4 plugins.
Asset Pipeline Refresh (id=3bd45590681faf549982491e19a44836): Total: 0.045 seconds - Initiated by StopAssetImportingV2(NoUpdateAssetOptions)
Start importing Assets/Art/Characters/Player/Sprites/Arms/Armed/longwatch_dmr/Aim/Run/player_salvager_longwatch_dmr_run_aim_p60.png using Guid(6ac6fe15fba0cb6498a52545206be5f7) (TextureImporter) -> (Import Result ID: '9c3aa9512fb93e25022e7b899dd16beb') in 0.0115607 seconds [static and dynamic dependencies]. Details - ImportResultOutputID=28e9b4e3084912fc652ea7aeef51740e DependenciesID=93226b21fc6ed6f2826011201186cdd8 StaticDependenciesID=e2ad41e2ff1d28d57616f39aa592f07c 
Asset Pipeline Refresh (id=08e018e9bff80c0448f27ce30db8e9e6): Total: 0.038 seconds - Initiated by StopAssetImportingV2(NoUpdateAssetOptions)
Start importing Assets/Art/Characters/Player/Sprites/Arms/Armed/longwatch_dmr/Aim/Run/player_salvager_longwatch_dmr_run_aim_p60.png using Guid(6ac6fe15fba0cb6498a52545206be5f7) (TextureImporter) -> (Import Result ID: '9c3aa9512fb93e25022e7b899dd16beb') in 0.0137046 seconds [static and dynamic dependencies]. Details - ImportResultOutputID=28e9b4e3084912fc652ea7aeef51740e DependenciesID=93226b21fc6ed6f2826011201186cdd8 StaticDependenciesID=e2ad41e2ff1d28d57616f39aa592f07c 
Refreshing native plugins compatible for Editor in 2.83 ms, found 4 plugins.
Asset Pipeline Refresh (id=8892cb08925ea194a8a35b234b22ab4c): Total: 0.050 seconds - Initiated by StopAssetImportingV2(NoUpdateAssetOptions)
Start importing Assets/Art/Characters/Player/Sprites/Arms/Armed/longwatch_dmr/Aim/Backpedal/player_salvager_longwatch_dmr_backpedal_aim_p60.png using Guid(8c3b2a9990fbec5469314a2329798e5d) (TextureImporter) -> (Import Result ID: '0cc14917de2f8455c65137ba1422d9ab') in 0.0107446 seconds [static and dynamic dependencies]. Details - ImportResultOutputID=f25e5abfd0f3db1788982ffa7e3d8ada DependenciesID=68cb997ecf3e644815598dbf687a0db7 StaticDependenciesID=a275be818e0cbe6a5af725f7bea977e9 
Refreshing native plugins compatible for Editor in 5.21 ms, found 4 plugins.
Asset Pipeline Refresh (id=8a05a887769e71a48b83c1d288717135): Total: 0.042 seconds - Initiated by StopAssetImportingV2(NoUpdateAssetOptions)
Start importing Assets/Art/Characters/Player/Sprites/Arms/Armed/longwatch_dmr/Aim/Backpedal/player_salvager_longwatch_dmr_backpedal_aim_p60.png using Guid(8c3b2a9990fbec5469314a2329798e5d) (TextureImporter) -> (Import Result ID: '0cc14917de2f8455c65137ba1422d9ab') in 0.0164094 seconds [static and dynamic dependencies]. Details - ImportResultOutputID=f25e5abfd0f3db1788982ffa7e3d8ada DependenciesID=68cb997ecf3e644815598dbf687a0db7 StaticDependenciesID=a275be818e0cbe6a5af725f7bea977e9 
Refreshing native plugins compatible for Editor in 5.47 ms, found 4 plugins.
Asset Pipeline Refresh (id=48d887ec3dc2fb44fb571d1399eaa8fc): Total: 0.073 seconds - Initiated by StopAssetImportingV2(NoUpdateAssetOptions)
Start importing Assets/Art/Characters/Player/Sprites/Arms/Armed/longwatch_dmr/Aim/Crouch/player_salvager_longwatch_dmr_crouch_aim_p60.png using Guid(7bee420734adcb94f9383829614efdc6) (TextureImporter) -> (Import Result ID: '5f4751c3d117d3352006f7eae98a31f6') in 0.013855 seconds [static and dynamic dependencies]. Details - ImportResultOutputID=39ce550c2d6cb86b182a9b143f187919 DependenciesID=4383351fc1df78c444847a8a8faa7c91 StaticDependenciesID=3ed6b3f70377023fb654a5c107013469 
Refreshing native plugins compatible for Editor in 7.11 ms, found 4 plugins.
Asset Pipeline Refresh (id=9c5310f4198e33d46a8548a613882389): Total: 0.057 seconds - Initiated by StopAssetImportingV2(NoUpdateAssetOptions)
Start importing Assets/Art/Characters/Player/Sprites/Arms/Armed/longwatch_dmr/Aim/Crouch/player_salvager_longwatch_dmr_crouch_aim_p60.png using Guid(7bee420734adcb94f9383829614efdc6) (TextureImporter) -> (Import Result ID: '5f4751c3d117d3352006f7eae98a31f6') in 0.0122847 seconds [static and dynamic dependencies]. Details - ImportResultOutputID=39ce550c2d6cb86b182a9b143f187919 DependenciesID=4383351fc1df78c444847a8a8faa7c91 StaticDependenciesID=3ed6b3f70377023fb654a5c107013469 
Refreshing native plugins compatible for Editor in 2.19 ms, found 4 plugins.
Asset Pipeline Refresh (id=3dcef470b0f5b76408f900d0dd2185b5): Total: 0.045 seconds - Initiated by StopAssetImportingV2(NoUpdateAssetOptions)
Start importing Assets/Art/Characters/Player/Sprites/Arms/Armed/longwatch_dmr/Aim/Fall/player_salvager_longwatch_dmr_fall_aim_p60.png using Guid(9d576e73065b5634a8e6840200c27939) (TextureImporter) -> (Import Result ID: 'ae2bdbc74882424980d86257a510287c') in 0.0070706 seconds [static and dynamic dependencies]. Details - ImportResultOutputID=2d2fb039c922c0ab1cd600b1e4282728 DependenciesID=51a1f4a9839aad7cfe17ced8b2eb7d3a StaticDependenciesID=d29e37bf74e0e692cad72b04e995b256 
Asset Pipeline Refresh (id=695e657388a4ca3448cee0e56cc27519): Total: 0.043 seconds - Initiated by StopAssetImportingV2(NoUpdateAssetOptions)
Start importing Assets/Art/Characters/Player/Sprites/Arms/Armed/longwatch_dmr/Aim/Fall/player_salvager_longwatch_dmr_fall_aim_p60.png using Guid(9d576e73065b5634a8e6840200c27939) (TextureImporter) -> (Import Result ID: 'ae2bdbc74882424980d86257a510287c') in 0.0137864 seconds [static and dynamic dependencies]. Details - ImportResultOutputID=2d2fb039c922c0ab1cd600b1e4282728 DependenciesID=51a1f4a9839aad7cfe17ced8b2eb7d3a StaticDependenciesID=d29e37bf74e0e692cad72b04e995b256 
Refreshing native plugins compatible for Editor in 5.93 ms, found 4 plugins.
Asset Pipeline Refresh (id=c53ace13eda262e42a97729d17c1aca1): Total: 0.055 seconds - Initiated by StopAssetImportingV2(NoUpdateAssetOptions)
Start importing Assets/Art/Characters/Player/Sprites/Arms/Armed/longwatch_dmr/Aim/Idle/player_salvager_longwatch_dmr_idle_aim_p50.png using Guid(2d2ef39efc7b32e44847fd43c5164670) (TextureImporter) -> (Import Result ID: 'b1a31078b178a1db67279acf518dfaab') in 0.0149932 seconds [static and dynamic dependencies]. Details - ImportResultOutputID=3d5d9fcfc6e9ee8171d24b3c077f2c79 DependenciesID=c8f61320365a27c8e46f1d0fd3f70aea StaticDependenciesID=df359ccdbbf86223e2b927dcf880c627 
Refreshing native plugins compatible for Editor in 3.61 ms, found 4 plugins.
Asset Pipeline Refresh (id=093b918ff58bd8e458905e4364347ec0): Total: 0.055 seconds - Initiated by StopAssetImportingV2(NoUpdateAssetOptions)
Start importing Assets/Art/Characters/Player/Sprites/Arms/Armed/longwatch_dmr/Aim/Idle/player_salvager_longwatch_dmr_idle_aim_p50.png using Guid(2d2ef39efc7b32e44847fd43c5164670) (TextureImporter) -> (Import Result ID: 'b1a31078b178a1db67279acf518dfaab') in 0.0103701 seconds [static and dynamic dependencies]. Details - ImportResultOutputID=3d5d9fcfc6e9ee8171d24b3c077f2c79 DependenciesID=c8f61320365a27c8e46f1d0fd3f70aea StaticDependenciesID=df359ccdbbf86223e2b927dcf880c627 
Refreshing native plugins compatible for Editor in 3.83 ms, found 4 plugins.
Asset Pipeline Refresh (id=9883b1bfb1b50fc498405f5cc26aa19c): Total: 0.052 seconds - Initiated by StopAssetImportingV2(NoUpdateAssetOptions)
Start importing Assets/Art/Characters/Player/Sprites/Arms/Armed/longwatch_dmr/Aim/Run/player_salvager_longwatch_dmr_run_aim_p50.png using Guid(f2bea78bdeed18249aa56fef861f64db) (TextureImporter) -> (Import Result ID: 'd152d6fc877a8365cf7fe9e147a723d8') in 0.0144408 seconds [static and dynamic dependencies]. Details - ImportResultOutputID=e18fa6049e18d1ccf3cfa07a28a7cc80 DependenciesID=b00f4947e59c35e9d7fbd2922c91fe39 StaticDependenciesID=c958ce3d06781d9baf3df6414de0455d 
Refreshing native plugins compatible for Editor in 3.45 ms, found 4 plugins.
Asset Pipeline Refresh (id=46ed40c438245f440b6bf8a08c94f06a): Total: 0.060 seconds - Initiated by StopAssetImportingV2(NoUpdateAssetOptions)
Start importing Assets/Art/Characters/Player/Sprites/Arms/Armed/longwatch_dmr/Aim/Run/player_salvager_longwatch_dmr_run_aim_p50.png using Guid(f2bea78bdeed18249aa56fef861f64db) (TextureImporter) -> (Import Result ID: 'd152d6fc877a8365cf7fe9e147a723d8') in 0.0173194 seconds [static and dynamic dependencies]. Details - ImportResultOutputID=e18fa6049e18d1ccf3cfa07a28a7cc80 DependenciesID=b00f4947e59c35e9d7fbd2922c91fe39 StaticDependenciesID=c958ce3d06781d9baf3df6414de0455d 
Refreshing native plugins compatible for Editor in 6.08 ms, found 4 plugins.
Asset Pipeline Refresh (id=97421aec3209a6a42bea2c171cea22c3): Total: 0.063 seconds - Initiated by StopAssetImportingV2(NoUpdateAssetOptions)
Start importing Assets/Art/Characters/Player/Sprites/Arms/Armed/longwatch_dmr/Aim/Backpedal/player_salvager_longwatch_dmr_backpedal_aim_p50.png using Guid(0b07007312fc732439128f43e4d2bc8c) (TextureImporter) -> (Import Result ID: '892354253bddb2a3bbfc9413b9282b2e') in 0.0104043 seconds [static and dynamic dependencies]. Details - ImportResultOutputID=d99a58844a0fab297a4171720c434380 DependenciesID=3ffbb8322654297860921a0288bb6da5 StaticDependenciesID=b05f176f6de86b1854f83a0596e0b1ff 
Refreshing native plugins compatible for Editor in 3.03 ms, found 4 plugins.
Asset Pipeline Refresh (id=272e9d26c0bc7f14fad8b843f29a72e1): Total: 0.044 seconds - Initiated by StopAssetImportingV2(NoUpdateAssetOptions)
Start importing Assets/Art/Characters/Player/Sprites/Arms/Armed/longwatch_dmr/Aim/Backpedal/player_salvager_longwatch_dmr_backpedal_aim_p50.png using Guid(0b07007312fc732439128f43e4d2bc8c) (TextureImporter) -> (Import Result ID: '892354253bddb2a3bbfc9413b9282b2e') in 0.011838 seconds [static and dynamic dependencies]. Details - ImportResultOutputID=d99a58844a0fab297a4171720c434380 DependenciesID=3ffbb8322654297860921a0288bb6da5 StaticDependenciesID=b05f176f6de86b1854f83a0596e0b1ff 
Refreshing native plugins compatible for Editor in 2.16 ms, found 4 plugins.
Asset Pipeline Refresh (id=42d14148abd5eb24fa2a6a7bad94ea8b): Total: 0.042 seconds - Initiated by StopAssetImportingV2(NoUpdateAssetOptions)
Start importing Assets/Art/Characters/Player/Sprites/Arms/Armed/longwatch_dmr/Aim/Crouch/player_salvager_longwatch_dmr_crouch_aim_p50.png using Guid(4e5f60fee6eb3af4488f0559bc1401e6) (TextureImporter) -> (Import Result ID: '08ef550f5148d85e1dfc6b6753b8ec83') in 0.0134729 seconds [static and dynamic dependencies]. Details - ImportResultOutputID=80a74fb75c927b336346eec080908ed8 DependenciesID=11c2c227501fb9979dc072a594fbf673 StaticDependenciesID=31f1256cc08e4edfc4cf357f0c0d16f4 
Refreshing native plugins compatible for Editor in 3.09 ms, found 4 plugins.
Asset Pipeline Refresh (id=163f4eac2452dcb45808c5d3c721076c): Total: 0.052 seconds - Initiated by StopAssetImportingV2(NoUpdateAssetOptions)
Start importing Assets/Art/Characters/Player/Sprites/Arms/Armed/longwatch_dmr/Aim/Crouch/player_salvager_longwatch_dmr_crouch_aim_p50.png using Guid(4e5f60fee6eb3af4488f0559bc1401e6) (TextureImporter) -> (Import Result ID: '08ef550f5148d85e1dfc6b6753b8ec83') in 0.0218776 seconds [static and dynamic dependencies]. Details - ImportResultOutputID=80a74fb75c927b336346eec080908ed8 DependenciesID=11c2c227501fb9979dc072a594fbf673 StaticDependenciesID=31f1256cc08e4edfc4cf357f0c0d16f4 
Refreshing native plugins compatible for Editor in 2.99 ms, found 4 plugins.
Asset Pipeline Refresh (id=5d299d4d1e3805d41a48b40eb699aa25): Total: 0.068 seconds - Initiated by StopAssetImportingV2(NoUpdateAssetOptions)
Start importing Assets/Art/Characters/Player/Sprites/Arms/Armed/longwatch_dmr/Aim/Fall/player_salvager_longwatch_dmr_fall_aim_p50.png using Guid(c1ec38eaad866c04e8653df67e6f6733) (TextureImporter) -> (Import Result ID: 'c6994e3b4dbb4106164b4c9eb6d6497d') in 0.0103678 seconds [static and dynamic dependencies]. Details - ImportResultOutputID=e71b740d301ed7edc7eef078d2cbe96a DependenciesID=d51fcc15ae2fc81563eb553e373187b0 StaticDependenciesID=0e061c46a8fe7ed1b030b64540921b2e 
Refreshing native plugins compatible for Editor in 2.50 ms, found 4 plugins.
Asset Pipeline Refresh (id=0f8f76e4ed4575648a7f6018130cb43d): Total: 0.059 seconds - Initiated by StopAssetImportingV2(NoUpdateAssetOptions)
Start importing Assets/Art/Characters/Player/Sprites/Arms/Armed/longwatch_dmr/Aim/Fall/player_salvager_longwatch_dmr_fall_aim_p50.png using Guid(c1ec38eaad866c04e8653df67e6f6733) (TextureImporter) -> (Import Result ID: 'c6994e3b4dbb4106164b4c9eb6d6497d') in 0.0372687 seconds [static and dynamic dependencies]. Details - ImportResultOutputID=e71b740d301ed7edc7eef078d2cbe96a DependenciesID=d51fcc15ae2fc81563eb553e373187b0 StaticDependenciesID=0e061c46a8fe7ed1b030b64540921b2e 
Refreshing native plugins compatible for Editor in 8.54 ms, found 4 plugins.
Asset Pipeline Refresh (id=83d2c052d0ec8794ab01539b0037d1a9): Total: 0.113 seconds - Initiated by StopAssetImportingV2(NoUpdateAssetOptions)
Start importing Assets/Art/Characters/Player/Sprites/Arms/Armed/longwatch_dmr/Aim/Idle/player_salvager_longwatch_dmr_idle_aim_p40.png using Guid(b152313010866dc4c88c17a7539e55f6) (TextureImporter) -> (Import Result ID: '2597b8120baf443cd5dedc864c53d6ea') in 0.0260412 seconds [static and dynamic dependencies]. Details - ImportResultOutputID=065e4cd64011ea9b5b8bba4bb12fb030 DependenciesID=4850f1da05072e525308abc4c2a30ba1 StaticDependenciesID=528dee83c3ffc5dc3176ab2d187a1b29 
Refreshing native plugins compatible for Editor in 8.94 ms, found 4 plugins.
Asset Pipeline Refresh (id=9738a126ae91bd243a50f3d6b7c95918): Total: 0.153 seconds - Initiated by StopAssetImportingV2(NoUpdateAssetOptions)
Start importing Assets/Art/Characters/Player/Sprites/Arms/Armed/longwatch_dmr/Aim/Idle/player_salvager_longwatch_dmr_idle_aim_p40.png using Guid(b152313010866dc4c88c17a7539e55f6) (TextureImporter) -> (Import Result ID: '2597b8120baf443cd5dedc864c53d6ea') in 0.0297111 seconds [static and dynamic dependencies]. Details - ImportResultOutputID=065e4cd64011ea9b5b8bba4bb12fb030 DependenciesID=4850f1da05072e525308abc4c2a30ba1 StaticDependenciesID=528dee83c3ffc5dc3176ab2d187a1b29 
Refreshing native plugins compatible for Editor in 7.19 ms, found 4 plugins.
Asset Pipeline Refresh (id=e798bdc4bd09d15468fd8b21729c974d): Total: 0.115 seconds - Initiated by StopAssetImportingV2(NoUpdateAssetOptions)
Start importing Assets/Art/Characters/Player/Sprites/Arms/Armed/longwatch_dmr/Aim/Run/player_salvager_longwatch_dmr_run_aim_p40.png using Guid(3854a7f9f638c764494465f2de261c94) (TextureImporter) -> (Import Result ID: 'e33ba570966745ae8e5db0dbf630c7d3') in 0.0572353 seconds [static and dynamic dependencies]. Details - ImportResultOutputID=a0e54bd482d2407c12adab98f03a7f36 DependenciesID=ce0766b1e5f9370fed5d3688280b6848 StaticDependenciesID=f78223c715ce0b49ba2cbaf601b42ae0 
Refreshing native plugins compatible for Editor in 7.26 ms, found 4 plugins.
Asset Pipeline Refresh (id=307ca32d9ac64c4408685d6b5b01c379): Total: 0.162 seconds - Initiated by StopAssetImportingV2(NoUpdateAssetOptions)
Start importing Assets/Art/Characters/Player/Sprites/Arms/Armed/longwatch_dmr/Aim/Run/player_salvager_longwatch_dmr_run_aim_p40.png using Guid(3854a7f9f638c764494465f2de261c94) (TextureImporter) -> (Import Result ID: 'e33ba570966745ae8e5db0dbf630c7d3') in 0.2730216 seconds [static and dynamic dependencies]. Details - ImportResultOutputID=a0e54bd482d2407c12adab98f03a7f36 DependenciesID=ce0766b1e5f9370fed5d3688280b6848 StaticDependenciesID=f78223c715ce0b49ba2cbaf601b42ae0 
Refreshing native plugins compatible for Editor in 7.39 ms, found 4 plugins.
(Values over 0.050ms)
Asset Pipeline Refresh (id=c4d9b5a779a266c408253c5306ed6b79): Total: 0.642 seconds - Initiated by StopAssetImportingV2(NoUpdateAssetOptions)
	Summary:
		Imports: total=1 (actual=1, local cache=0, cache server=0)
		Asset DB Process Time: managed=67 ms, native=556 ms
		Asset DB Callback time: managed=4 ms, native=11 ms
		Scripting: domain reloads=0, domain reload time=0 ms, compile time=0 ms, other=0 ms
		Project Asset Count: scripts=1531, non-scripts=3259
		Asset File Changes: new=0, changed=0, moved=0, deleted=0
		Scan Filter Count: 11
	ApplyChangesToAssetFolders: 0.335ms
	Scan: 49.502ms
	ProcessAssetsWithTransientArtifactChanges: 0.133ms
	CategorizeAssets: 4.128ms
	ImportOutOfDateAssets: 531.544ms (252.843ms without children)
		ImportManagerImport: 275.029ms (0.566ms without children)
			UpdateCategorizedAssets: 0.069ms
		ReloadNativeAssets: 0.081ms
		UnloadImportedAssets: 0.907ms
		ReloadImportedAssets: 0.660ms
		EnsureUptoDateAssetsAreRegisteredWithGuidPM: 1.434ms
		OnDemandSchedulerStart: 1.225ms
	PostProcessAllAssets: 8.446ms
		XRBuildSystem.XRAssetImported 3.003ms
		MonoPostProcessAllAssets: 4.943ms
			SyncVS.PostprocessSyncProject 1.931ms
			ShaderGraphAssetPostProcessor.OnPostprocessAllAssets 0.581ms
			RenderPipelineGlobalSettingsPostprocessor.OnPostprocessAllAssets 0.323ms
			AssetPostprocessor.OnPostprocessAllAssets 0.181ms
			PostProcessor.OnPostprocessAllAssets 0.140ms
			TMPro_TexturePostProcessor.OnPostprocessAllAssets 0.080ms
			InputActionAssetPostprocessor.OnPostprocessAllAssets 0.079ms
			AssetChangedListener.OnPostprocessAllAssets 0.075ms
			MaterialPostprocessor.OnPostprocessAllAssets 0.074ms
			InputActionJsonNameModifierAssetProcessor.OnPostprocessAllAssets 0.073ms
			ArtifactBrowserPostProcessor.OnPostprocessAllAssets 0.063ms
			SpriteEditorTexturePostprocessor.OnPostprocessAllAssets 0.053ms
			StyleCatalogPostProcessor.OnPostprocessAllAssets 0.050ms
	PostAssetChangesProfiler: 7.567ms
	GatherAllCurrentPrimaryImportResultRevisions: 0.487ms
	UnloadStreamsBegin: 0.114ms
	PersistCurrentRevisions: 0.559ms
	Untracked: 39.205ms

Start importing Assets/Art/Characters/Player/Sprites/Arms/Armed/longwatch_dmr/Aim/Backpedal/player_salvager_longwatch_dmr_backpedal_aim_p40.png using Guid(ec2a797998532ef46b34010a55e82791) (TextureImporter) -> (Import Result ID: '619505be25dd056aeedbf36b40b018fe') in 0.0141117 seconds [static and dynamic dependencies]. Details - ImportResultOutputID=6f8bfe78249fb776e5bc26f74f998393 DependenciesID=dfb7c878a5906e3852aae508b7dfbd72 StaticDependenciesID=81b16ab73ea901aa87c559a146ac65c4 
Refreshing native plugins compatible for Editor in 4.38 ms, found 4 plugins.
Asset Pipeline Refresh (id=6a94d3c2f815e7f44a81dd3d7d137876): Total: 0.061 seconds - Initiated by StopAssetImportingV2(NoUpdateAssetOptions)
Start importing Assets/Art/Characters/Player/Sprites/Arms/Armed/longwatch_dmr/Aim/Backpedal/player_salvager_longwatch_dmr_backpedal_aim_p40.png using Guid(ec2a797998532ef46b34010a55e82791) (TextureImporter) -> (Import Result ID: '619505be25dd056aeedbf36b40b018fe') in 0.0111216 seconds [static and dynamic dependencies]. Details - ImportResultOutputID=6f8bfe78249fb776e5bc26f74f998393 DependenciesID=dfb7c878a5906e3852aae508b7dfbd72 StaticDependenciesID=81b16ab73ea901aa87c559a146ac65c4 
Asset Pipeline Refresh (id=89bdc90edbef7374282e897451e0c114): Total: 0.049 seconds - Initiated by StopAssetImportingV2(NoUpdateAssetOptions)
Start importing Assets/Art/Characters/Player/Sprites/Arms/Armed/longwatch_dmr/Aim/Crouch/player_salvager_longwatch_dmr_crouch_aim_p40.png using Guid(861f013023b615d43a5a89c03190d42a) (TextureImporter) -> (Import Result ID: 'd1d5c373c8207cac5bfe2032d515b1d7') in 0.0160458 seconds [static and dynamic dependencies]. Details - ImportResultOutputID=ba7fbefa5e9b270fbf649d29d3e1774f DependenciesID=21ca084d358a9902059f93b4baeb440e StaticDependenciesID=8c07d6485a9169a43a29c03f8b4c5d17 
Refreshing native plugins compatible for Editor in 8.00 ms, found 4 plugins.
Asset Pipeline Refresh (id=3d185c3ee5ac4a24ca5b0010214f99e9): Total: 0.063 seconds - Initiated by StopAssetImportingV2(NoUpdateAssetOptions)
Start importing Assets/Art/Characters/Player/Sprites/Arms/Armed/longwatch_dmr/Aim/Crouch/player_salvager_longwatch_dmr_crouch_aim_p40.png using Guid(861f013023b615d43a5a89c03190d42a) (TextureImporter) -> (Import Result ID: 'd1d5c373c8207cac5bfe2032d515b1d7') in 0.0151781 seconds [static and dynamic dependencies]. Details - ImportResultOutputID=ba7fbefa5e9b270fbf649d29d3e1774f DependenciesID=21ca084d358a9902059f93b4baeb440e StaticDependenciesID=8c07d6485a9169a43a29c03f8b4c5d17 
Refreshing native plugins compatible for Editor in 5.73 ms, found 4 plugins.
Asset Pipeline Refresh (id=2e8a7dc25f538774e885e4421cb007e3): Total: 0.052 seconds - Initiated by StopAssetImportingV2(NoUpdateAssetOptions)
Start importing Assets/Art/Characters/Player/Sprites/Arms/Armed/longwatch_dmr/Aim/Fall/player_salvager_longwatch_dmr_fall_aim_p40.png using Guid(2c4c9293c8fdc1047b910ed0452a9162) (TextureImporter) -> (Import Result ID: 'cc9db584119bdd3225dcde8553e59d8e') in 0.0093422 seconds [static and dynamic dependencies]. Details - ImportResultOutputID=0cc0ffaa5549ed01aea719ea554ace7a DependenciesID=21d91c223d7625af17c91f17210623a0 StaticDependenciesID=dbd6dd37b42941c55142141507709dcf 
Refreshing native plugins compatible for Editor in 2.01 ms, found 4 plugins.
Asset Pipeline Refresh (id=a010b96bd67cc1545a6d36c8bd304548): Total: 0.043 seconds - Initiated by StopAssetImportingV2(NoUpdateAssetOptions)
Start importing Assets/Art/Characters/Player/Sprites/Arms/Armed/longwatch_dmr/Aim/Fall/player_salvager_longwatch_dmr_fall_aim_p40.png using Guid(2c4c9293c8fdc1047b910ed0452a9162) (TextureImporter) -> (Import Result ID: 'cc9db584119bdd3225dcde8553e59d8e') in 0.0067984 seconds [static and dynamic dependencies]. Details - ImportResultOutputID=0cc0ffaa5549ed01aea719ea554ace7a DependenciesID=21d91c223d7625af17c91f17210623a0 StaticDependenciesID=dbd6dd37b42941c55142141507709dcf 
Refreshing native plugins compatible for Editor in 3.03 ms, found 4 plugins.
Asset Pipeline Refresh (id=99eb26cad2db58c43811d033dcac5e87): Total: 0.047 seconds - Initiated by StopAssetImportingV2(NoUpdateAssetOptions)
Start importing Assets/Art/Characters/Player/Sprites/Arms/Armed/longwatch_dmr/Aim/Idle/player_salvager_longwatch_dmr_idle_aim_p30.png using Guid(f26c043f9923b4848821d491c8803ae3) (TextureImporter) -> (Import Result ID: 'a2a5ec6382d26cfbc9ad4f2b550150ce') in 0.0147775 seconds [static and dynamic dependencies]. Details - ImportResultOutputID=9619a4f131c31f07bfd1a2dc976337a0 DependenciesID=d4d186f0adfdba12b13bc84d8b1f5b28 StaticDependenciesID=8d31fa35b1da190e590b56dcb0bcfdb3 
Refreshing native plugins compatible for Editor in 2.07 ms, found 4 plugins.
Asset Pipeline Refresh (id=3b2f4d4e36326484d9f7954d45458f8f): Total: 0.052 seconds - Initiated by StopAssetImportingV2(NoUpdateAssetOptions)
Start importing Assets/Art/Characters/Player/Sprites/Arms/Armed/longwatch_dmr/Aim/Idle/player_salvager_longwatch_dmr_idle_aim_p30.png using Guid(f26c043f9923b4848821d491c8803ae3) (TextureImporter) -> (Import Result ID: 'a2a5ec6382d26cfbc9ad4f2b550150ce') in 0.0115965 seconds [static and dynamic dependencies]. Details - ImportResultOutputID=9619a4f131c31f07bfd1a2dc976337a0 DependenciesID=d4d186f0adfdba12b13bc84d8b1f5b28 StaticDependenciesID=8d31fa35b1da190e590b56dcb0bcfdb3 
Refreshing native plugins compatible for Editor in 4.35 ms, found 4 plugins.
Asset Pipeline Refresh (id=3badeaae478027342aac09ca598a3baf): Total: 0.055 seconds - Initiated by StopAssetImportingV2(NoUpdateAssetOptions)
Start importing Assets/Art/Characters/Player/Sprites/Arms/Armed/longwatch_dmr/Aim/Run/player_salvager_longwatch_dmr_run_aim_p30.png using Guid(8136bd79fd1ba57449016f024674c953) (TextureImporter) -> (Import Result ID: '077c34b476e84825113ad9eab757d833') in 0.0159958 seconds [static and dynamic dependencies]. Details - ImportResultOutputID=43c871f3415f8f1fee51cb39b49afe80 DependenciesID=5fb5c8ffdaa988a20d0ea058a2bf298d StaticDependenciesID=af08420f5d87d3b72ee23c89ff42f4f6 
Refreshing native plugins compatible for Editor in 4.14 ms, found 4 plugins.
Asset Pipeline Refresh (id=5103ae20ddadecb46b115b017daba869): Total: 0.055 seconds - Initiated by StopAssetImportingV2(NoUpdateAssetOptions)
Start importing Assets/Art/Characters/Player/Sprites/Arms/Armed/longwatch_dmr/Aim/Run/player_salvager_longwatch_dmr_run_aim_p30.png using Guid(8136bd79fd1ba57449016f024674c953) (TextureImporter) -> (Import Result ID: '077c34b476e84825113ad9eab757d833') in 0.0185762 seconds [static and dynamic dependencies]. Details - ImportResultOutputID=43c871f3415f8f1fee51cb39b49afe80 DependenciesID=5fb5c8ffdaa988a20d0ea058a2bf298d StaticDependenciesID=af08420f5d87d3b72ee23c89ff42f4f6 
Refreshing native plugins compatible for Editor in 2.48 ms, found 4 plugins.
Asset Pipeline Refresh (id=71171e7b99b765a4ca2a21bfcf261a0e): Total: 0.059 seconds - Initiated by StopAssetImportingV2(NoUpdateAssetOptions)
Start importing Assets/Art/Characters/Player/Sprites/Arms/Armed/longwatch_dmr/Aim/Backpedal/player_salvager_longwatch_dmr_backpedal_aim_p30.png using Guid(504902c30661f0d499b97c94b07dd995) (TextureImporter) -> (Import Result ID: 'a2241b07b20a5159cfbe78442d0abab1') in 0.0122191 seconds [static and dynamic dependencies]. Details - ImportResultOutputID=d008ede717b164a36b889150b56a6270 DependenciesID=483c0880cbc00d906831af5de4879ad1 StaticDependenciesID=de856614322d25d3c6e0b7fe09e7e760 
Refreshing native plugins compatible for Editor in 2.28 ms, found 4 plugins.
Asset Pipeline Refresh (id=9b62e8c5d6d3c6f4490eb37019de0d29): Total: 0.053 seconds - Initiated by StopAssetImportingV2(NoUpdateAssetOptions)
Start importing Assets/Art/Characters/Player/Sprites/Arms/Armed/longwatch_dmr/Aim/Backpedal/player_salvager_longwatch_dmr_backpedal_aim_p30.png using Guid(504902c30661f0d499b97c94b07dd995) (TextureImporter) -> (Import Result ID: 'a2241b07b20a5159cfbe78442d0abab1') in 0.0105931 seconds [static and dynamic dependencies]. Details - ImportResultOutputID=d008ede717b164a36b889150b56a6270 DependenciesID=483c0880cbc00d906831af5de4879ad1 StaticDependenciesID=de856614322d25d3c6e0b7fe09e7e760 
Asset Pipeline Refresh (id=ceff3fe54ec42bb46b055877d56b1823): Total: 0.040 seconds - Initiated by StopAssetImportingV2(NoUpdateAssetOptions)
Start importing Assets/Art/Characters/Player/Sprites/Arms/Armed/longwatch_dmr/Aim/Crouch/player_salvager_longwatch_dmr_crouch_aim_p30.png using Guid(2b6a9aea11e109040997e8f8ab7d6a59) (TextureImporter) -> (Import Result ID: 'cbb6628f154fa9757758f46e73e0927a') in 0.016502 seconds [static and dynamic dependencies]. Details - ImportResultOutputID=a117fbdf533d9d0b0cdeca355024f9cc DependenciesID=6ef00a90ee8c1c4a63ab4d47e24ae390 StaticDependenciesID=35f59a34ea7e424f89dad1947223faeb 
Refreshing native plugins compatible for Editor in 2.82 ms, found 4 plugins.
Asset Pipeline Refresh (id=f4eae3d1b875aca46a51507b59781ecb): Total: 0.050 seconds - Initiated by StopAssetImportingV2(NoUpdateAssetOptions)
Start importing Assets/Art/Characters/Player/Sprites/Arms/Armed/longwatch_dmr/Aim/Crouch/player_salvager_longwatch_dmr_crouch_aim_p30.png using Guid(2b6a9aea11e109040997e8f8ab7d6a59) (TextureImporter) -> (Import Result ID: 'cbb6628f154fa9757758f46e73e0927a') in 0.0198104 seconds [static and dynamic dependencies]. Details - ImportResultOutputID=a117fbdf533d9d0b0cdeca355024f9cc DependenciesID=6ef00a90ee8c1c4a63ab4d47e24ae390 StaticDependenciesID=35f59a34ea7e424f89dad1947223faeb 
Refreshing native plugins compatible for Editor in 6.82 ms, found 4 plugins.
Asset Pipeline Refresh (id=e22b145872309fc4689233a08a0c5abd): Total: 0.066 seconds - Initiated by StopAssetImportingV2(NoUpdateAssetOptions)
Start importing Assets/Art/Characters/Player/Sprites/Arms/Armed/longwatch_dmr/Aim/Fall/player_salvager_longwatch_dmr_fall_aim_p30.png using Guid(495706ed3b502824289c9c591738a73f) (TextureImporter) -> (Import Result ID: '7dc0cbfeb51d020c1be255b5ea8410b7') in 0.0108559 seconds [static and dynamic dependencies]. Details - ImportResultOutputID=2424b910c1e0d122b5cd33b095b96781 DependenciesID=6b8d7e5d71a1e2f8f52e84c953219b22 StaticDependenciesID=9db516f40d5c375e78cefb82b3721ee7 
Asset Pipeline Refresh (id=7e1421cc03e46744299c0b8238756b2c): Total: 0.052 seconds - Initiated by StopAssetImportingV2(NoUpdateAssetOptions)
Start importing Assets/Art/Characters/Player/Sprites/Arms/Armed/longwatch_dmr/Aim/Fall/player_salvager_longwatch_dmr_fall_aim_p30.png using Guid(495706ed3b502824289c9c591738a73f) (TextureImporter) -> (Import Result ID: '7dc0cbfeb51d020c1be255b5ea8410b7') in 0.0107587 seconds [static and dynamic dependencies]. Details - ImportResultOutputID=2424b910c1e0d122b5cd33b095b96781 DependenciesID=6b8d7e5d71a1e2f8f52e84c953219b22 StaticDependenciesID=9db516f40d5c375e78cefb82b3721ee7 
Asset Pipeline Refresh (id=4962554528bceac49be2f657a1057c11): Total: 0.055 seconds - Initiated by StopAssetImportingV2(NoUpdateAssetOptions)
Start importing Assets/Art/Characters/Player/Sprites/Arms/Armed/longwatch_dmr/Aim/Idle/player_salvager_longwatch_dmr_idle_aim_p20.png using Guid(4014206f7ad6b1342943f38cd4bce808) (TextureImporter) -> (Import Result ID: 'e506371cc1893fa32b719571397f095d') in 0.0153656 seconds [static and dynamic dependencies]. Details - ImportResultOutputID=6a1ee45ec27936f6da94534dd7269ff8 DependenciesID=2c82ee29db1d3461e79ae4534a2091c3 StaticDependenciesID=860384c2f5d1dd625949d42d9c62a8ed 
Refreshing native plugins compatible for Editor in 3.04 ms, found 4 plugins.
Asset Pipeline Refresh (id=f45ebe4e00b047649b32767e63268973): Total: 0.047 seconds - Initiated by StopAssetImportingV2(NoUpdateAssetOptions)
Start importing Assets/Art/Characters/Player/Sprites/Arms/Armed/longwatch_dmr/Aim/Idle/player_salvager_longwatch_dmr_idle_aim_p20.png using Guid(4014206f7ad6b1342943f38cd4bce808) (TextureImporter) -> (Import Result ID: 'e506371cc1893fa32b719571397f095d') in 0.0104963 seconds [static and dynamic dependencies]. Details - ImportResultOutputID=6a1ee45ec27936f6da94534dd7269ff8 DependenciesID=2c82ee29db1d3461e79ae4534a2091c3 StaticDependenciesID=860384c2f5d1dd625949d42d9c62a8ed 
Refreshing native plugins compatible for Editor in 6.01 ms, found 4 plugins.
Asset Pipeline Refresh (id=ca45e5a957a375f4da2d099b27dec9a3): Total: 0.048 seconds - Initiated by StopAssetImportingV2(NoUpdateAssetOptions)
Start importing Assets/Art/Characters/Player/Sprites/Arms/Armed/longwatch_dmr/Aim/Run/player_salvager_longwatch_dmr_run_aim_p20.png using Guid(311b7f582cf78ae46a3dcd5ca5ca64dc) (TextureImporter) -> (Import Result ID: '7d02ee8aba7afdb93a8f19db8264e2c1') in 0.0109924 seconds [static and dynamic dependencies]. Details - ImportResultOutputID=fa9691a529e6a099375102c045e201d0 DependenciesID=94049f61fa0e2c06d95c291cec8a132f StaticDependenciesID=44a9b39e02b127c0e5e5dc62f6ac758f 
Refreshing native plugins compatible for Editor in 6.11 ms, found 4 plugins.
Asset Pipeline Refresh (id=b4ca444205a36764c8a0ae60bbf98fdc): Total: 0.050 seconds - Initiated by StopAssetImportingV2(NoUpdateAssetOptions)
Start importing Assets/Art/Characters/Player/Sprites/Arms/Armed/longwatch_dmr/Aim/Run/player_salvager_longwatch_dmr_run_aim_p20.png using Guid(311b7f582cf78ae46a3dcd5ca5ca64dc) (TextureImporter) -> (Import Result ID: '7d02ee8aba7afdb93a8f19db8264e2c1') in 0.0116736 seconds [static and dynamic dependencies]. Details - ImportResultOutputID=fa9691a529e6a099375102c045e201d0 DependenciesID=94049f61fa0e2c06d95c291cec8a132f StaticDependenciesID=44a9b39e02b127c0e5e5dc62f6ac758f 
Refreshing native plugins compatible for Editor in 3.67 ms, found 4 plugins.
Asset Pipeline Refresh (id=56b47213d6420bd43827d088883bcad2): Total: 0.040 seconds - Initiated by StopAssetImportingV2(NoUpdateAssetOptions)
Start importing Assets/Art/Characters/Player/Sprites/Arms/Armed/longwatch_dmr/Aim/Backpedal/player_salvager_longwatch_dmr_backpedal_aim_p20.png using Guid(4a07e562f9bd7a64d9a24bf6b07bd329) (TextureImporter) -> (Import Result ID: '082b9bdadcc6fe256446f3120f14196d') in 0.0162035 seconds [static and dynamic dependencies]. Details - ImportResultOutputID=155ef6247cd4e4e8de48fac71ce2734e DependenciesID=1e29c8959f2e9e15467c1a11a50cb859 StaticDependenciesID=3e4a326fe7fb52d137dc9020fb9f372c 
Refreshing native plugins compatible for Editor in 4.53 ms, found 4 plugins.
Asset Pipeline Refresh (id=b4a40854033f99046adbe28af8773e08): Total: 0.053 seconds - Initiated by StopAssetImportingV2(NoUpdateAssetOptions)
Start importing Assets/Art/Characters/Player/Sprites/Arms/Armed/longwatch_dmr/Aim/Backpedal/player_salvager_longwatch_dmr_backpedal_aim_p20.png using Guid(4a07e562f9bd7a64d9a24bf6b07bd329) (TextureImporter) -> (Import Result ID: '082b9bdadcc6fe256446f3120f14196d') in 0.0112481 seconds [static and dynamic dependencies]. Details - ImportResultOutputID=155ef6247cd4e4e8de48fac71ce2734e DependenciesID=1e29c8959f2e9e15467c1a11a50cb859 StaticDependenciesID=3e4a326fe7fb52d137dc9020fb9f372c 
Refreshing native plugins compatible for Editor in 2.14 ms, found 4 plugins.
Asset Pipeline Refresh (id=24655a3b0acc81648b6634bf8d361c57): Total: 0.043 seconds - Initiated by StopAssetImportingV2(NoUpdateAssetOptions)
Start importing Assets/Art/Characters/Player/Sprites/Arms/Armed/longwatch_dmr/Aim/Crouch/player_salvager_longwatch_dmr_crouch_aim_p20.png using Guid(336212a8d2a7fb84a95f8b37a6acb86b) (TextureImporter) -> (Import Result ID: '9f6a8425cf7ea8c218107a7d3372ee88') in 0.0126292 seconds [static and dynamic dependencies]. Details - ImportResultOutputID=e59fd5f0e637a92c1c87054d39673997 DependenciesID=5307418c23464b5491eb7658875a3678 StaticDependenciesID=13c7c1721a7e6fb1fcd554945ddac699 
Refreshing native plugins compatible for Editor in 2.40 ms, found 4 plugins.
Asset Pipeline Refresh (id=a7e7d0fd80d5243449c47849c683f855): Total: 0.039 seconds - Initiated by StopAssetImportingV2(NoUpdateAssetOptions)
Start importing Assets/Art/Characters/Player/Sprites/Arms/Armed/longwatch_dmr/Aim/Crouch/player_salvager_longwatch_dmr_crouch_aim_p20.png using Guid(336212a8d2a7fb84a95f8b37a6acb86b) (TextureImporter) -> (Import Result ID: '9f6a8425cf7ea8c218107a7d3372ee88') in 0.0098643 seconds [static and dynamic dependencies]. Details - ImportResultOutputID=e59fd5f0e637a92c1c87054d39673997 DependenciesID=5307418c23464b5491eb7658875a3678 StaticDependenciesID=13c7c1721a7e6fb1fcd554945ddac699 
Asset Pipeline Refresh (id=1ab7c71d94ca721448e6ab5e9f3c9142): Total: 0.035 seconds - Initiated by StopAssetImportingV2(NoUpdateAssetOptions)
Start importing Assets/Art/Characters/Player/Sprites/Arms/Armed/longwatch_dmr/Aim/Fall/player_salvager_longwatch_dmr_fall_aim_p20.png using Guid(b29f1179ed2d11e41ad1bbc077d3aa0c) (TextureImporter) -> (Import Result ID: '9888252eebc7105dd516ee0d351f2bb5') in 0.008399 seconds [static and dynamic dependencies]. Details - ImportResultOutputID=717affc92ddca9406cb7a9329ae53f44 DependenciesID=dab3fb14336f455406b0068ca40f497a StaticDependenciesID=978d2a370f56dc1423959fc76bdcc431 
Refreshing native plugins compatible for Editor in 2.69 ms, found 4 plugins.
Asset Pipeline Refresh (id=c2070390cde32954eb16742d5db0dcd7): Total: 0.052 seconds - Initiated by StopAssetImportingV2(NoUpdateAssetOptions)
Start importing Assets/Art/Characters/Player/Sprites/Arms/Armed/longwatch_dmr/Aim/Fall/player_salvager_longwatch_dmr_fall_aim_p20.png using Guid(b29f1179ed2d11e41ad1bbc077d3aa0c) (TextureImporter) -> (Import Result ID: '9888252eebc7105dd516ee0d351f2bb5') in 0.0093728 seconds [static and dynamic dependencies]. Details - ImportResultOutputID=717affc92ddca9406cb7a9329ae53f44 DependenciesID=dab3fb14336f455406b0068ca40f497a StaticDependenciesID=978d2a370f56dc1423959fc76bdcc431 
Asset Pipeline Refresh (id=24cd741bdafa2344b874fb70afbf21e7): Total: 0.043 seconds - Initiated by StopAssetImportingV2(NoUpdateAssetOptions)
Start importing Assets/Art/Characters/Player/Sprites/Arms/Armed/longwatch_dmr/Aim/Idle/player_salvager_longwatch_dmr_idle_aim_p10.png using Guid(039fcaffa6c21b3448c1603c327914f4) (TextureImporter) -> (Import Result ID: '24e850829fe117dc9bd7f9c1fa2f327e') in 0.0145449 seconds [static and dynamic dependencies]. Details - ImportResultOutputID=ad9a82ed13e69fdd645aefcb9c97ea7b DependenciesID=951f75e2a552a0ed56585face14648ae StaticDependenciesID=3e0388d86d702a24d1641db55e09d107 
Refreshing native plugins compatible for Editor in 7.40 ms, found 4 plugins.
Asset Pipeline Refresh (id=cbcecafd1288b724abef99434a328f61): Total: 0.058 seconds - Initiated by StopAssetImportingV2(NoUpdateAssetOptions)
Start importing Assets/Art/Characters/Player/Sprites/Arms/Armed/longwatch_dmr/Aim/Idle/player_salvager_longwatch_dmr_idle_aim_p10.png using Guid(039fcaffa6c21b3448c1603c327914f4) (TextureImporter) -> (Import Result ID: '24e850829fe117dc9bd7f9c1fa2f327e') in 0.0127739 seconds [static and dynamic dependencies]. Details - ImportResultOutputID=ad9a82ed13e69fdd645aefcb9c97ea7b DependenciesID=951f75e2a552a0ed56585face14648ae StaticDependenciesID=3e0388d86d702a24d1641db55e09d107 
Asset Pipeline Refresh (id=cc043e1e0f81ad047bea3ade11537fde): Total: 0.039 seconds - Initiated by StopAssetImportingV2(NoUpdateAssetOptions)
Start importing Assets/Art/Characters/Player/Sprites/Arms/Armed/longwatch_dmr/Aim/Run/player_salvager_longwatch_dmr_run_aim_p10.png using Guid(40d7e28d2aa3dde4fbef39bd648e4e5b) (TextureImporter) -> (Import Result ID: '900b1e7987f87b4364e555e9cc56bf93') in 0.0129832 seconds [static and dynamic dependencies]. Details - ImportResultOutputID=1555be8e9cc4089ac1c593ba187ff6f8 DependenciesID=9a2d090a5c3d3d1499e75c3d90a1175a StaticDependenciesID=51bb3466f6294f3661e3ab54e6b4572b 
Refreshing native plugins compatible for Editor in 2.12 ms, found 4 plugins.
Asset Pipeline Refresh (id=7e2cc6984605c7540aa068b4a475794a): Total: 0.043 seconds - Initiated by StopAssetImportingV2(NoUpdateAssetOptions)
Start importing Assets/Art/Characters/Player/Sprites/Arms/Armed/longwatch_dmr/Aim/Run/player_salvager_longwatch_dmr_run_aim_p10.png using Guid(40d7e28d2aa3dde4fbef39bd648e4e5b) (TextureImporter) -> (Import Result ID: '900b1e7987f87b4364e555e9cc56bf93') in 0.0114372 seconds [static and dynamic dependencies]. Details - ImportResultOutputID=1555be8e9cc4089ac1c593ba187ff6f8 DependenciesID=9a2d090a5c3d3d1499e75c3d90a1175a StaticDependenciesID=51bb3466f6294f3661e3ab54e6b4572b 
Refreshing native plugins compatible for Editor in 4.21 ms, found 4 plugins.
Asset Pipeline Refresh (id=c0b73607239e6484d8ebf231fc087942): Total: 0.042 seconds - Initiated by StopAssetImportingV2(NoUpdateAssetOptions)
Start importing Assets/Art/Characters/Player/Sprites/Arms/Armed/longwatch_dmr/Aim/Backpedal/player_salvager_longwatch_dmr_backpedal_aim_p10.png using Guid(c28b8b62bd4679049a0ff4833f705a96) (TextureImporter) -> (Import Result ID: 'c176705d303dd4533e77624530c3b46d') in 0.0108381 seconds [static and dynamic dependencies]. Details - ImportResultOutputID=886c0537024f7793cd24c1aa101144c7 DependenciesID=0b45f70af92cf5811e4666af44d00b36 StaticDependenciesID=1abc6d64cd0b00676a36c7e5bdb2db3b 
Refreshing native plugins compatible for Editor in 2.37 ms, found 4 plugins.
Asset Pipeline Refresh (id=06a207eacc1199f46a807b998670524e): Total: 0.043 seconds - Initiated by StopAssetImportingV2(NoUpdateAssetOptions)
Start importing Assets/Art/Characters/Player/Sprites/Arms/Armed/longwatch_dmr/Aim/Backpedal/player_salvager_longwatch_dmr_backpedal_aim_p10.png using Guid(c28b8b62bd4679049a0ff4833f705a96) (TextureImporter) -> (Import Result ID: 'c176705d303dd4533e77624530c3b46d') in 0.011402 seconds [static and dynamic dependencies]. Details - ImportResultOutputID=886c0537024f7793cd24c1aa101144c7 DependenciesID=0b45f70af92cf5811e4666af44d00b36 StaticDependenciesID=1abc6d64cd0b00676a36c7e5bdb2db3b 
Asset Pipeline Refresh (id=56049fc484f65054d9272a5e8f8af038): Total: 0.038 seconds - Initiated by StopAssetImportingV2(NoUpdateAssetOptions)
Start importing Assets/Art/Characters/Player/Sprites/Arms/Armed/longwatch_dmr/Aim/Crouch/player_salvager_longwatch_dmr_crouch_aim_p10.png using Guid(7bfc071aaa40c754c983c272bd8f8330) (TextureImporter) -> (Import Result ID: 'fd7934e2c3d1029ce729b4e1082a0874') in 0.0124202 seconds [static and dynamic dependencies]. Details - ImportResultOutputID=ce804b16d5c7c56e6650176264f24ed9 DependenciesID=da92e11fa902aac7b9742a51476068a6 StaticDependenciesID=5540fefdb51cebcb0f1cf98dd58f1fdb 
Asset Pipeline Refresh (id=ccd3e392141c98a479b766cca6f958fc): Total: 0.041 seconds - Initiated by StopAssetImportingV2(NoUpdateAssetOptions)
Start importing Assets/Art/Characters/Player/Sprites/Arms/Armed/longwatch_dmr/Aim/Crouch/player_salvager_longwatch_dmr_crouch_aim_p10.png using Guid(7bfc071aaa40c754c983c272bd8f8330) (TextureImporter) -> (Import Result ID: 'fd7934e2c3d1029ce729b4e1082a0874') in 0.0103861 seconds [static and dynamic dependencies]. Details - ImportResultOutputID=ce804b16d5c7c56e6650176264f24ed9 DependenciesID=da92e11fa902aac7b9742a51476068a6 StaticDependenciesID=5540fefdb51cebcb0f1cf98dd58f1fdb 
Refreshing native plugins compatible for Editor in 2.30 ms, found 4 plugins.
Asset Pipeline Refresh (id=31c2430378f7a814c8e8bfd1e64281e4): Total: 0.035 seconds - Initiated by StopAssetImportingV2(NoUpdateAssetOptions)
Start importing Assets/Art/Characters/Player/Sprites/Arms/Armed/longwatch_dmr/Aim/Fall/player_salvager_longwatch_dmr_fall_aim_p10.png using Guid(ccaff0714c0207449b503e439eeb1061) (TextureImporter) -> (Import Result ID: '9df046f5c722c5adb3d31eb89aa41a1a') in 0.0122235 seconds [static and dynamic dependencies]. Details - ImportResultOutputID=67ae55ca99f7bf1f661975d761f0868a DependenciesID=67a01b1a387af356c16ebc81a51c2133 StaticDependenciesID=3e8cf626be34f36422957c3ce1ddbc20 
Refreshing native plugins compatible for Editor in 2.90 ms, found 4 plugins.
Asset Pipeline Refresh (id=8d7763b359189294dac4a5adf798a11e): Total: 0.050 seconds - Initiated by StopAssetImportingV2(NoUpdateAssetOptions)
Start importing Assets/Art/Characters/Player/Sprites/Arms/Armed/longwatch_dmr/Aim/Fall/player_salvager_longwatch_dmr_fall_aim_p10.png using Guid(ccaff0714c0207449b503e439eeb1061) (TextureImporter) -> (Import Result ID: '9df046f5c722c5adb3d31eb89aa41a1a') in 0.01446 seconds [static and dynamic dependencies]. Details - ImportResultOutputID=67ae55ca99f7bf1f661975d761f0868a DependenciesID=67a01b1a387af356c16ebc81a51c2133 StaticDependenciesID=3e8cf626be34f36422957c3ce1ddbc20 
Refreshing native plugins compatible for Editor in 2.32 ms, found 4 plugins.
Asset Pipeline Refresh (id=ab8ae29ae65edab4288acec6e26d64ed): Total: 0.042 seconds - Initiated by StopAssetImportingV2(NoUpdateAssetOptions)
Start importing Assets/Art/Characters/Player/Sprites/Arms/Armed/longwatch_dmr/Aim/Idle/player_salvager_longwatch_dmr_idle_aim_0.png using Guid(68036bf5b020b664f9acf8a9bc1d3972) (TextureImporter) -> (Import Result ID: 'cbd5d766e0efd2d9a664f6016b65d969') in 0.0112683 seconds [static and dynamic dependencies]. Details - ImportResultOutputID=1dff4ff64bc8a68e47acd7942bec4cae DependenciesID=2ecc3ccc6ccbd2ec32e4058a2ab062d4 StaticDependenciesID=44cf822285880baaee78f0f2fa78b917 
Refreshing native plugins compatible for Editor in 2.03 ms, found 4 plugins.
Asset Pipeline Refresh (id=6efdaadba84bf8b499dce944baa871d8): Total: 0.044 seconds - Initiated by StopAssetImportingV2(NoUpdateAssetOptions)
Start importing Assets/Art/Characters/Player/Sprites/Arms/Armed/longwatch_dmr/Aim/Idle/player_salvager_longwatch_dmr_idle_aim_0.png using Guid(68036bf5b020b664f9acf8a9bc1d3972) (TextureImporter) -> (Import Result ID: 'cbd5d766e0efd2d9a664f6016b65d969') in 0.0086516 seconds [static and dynamic dependencies]. Details - ImportResultOutputID=1dff4ff64bc8a68e47acd7942bec4cae DependenciesID=2ecc3ccc6ccbd2ec32e4058a2ab062d4 StaticDependenciesID=44cf822285880baaee78f0f2fa78b917 
Refreshing native plugins compatible for Editor in 2.40 ms, found 4 plugins.
Asset Pipeline Refresh (id=3964b3a20e2b80a43802118ed49038ee): Total: 0.043 seconds - Initiated by StopAssetImportingV2(NoUpdateAssetOptions)
Start importing Assets/Art/Characters/Player/Sprites/Arms/Armed/longwatch_dmr/Aim/Run/player_salvager_longwatch_dmr_run_aim_0.png using Guid(2363db9d9659b4f4d91572c03a4d1100) (TextureImporter) -> (Import Result ID: 'bda9b764f2de9aced838f273a6c33da9') in 0.0125167 seconds [static and dynamic dependencies]. Details - ImportResultOutputID=4009442847146c60749666b8b0615af9 DependenciesID=58068ab3e717391f2f191a38c2fb6679 StaticDependenciesID=ecfa68923e4dc69f52c9b3e39d2a5f7d 
Asset Pipeline Refresh (id=47adffbc2a888ad4a902d4990b07b246): Total: 0.045 seconds - Initiated by StopAssetImportingV2(NoUpdateAssetOptions)
Start importing Assets/Art/Characters/Player/Sprites/Arms/Armed/longwatch_dmr/Aim/Run/player_salvager_longwatch_dmr_run_aim_0.png using Guid(2363db9d9659b4f4d91572c03a4d1100) (TextureImporter) -> (Import Result ID: 'bda9b764f2de9aced838f273a6c33da9') in 0.0122645 seconds [static and dynamic dependencies]. Details - ImportResultOutputID=4009442847146c60749666b8b0615af9 DependenciesID=58068ab3e717391f2f191a38c2fb6679 StaticDependenciesID=ecfa68923e4dc69f52c9b3e39d2a5f7d 
Refreshing native plugins compatible for Editor in 3.36 ms, found 4 plugins.
Asset Pipeline Refresh (id=5f3907bb9f4fb594d94e6c616c63def7): Total: 0.049 seconds - Initiated by StopAssetImportingV2(NoUpdateAssetOptions)
Start importing Assets/Art/Characters/Player/Sprites/Arms/Armed/longwatch_dmr/Aim/Backpedal/player_salvager_longwatch_dmr_backpedal_aim_0.png using Guid(b2069027355b7d64bb33344fac437813) (TextureImporter) -> (Import Result ID: '64179bc385912ce0bccded759469def4') in 0.0155477 seconds [static and dynamic dependencies]. Details - ImportResultOutputID=779491c3f6bdeeedcc557b572361ba3e DependenciesID=0242066aa12c64592f6df6fef5c7cc65 StaticDependenciesID=c1e57950f3a2ea7cf68654cd05aa73c6 
Refreshing native plugins compatible for Editor in 3.64 ms, found 4 plugins.
Asset Pipeline Refresh (id=d7ba3008acea19649b4facc6638df4d7): Total: 0.048 seconds - Initiated by StopAssetImportingV2(NoUpdateAssetOptions)
Start importing Assets/Art/Characters/Player/Sprites/Arms/Armed/longwatch_dmr/Aim/Backpedal/player_salvager_longwatch_dmr_backpedal_aim_0.png using Guid(b2069027355b7d64bb33344fac437813) (TextureImporter) -> (Import Result ID: '64179bc385912ce0bccded759469def4') in 0.0082669 seconds [static and dynamic dependencies]. Details - ImportResultOutputID=779491c3f6bdeeedcc557b572361ba3e DependenciesID=0242066aa12c64592f6df6fef5c7cc65 StaticDependenciesID=c1e57950f3a2ea7cf68654cd05aa73c6 
Asset Pipeline Refresh (id=01b839051a6005941b3afcb77d8e6436): Total: 0.039 seconds - Initiated by StopAssetImportingV2(NoUpdateAssetOptions)
Start importing Assets/Art/Characters/Player/Sprites/Arms/Armed/longwatch_dmr/Aim/Crouch/player_salvager_longwatch_dmr_crouch_aim_0.png using Guid(49a98054a4541a5438cea524ff32f79c) (TextureImporter) -> (Import Result ID: '7941801ac07650d248c02ae4fd9f31d2') in 0.0120966 seconds [static and dynamic dependencies]. Details - ImportResultOutputID=fa442f7dd896b4a46c88475e6da69629 DependenciesID=ec339c0b90f3faa6e78dca90fa6836c4 StaticDependenciesID=cc4c094e7218512aca99b3512c187954 
Asset Pipeline Refresh (id=d8e4c22eaa643ae45b2ef6744322f494): Total: 0.047 seconds - Initiated by StopAssetImportingV2(NoUpdateAssetOptions)
Start importing Assets/Art/Characters/Player/Sprites/Arms/Armed/longwatch_dmr/Aim/Crouch/player_salvager_longwatch_dmr_crouch_aim_0.png using Guid(49a98054a4541a5438cea524ff32f79c) (TextureImporter) -> (Import Result ID: '7941801ac07650d248c02ae4fd9f31d2') in 0.0144978 seconds [static and dynamic dependencies]. Details - ImportResultOutputID=fa442f7dd896b4a46c88475e6da69629 DependenciesID=ec339c0b90f3faa6e78dca90fa6836c4 StaticDependenciesID=cc4c094e7218512aca99b3512c187954 
Refreshing native plugins compatible for Editor in 2.56 ms, found 4 plugins.
Asset Pipeline Refresh (id=19cfc9b019d892944a83f99ae45090b1): Total: 0.040 seconds - Initiated by StopAssetImportingV2(NoUpdateAssetOptions)
Start importing Assets/Art/Characters/Player/Sprites/Arms/Armed/longwatch_dmr/Aim/Fall/player_salvager_longwatch_dmr_fall_aim_0.png using Guid(34869d951aa10a948ba2dcfa481fcf86) (TextureImporter) -> (Import Result ID: '7331aad24eed071b510aa2dd006c1bde') in 0.0080037 seconds [static and dynamic dependencies]. Details - ImportResultOutputID=64a9c00a5cb9dc438b02229be7ba1644 DependenciesID=247b52184991e679d39e29cf6bd7e3fc StaticDependenciesID=98f5107ab5f13e730267528b0b52a647 
Refreshing native plugins compatible for Editor in 4.74 ms, found 4 plugins.
Asset Pipeline Refresh (id=402ddd9ae44f8344caef6f341e9d1aaa): Total: 0.041 seconds - Initiated by StopAssetImportingV2(NoUpdateAssetOptions)
Start importing Assets/Art/Characters/Player/Sprites/Arms/Armed/longwatch_dmr/Aim/Fall/player_salvager_longwatch_dmr_fall_aim_0.png using Guid(34869d951aa10a948ba2dcfa481fcf86) (TextureImporter) -> (Import Result ID: '7331aad24eed071b510aa2dd006c1bde') in 0.0146622 seconds [static and dynamic dependencies]. Details - ImportResultOutputID=64a9c00a5cb9dc438b02229be7ba1644 DependenciesID=247b52184991e679d39e29cf6bd7e3fc StaticDependenciesID=98f5107ab5f13e730267528b0b52a647 
Refreshing native plugins compatible for Editor in 3.06 ms, found 4 plugins.
Asset Pipeline Refresh (id=4dc8204f09d3735469b558c7b399bbb3): Total: 0.047 seconds - Initiated by StopAssetImportingV2(NoUpdateAssetOptions)
Start importing Assets/Art/Characters/Player/Sprites/Arms/Armed/longwatch_dmr/Aim/Idle/player_salvager_longwatch_dmr_idle_aim_m10.png using Guid(e52d88fec81bef54aae153ba30e201dc) (TextureImporter) -> (Import Result ID: '05c267bb27da3667df8e625b4e10491f') in 0.0100338 seconds [static and dynamic dependencies]. Details - ImportResultOutputID=de62a4b0323e6bc64cd459a1cef510cc DependenciesID=5a7334edd20b7ca0c0fb1cd7e1888429 StaticDependenciesID=9cf3d8035dd46098fd424c3afe215271 
Asset Pipeline Refresh (id=65706d16504cc634ab6a46b2c53ed709): Total: 0.034 seconds - Initiated by StopAssetImportingV2(NoUpdateAssetOptions)
Start importing Assets/Art/Characters/Player/Sprites/Arms/Armed/longwatch_dmr/Aim/Idle/player_salvager_longwatch_dmr_idle_aim_m10.png using Guid(e52d88fec81bef54aae153ba30e201dc) (TextureImporter) -> (Import Result ID: '05c267bb27da3667df8e625b4e10491f') in 0.0093683 seconds [static and dynamic dependencies]. Details - ImportResultOutputID=de62a4b0323e6bc64cd459a1cef510cc DependenciesID=5a7334edd20b7ca0c0fb1cd7e1888429 StaticDependenciesID=9cf3d8035dd46098fd424c3afe215271 
Asset Pipeline Refresh (id=b9c74e358ddb0a64190cee668e8672e4): Total: 0.041 seconds - Initiated by StopAssetImportingV2(NoUpdateAssetOptions)
Start importing Assets/Art/Characters/Player/Sprites/Arms/Armed/longwatch_dmr/Aim/Run/player_salvager_longwatch_dmr_run_aim_m10.png using Guid(020281fec8e4336488642de4859d926f) (TextureImporter) -> (Import Result ID: 'ec49ec3abfc5ecb9e59bc55b2cdd5113') in 0.0158196 seconds [static and dynamic dependencies]. Details - ImportResultOutputID=8904083e76320116e6c21e7fd876352c DependenciesID=d5fa3b660db61c654e5e286260010a7a StaticDependenciesID=55cb068ce922bee2e592bd9418489387 
Refreshing native plugins compatible for Editor in 5.65 ms, found 4 plugins.
Asset Pipeline Refresh (id=c078959aa55f1fe43b18cea40a9dbb92): Total: 0.056 seconds - Initiated by StopAssetImportingV2(NoUpdateAssetOptions)
Start importing Assets/Art/Characters/Player/Sprites/Arms/Armed/longwatch_dmr/Aim/Run/player_salvager_longwatch_dmr_run_aim_m10.png using Guid(020281fec8e4336488642de4859d926f) (TextureImporter) -> (Import Result ID: 'ec49ec3abfc5ecb9e59bc55b2cdd5113') in 0.0133535 seconds [static and dynamic dependencies]. Details - ImportResultOutputID=8904083e76320116e6c21e7fd876352c DependenciesID=d5fa3b660db61c654e5e286260010a7a StaticDependenciesID=55cb068ce922bee2e592bd9418489387 
Refreshing native plugins compatible for Editor in 2.40 ms, found 4 plugins.
Asset Pipeline Refresh (id=72e70d5b4105f394c82552473397d123): Total: 0.043 seconds - Initiated by StopAssetImportingV2(NoUpdateAssetOptions)
Start importing Assets/Art/Characters/Player/Sprites/Arms/Armed/longwatch_dmr/Aim/Backpedal/player_salvager_longwatch_dmr_backpedal_aim_m10.png using Guid(d2628bfc451fa7449beddf35d3b178a7) (TextureImporter) -> (Import Result ID: '95db847021844b21134cb5102601f9ef') in 0.0114701 seconds [static and dynamic dependencies]. Details - ImportResultOutputID=ceabc24045095b5eed74c65ece70ca46 DependenciesID=8a074ec2f6fd6c229c1269035199b0af StaticDependenciesID=3602bb00bb56cad42d15b785cf72f823 
Refreshing native plugins compatible for Editor in 2.43 ms, found 4 plugins.
Asset Pipeline Refresh (id=9dbe9f57022c6f84a8a727a312eae195): Total: 0.040 seconds - Initiated by StopAssetImportingV2(NoUpdateAssetOptions)
Start importing Assets/Art/Characters/Player/Sprites/Arms/Armed/longwatch_dmr/Aim/Backpedal/player_salvager_longwatch_dmr_backpedal_aim_m10.png using Guid(d2628bfc451fa7449beddf35d3b178a7) (TextureImporter) -> (Import Result ID: '95db847021844b21134cb5102601f9ef') in 0.0135962 seconds [static and dynamic dependencies]. Details - ImportResultOutputID=ceabc24045095b5eed74c65ece70ca46 DependenciesID=8a074ec2f6fd6c229c1269035199b0af StaticDependenciesID=3602bb00bb56cad42d15b785cf72f823 
Refreshing native plugins compatible for Editor in 5.66 ms, found 4 plugins.
Asset Pipeline Refresh (id=7b14108293bdb5f4198a85809d4d5b01): Total: 0.054 seconds - Initiated by StopAssetImportingV2(NoUpdateAssetOptions)
Start importing Assets/Art/Characters/Player/Sprites/Arms/Armed/longwatch_dmr/Aim/Crouch/player_salvager_longwatch_dmr_crouch_aim_m10.png using Guid(7f945cb5189352e48a1ad6d2bac65cc7) (TextureImporter) -> (Import Result ID: 'd6a8c517ba3bd15ba1152eac12a2599d') in 0.0112315 seconds [static and dynamic dependencies]. Details - ImportResultOutputID=4f235e3162e1742a5d1761b95d44ebdf DependenciesID=fa6909b00d9ad4a47af8abca21958ad8 StaticDependenciesID=d4cc3ae2dfe5d179cbc252a57c01207e 
Refreshing native plugins compatible for Editor in 2.00 ms, found 4 plugins.
Asset Pipeline Refresh (id=c34ae14db2ea468418d223fbe18aca2b): Total: 0.042 seconds - Initiated by StopAssetImportingV2(NoUpdateAssetOptions)
Start importing Assets/Art/Characters/Player/Sprites/Arms/Armed/longwatch_dmr/Aim/Crouch/player_salvager_longwatch_dmr_crouch_aim_m10.png using Guid(7f945cb5189352e48a1ad6d2bac65cc7) (TextureImporter) -> (Import Result ID: 'd6a8c517ba3bd15ba1152eac12a2599d') in 0.010286 seconds [static and dynamic dependencies]. Details - ImportResultOutputID=4f235e3162e1742a5d1761b95d44ebdf DependenciesID=fa6909b00d9ad4a47af8abca21958ad8 StaticDependenciesID=d4cc3ae2dfe5d179cbc252a57c01207e 
Asset Pipeline Refresh (id=7dfbc778f4f234547bac1972292452a5): Total: 0.036 seconds - Initiated by StopAssetImportingV2(NoUpdateAssetOptions)
Start importing Assets/Art/Characters/Player/Sprites/Arms/Armed/longwatch_dmr/Aim/Fall/player_salvager_longwatch_dmr_fall_aim_m10.png using Guid(fc5362f51f46a624b9e56065d72c4253) (TextureImporter) -> (Import Result ID: '74d283a4ab11ed3c96fcbcb25a4c44d3') in 0.0103303 seconds [static and dynamic dependencies]. Details - ImportResultOutputID=95b1276638e4657df62cacc83c356ef8 DependenciesID=6ac4de3e857ad951950596ee0cd1e424 StaticDependenciesID=bdc8aae089ed1116af112667224bd63f 
Refreshing native plugins compatible for Editor in 2.55 ms, found 4 plugins.
Asset Pipeline Refresh (id=110c0d49c6958ed4c83877533eb6761d): Total: 0.036 seconds - Initiated by StopAssetImportingV2(NoUpdateAssetOptions)
Start importing Assets/Art/Characters/Player/Sprites/Arms/Armed/longwatch_dmr/Aim/Fall/player_salvager_longwatch_dmr_fall_aim_m10.png using Guid(fc5362f51f46a624b9e56065d72c4253) (TextureImporter) -> (Import Result ID: '74d283a4ab11ed3c96fcbcb25a4c44d3') in 0.0092648 seconds [static and dynamic dependencies]. Details - ImportResultOutputID=95b1276638e4657df62cacc83c356ef8 DependenciesID=6ac4de3e857ad951950596ee0cd1e424 StaticDependenciesID=bdc8aae089ed1116af112667224bd63f 
Refreshing native plugins compatible for Editor in 7.42 ms, found 4 plugins.
Asset Pipeline Refresh (id=3bbc11cc8fbdc0645b38060294c08e3a): Total: 0.051 seconds - Initiated by StopAssetImportingV2(NoUpdateAssetOptions)
Start importing Assets/Art/Characters/Player/Sprites/Arms/Armed/longwatch_dmr/Aim/Idle/player_salvager_longwatch_dmr_idle_aim_m20.png using Guid(a097d1e9a9c5fab459b296581ff94ae9) (TextureImporter) -> (Import Result ID: '7114049c1b5f75347d9a149060b12733') in 0.0103999 seconds [static and dynamic dependencies]. Details - ImportResultOutputID=20741f9cb93c6bf62fdee95734915837 DependenciesID=0990e4fb07cb3563d9a35ae671087443 StaticDependenciesID=2b1235967e7a12b4fde76e8eae91581c 
Refreshing native plugins compatible for Editor in 2.58 ms, found 4 plugins.
Asset Pipeline Refresh (id=e8da900233e8c8b46aa033ce1dc01270): Total: 0.041 seconds - Initiated by StopAssetImportingV2(NoUpdateAssetOptions)
Start importing Assets/Art/Characters/Player/Sprites/Arms/Armed/longwatch_dmr/Aim/Idle/player_salvager_longwatch_dmr_idle_aim_m20.png using Guid(a097d1e9a9c5fab459b296581ff94ae9) (TextureImporter) -> (Import Result ID: '7114049c1b5f75347d9a149060b12733') in 0.009812 seconds [static and dynamic dependencies]. Details - ImportResultOutputID=20741f9cb93c6bf62fdee95734915837 DependenciesID=0990e4fb07cb3563d9a35ae671087443 StaticDependenciesID=2b1235967e7a12b4fde76e8eae91581c 
Refreshing native plugins compatible for Editor in 2.10 ms, found 4 plugins.
Asset Pipeline Refresh (id=9f5857caf8eed674989551ac1c9d616d): Total: 0.038 seconds - Initiated by StopAssetImportingV2(NoUpdateAssetOptions)
Start importing Assets/Art/Characters/Player/Sprites/Arms/Armed/longwatch_dmr/Aim/Run/player_salvager_longwatch_dmr_run_aim_m20.png using Guid(f2bb5ac8e713fb34cb335b5b46744d01) (TextureImporter) -> (Import Result ID: '7c810726682334eaaa23c911f51ae883') in 0.0101586 seconds [static and dynamic dependencies]. Details - ImportResultOutputID=6c43a8a71af09ffe1df6d23278b51522 DependenciesID=00053623d37f96cb6fdbc84463f75ad6 StaticDependenciesID=a17d9cc136243d16a0d285f52cea9b11 
Asset Pipeline Refresh (id=0f78201fe11e4ea49a820c69bc4580cc): Total: 0.038 seconds - Initiated by StopAssetImportingV2(NoUpdateAssetOptions)
Start importing Assets/Art/Characters/Player/Sprites/Arms/Armed/longwatch_dmr/Aim/Run/player_salvager_longwatch_dmr_run_aim_m20.png using Guid(f2bb5ac8e713fb34cb335b5b46744d01) (TextureImporter) -> (Import Result ID: '7c810726682334eaaa23c911f51ae883') in 0.0126453 seconds [static and dynamic dependencies]. Details - ImportResultOutputID=6c43a8a71af09ffe1df6d23278b51522 DependenciesID=00053623d37f96cb6fdbc84463f75ad6 StaticDependenciesID=a17d9cc136243d16a0d285f52cea9b11 
Asset Pipeline Refresh (id=e2fe7221c6d1b044383d549a5a541a5c): Total: 0.056 seconds - Initiated by StopAssetImportingV2(NoUpdateAssetOptions)
Start importing Assets/Art/Characters/Player/Sprites/Arms/Armed/longwatch_dmr/Aim/Backpedal/player_salvager_longwatch_dmr_backpedal_aim_m20.png using Guid(5481daad40b11614388215afe7a87a86) (TextureImporter) -> (Import Result ID: 'a32ee5b4287a31aad2a6b54e44645902') in 0.0102323 seconds [static and dynamic dependencies]. Details - ImportResultOutputID=d4427e6652a6e429743f04f297f9064a DependenciesID=6da27a01fd808700cb71248081a95320 StaticDependenciesID=cde0d1c85efae528cfa370ed44dd946d 
Refreshing native plugins compatible for Editor in 2.88 ms, found 4 plugins.
Asset Pipeline Refresh (id=5b84f1700bcd22546ae216c76e928ac2): Total: 0.036 seconds - Initiated by StopAssetImportingV2(NoUpdateAssetOptions)
Start importing Assets/Art/Characters/Player/Sprites/Arms/Armed/longwatch_dmr/Aim/Backpedal/player_salvager_longwatch_dmr_backpedal_aim_m20.png using Guid(5481daad40b11614388215afe7a87a86) (TextureImporter) -> (Import Result ID: 'a32ee5b4287a31aad2a6b54e44645902') in 0.0096637 seconds [static and dynamic dependencies]. Details - ImportResultOutputID=d4427e6652a6e429743f04f297f9064a DependenciesID=6da27a01fd808700cb71248081a95320 StaticDependenciesID=cde0d1c85efae528cfa370ed44dd946d 
Asset Pipeline Refresh (id=d12c8ed66d1de1049b8d312089e35b0f): Total: 0.036 seconds - Initiated by StopAssetImportingV2(NoUpdateAssetOptions)
Start importing Assets/Art/Characters/Player/Sprites/Arms/Armed/longwatch_dmr/Aim/Crouch/player_salvager_longwatch_dmr_crouch_aim_m20.png using Guid(970fa5e74e1a2c040b9b924e4491a2d2) (TextureImporter) -> (Import Result ID: '6ee041adda755b3adbd188c854a184ca') in 0.0190588 seconds [static and dynamic dependencies]. Details - ImportResultOutputID=0592fe3e973f6eb70ecbb25c6978925f DependenciesID=29a7d974982e42c0eae4a395379ecc47 StaticDependenciesID=8f904e2c0773d749fac4b21945727940 
Asset Pipeline Refresh (id=2af0e151987b09b45a4d20e091278dff): Total: 0.058 seconds - Initiated by StopAssetImportingV2(NoUpdateAssetOptions)
Start importing Assets/Art/Characters/Player/Sprites/Arms/Armed/longwatch_dmr/Aim/Crouch/player_salvager_longwatch_dmr_crouch_aim_m20.png using Guid(970fa5e74e1a2c040b9b924e4491a2d2) (TextureImporter) -> (Import Result ID: '6ee041adda755b3adbd188c854a184ca') in 0.0091538 seconds [static and dynamic dependencies]. Details - ImportResultOutputID=0592fe3e973f6eb70ecbb25c6978925f DependenciesID=29a7d974982e42c0eae4a395379ecc47 StaticDependenciesID=8f904e2c0773d749fac4b21945727940 
Asset Pipeline Refresh (id=994f9100f9bb7584688f425c7f6cc25c): Total: 0.037 seconds - Initiated by StopAssetImportingV2(NoUpdateAssetOptions)
Start importing Assets/Art/Characters/Player/Sprites/Arms/Armed/longwatch_dmr/Aim/Fall/player_salvager_longwatch_dmr_fall_aim_m20.png using Guid(2ff6dec27a74db24fb641fd2c65e5b90) (TextureImporter) -> (Import Result ID: '9c8c1aa1885ccc5f4cb88f46831bfb46') in 0.0093753 seconds [static and dynamic dependencies]. Details - ImportResultOutputID=a70ab46dee03b52189ba347e3b812d30 DependenciesID=be00540f691168e0c542f8007ef5e723 StaticDependenciesID=8879ac0493cb6a6f84d44626105d4f84 
Asset Pipeline Refresh (id=5219db61426c4ac4383887acf1071d9d): Total: 0.034 seconds - Initiated by StopAssetImportingV2(NoUpdateAssetOptions)
Start importing Assets/Art/Characters/Player/Sprites/Arms/Armed/longwatch_dmr/Aim/Fall/player_salvager_longwatch_dmr_fall_aim_m20.png using Guid(2ff6dec27a74db24fb641fd2c65e5b90) (TextureImporter) -> (Import Result ID: '9c8c1aa1885ccc5f4cb88f46831bfb46') in 0.0059355 seconds [static and dynamic dependencies]. Details - ImportResultOutputID=a70ab46dee03b52189ba347e3b812d30 DependenciesID=be00540f691168e0c542f8007ef5e723 StaticDependenciesID=8879ac0493cb6a6f84d44626105d4f84 
Asset Pipeline Refresh (id=c95c1c8edc2b3df42b3ea4655b41b927): Total: 0.031 seconds - Initiated by StopAssetImportingV2(NoUpdateAssetOptions)
Start importing Assets/Art/Characters/Player/Sprites/Arms/Armed/longwatch_dmr/Aim/Idle/player_salvager_longwatch_dmr_idle_aim_m30.png using Guid(68abf24f4af42264f88939c02888de78) (TextureImporter) -> (Import Result ID: 'd8fa460227db2e53fa379156d6ffed07') in 0.011507 seconds [static and dynamic dependencies]. Details - ImportResultOutputID=2288e1063e1be20202a3c05dfc44a6e8 DependenciesID=ce75cf7c7008fc5b7e5d77b213102b8d StaticDependenciesID=ed4209a28425ceb7c5160e7294250f9c 
Refreshing native plugins compatible for Editor in 2.19 ms, found 4 plugins.
Asset Pipeline Refresh (id=a811859bdaff39348af7853f383787ad): Total: 0.042 seconds - Initiated by StopAssetImportingV2(NoUpdateAssetOptions)
Start importing Assets/Art/Characters/Player/Sprites/Arms/Armed/longwatch_dmr/Aim/Idle/player_salvager_longwatch_dmr_idle_aim_m30.png using Guid(68abf24f4af42264f88939c02888de78) (TextureImporter) -> (Import Result ID: 'd8fa460227db2e53fa379156d6ffed07') in 0.0092219 seconds [static and dynamic dependencies]. Details - ImportResultOutputID=2288e1063e1be20202a3c05dfc44a6e8 DependenciesID=ce75cf7c7008fc5b7e5d77b213102b8d StaticDependenciesID=ed4209a28425ceb7c5160e7294250f9c 
Asset Pipeline Refresh (id=e40c0f3ef083e954d80bddc00743e97d): Total: 0.034 seconds - Initiated by StopAssetImportingV2(NoUpdateAssetOptions)
Start importing Assets/Art/Characters/Player/Sprites/Arms/Armed/longwatch_dmr/Aim/Run/player_salvager_longwatch_dmr_run_aim_m30.png using Guid(005da624d98dff1468a1b92e67c4a83c) (TextureImporter) -> (Import Result ID: '8df95f52e8fed3ae0e253ba905a1edea') in 0.0137692 seconds [static and dynamic dependencies]. Details - ImportResultOutputID=daa4388d517d207977bdd150852d9c50 DependenciesID=a0eb6eed8e416df3868165bb90eb24bb StaticDependenciesID=eaf60c5ee35941595a41bd6c058fd386 
Refreshing native plugins compatible for Editor in 3.61 ms, found 4 plugins.
Asset Pipeline Refresh (id=77261dc551460f546849ee8f90000791): Total: 0.047 seconds - Initiated by StopAssetImportingV2(NoUpdateAssetOptions)
Start importing Assets/Art/Characters/Player/Sprites/Arms/Armed/longwatch_dmr/Aim/Run/player_salvager_longwatch_dmr_run_aim_m30.png using Guid(005da624d98dff1468a1b92e67c4a83c) (TextureImporter) -> (Import Result ID: '8df95f52e8fed3ae0e253ba905a1edea') in 0.0103819 seconds [static and dynamic dependencies]. Details - ImportResultOutputID=daa4388d517d207977bdd150852d9c50 DependenciesID=a0eb6eed8e416df3868165bb90eb24bb StaticDependenciesID=eaf60c5ee35941595a41bd6c058fd386 
Refreshing native plugins compatible for Editor in 5.52 ms, found 4 plugins.
Asset Pipeline Refresh (id=374dd43fbc5853a49b9f7488cb7986c7): Total: 0.040 seconds - Initiated by StopAssetImportingV2(NoUpdateAssetOptions)
Start importing Assets/Art/Characters/Player/Sprites/Arms/Armed/longwatch_dmr/Aim/Backpedal/player_salvager_longwatch_dmr_backpedal_aim_m30.png using Guid(161e6bb046af4d14dac162315c206beb) (TextureImporter) -> (Import Result ID: '688ab261a845bf4cd72fc47cf4f30833') in 0.010291 seconds [static and dynamic dependencies]. Details - ImportResultOutputID=b9df4e71b1d716f48e7645bfa34e299b DependenciesID=5e918c90e5f3dea1397885904ebc84b5 StaticDependenciesID=aab4ef9bdc9a5db6ef7a0e34156c8364 
Asset Pipeline Refresh (id=ac6bb05bbb3c47e46858a4f8dc8d9f76): Total: 0.041 seconds - Initiated by StopAssetImportingV2(NoUpdateAssetOptions)
Start importing Assets/Art/Characters/Player/Sprites/Arms/Armed/longwatch_dmr/Aim/Backpedal/player_salvager_longwatch_dmr_backpedal_aim_m30.png using Guid(161e6bb046af4d14dac162315c206beb) (TextureImporter) -> (Import Result ID: '688ab261a845bf4cd72fc47cf4f30833') in 0.0161066 seconds [static and dynamic dependencies]. Details - ImportResultOutputID=b9df4e71b1d716f48e7645bfa34e299b DependenciesID=5e918c90e5f3dea1397885904ebc84b5 StaticDependenciesID=aab4ef9bdc9a5db6ef7a0e34156c8364 
Asset Pipeline Refresh (id=8ff6c1e811713924b94ad51ba9dfac73): Total: 0.050 seconds - Initiated by StopAssetImportingV2(NoUpdateAssetOptions)
Start importing Assets/Art/Characters/Player/Sprites/Arms/Armed/longwatch_dmr/Aim/Crouch/player_salvager_longwatch_dmr_crouch_aim_m30.png using Guid(635adb52153346944b62cdd5d81b7482) (TextureImporter) -> (Import Result ID: 'c6e9bdeaa6b1a7df42efbc9dc71084d5') in 0.0108717 seconds [static and dynamic dependencies]. Details - ImportResultOutputID=4c19550e19675951a168d52474286c84 DependenciesID=f55a6e4c607964e22f6f5d3e3440a32a StaticDependenciesID=4a2d21f0e150b8a8ac40de10760544ae 
Asset Pipeline Refresh (id=35e1a7ca91541ed4eb4d0b59954c88e4): Total: 0.038 seconds - Initiated by StopAssetImportingV2(NoUpdateAssetOptions)
Start importing Assets/Art/Characters/Player/Sprites/Arms/Armed/longwatch_dmr/Aim/Crouch/player_salvager_longwatch_dmr_crouch_aim_m30.png using Guid(635adb52153346944b62cdd5d81b7482) (TextureImporter) -> (Import Result ID: 'c6e9bdeaa6b1a7df42efbc9dc71084d5') in 0.0106222 seconds [static and dynamic dependencies]. Details - ImportResultOutputID=4c19550e19675951a168d52474286c84 DependenciesID=f55a6e4c607964e22f6f5d3e3440a32a StaticDependenciesID=4a2d21f0e150b8a8ac40de10760544ae 
Asset Pipeline Refresh (id=9865294e886fb5c418a4fe2297a5a3cf): Total: 0.038 seconds - Initiated by StopAssetImportingV2(NoUpdateAssetOptions)
Start importing Assets/Art/Characters/Player/Sprites/Arms/Armed/longwatch_dmr/Aim/Fall/player_salvager_longwatch_dmr_fall_aim_m30.png using Guid(ff1f0b719d87ed84e870e7562f58534a) (TextureImporter) -> (Import Result ID: '1f6f8632ccdfbb368cd06f4df289ed4a') in 0.0119279 seconds [static and dynamic dependencies]. Details - ImportResultOutputID=7dff2b44376b4bbcacf8d613485a3943 DependenciesID=533d5a29230e50248c31de25227462a2 StaticDependenciesID=772b725325c34a37332a5c81677ed49c 
Refreshing native plugins compatible for Editor in 4.09 ms, found 4 plugins.
Asset Pipeline Refresh (id=0723528aaf0d7ee4fa17566b5d32b5ae): Total: 0.048 seconds - Initiated by StopAssetImportingV2(NoUpdateAssetOptions)
Start importing Assets/Art/Characters/Player/Sprites/Arms/Armed/longwatch_dmr/Aim/Fall/player_salvager_longwatch_dmr_fall_aim_m30.png using Guid(ff1f0b719d87ed84e870e7562f58534a) (TextureImporter) -> (Import Result ID: '1f6f8632ccdfbb368cd06f4df289ed4a') in 0.0071757 seconds [static and dynamic dependencies]. Details - ImportResultOutputID=7dff2b44376b4bbcacf8d613485a3943 DependenciesID=533d5a29230e50248c31de25227462a2 StaticDependenciesID=772b725325c34a37332a5c81677ed49c 
Asset Pipeline Refresh (id=986fc36dd9d19314795a397100389c59): Total: 0.041 seconds - Initiated by StopAssetImportingV2(NoUpdateAssetOptions)
Start importing Assets/Art/Characters/Player/Sprites/Arms/Armed/longwatch_dmr/Aim/Idle/player_salvager_longwatch_dmr_idle_aim_m40.png using Guid(3eaa76ba15f578c429556c5032fde7d7) (TextureImporter) -> (Import Result ID: '34063b81f847b7677c42703ab15c3c67') in 0.0112598 seconds [static and dynamic dependencies]. Details - ImportResultOutputID=d811c83b425a4b290b6747df32a52462 DependenciesID=bffa45b9d27ef77cd6fcb668b071e9bd StaticDependenciesID=b6f35895849804cb657732e9a6c29d84 
Refreshing native plugins compatible for Editor in 3.94 ms, found 4 plugins.
Asset Pipeline Refresh (id=0a556c3d59ab17f4ea1982ff0456fa32): Total: 0.044 seconds - Initiated by StopAssetImportingV2(NoUpdateAssetOptions)
Start importing Assets/Art/Characters/Player/Sprites/Arms/Armed/longwatch_dmr/Aim/Idle/player_salvager_longwatch_dmr_idle_aim_m40.png using Guid(3eaa76ba15f578c429556c5032fde7d7) (TextureImporter) -> (Import Result ID: '34063b81f847b7677c42703ab15c3c67') in 0.0110857 seconds [static and dynamic dependencies]. Details - ImportResultOutputID=d811c83b425a4b290b6747df32a52462 DependenciesID=bffa45b9d27ef77cd6fcb668b071e9bd StaticDependenciesID=b6f35895849804cb657732e9a6c29d84 
Asset Pipeline Refresh (id=1dd8b55329f18004887f8b6a838503f2): Total: 0.046 seconds - Initiated by StopAssetImportingV2(NoUpdateAssetOptions)
Start importing Assets/Art/Characters/Player/Sprites/Arms/Armed/longwatch_dmr/Aim/Run/player_salvager_longwatch_dmr_run_aim_m40.png using Guid(92c3bf73d3450454da2e083f1048d6c2) (TextureImporter) -> (Import Result ID: 'fefc8e21e442022059272f822af13718') in 0.0146848 seconds [static and dynamic dependencies]. Details - ImportResultOutputID=95162e8353e484a7f1a9611c62c1e6fd DependenciesID=96a5155b2ca3588327952b5b6ce4fe62 StaticDependenciesID=6f26075c342dc9aa0e055a1dfaa068ff 
Asset Pipeline Refresh (id=e739bfb8306ab2c4e8ea2180ac4e73b6): Total: 0.043 seconds - Initiated by StopAssetImportingV2(NoUpdateAssetOptions)
Start importing Assets/Art/Characters/Player/Sprites/Arms/Armed/longwatch_dmr/Aim/Run/player_salvager_longwatch_dmr_run_aim_m40.png using Guid(92c3bf73d3450454da2e083f1048d6c2) (TextureImporter) -> (Import Result ID: 'fefc8e21e442022059272f822af13718') in 0.0111606 seconds [static and dynamic dependencies]. Details - ImportResultOutputID=95162e8353e484a7f1a9611c62c1e6fd DependenciesID=96a5155b2ca3588327952b5b6ce4fe62 StaticDependenciesID=6f26075c342dc9aa0e055a1dfaa068ff 
Refreshing native plugins compatible for Editor in 2.15 ms, found 4 plugins.
Asset Pipeline Refresh (id=be92acc72b7f63c44a31211e1dd2ff30): Total: 0.037 seconds - Initiated by StopAssetImportingV2(NoUpdateAssetOptions)
Start importing Assets/Art/Characters/Player/Sprites/Arms/Armed/longwatch_dmr/Aim/Backpedal/player_salvager_longwatch_dmr_backpedal_aim_m40.png using Guid(51edf42b5cf13a748a8934081ba0d579) (TextureImporter) -> (Import Result ID: '13ce85a0b5a28df1ad76987f1adafa20') in 0.0108529 seconds [static and dynamic dependencies]. Details - ImportResultOutputID=01f09558f4dc658a108d961e931f38a8 DependenciesID=cbdd5e9b3c2ee88e33153bdd3c319322 StaticDependenciesID=84b226f3b79b7be482a346f6b54ace9f 
Refreshing native plugins compatible for Editor in 3.47 ms, found 4 plugins.
Asset Pipeline Refresh (id=94917f849c1ba944495532d6ad0e7fab): Total: 0.038 seconds - Initiated by StopAssetImportingV2(NoUpdateAssetOptions)
Start importing Assets/Art/Characters/Player/Sprites/Arms/Armed/longwatch_dmr/Aim/Backpedal/player_salvager_longwatch_dmr_backpedal_aim_m40.png using Guid(51edf42b5cf13a748a8934081ba0d579) (TextureImporter) -> (Import Result ID: '13ce85a0b5a28df1ad76987f1adafa20') in 0.0155363 seconds [static and dynamic dependencies]. Details - ImportResultOutputID=01f09558f4dc658a108d961e931f38a8 DependenciesID=cbdd5e9b3c2ee88e33153bdd3c319322 StaticDependenciesID=84b226f3b79b7be482a346f6b54ace9f 
Asset Pipeline Refresh (id=7270e8ee3dfb4724da167c1065c91234): Total: 0.043 seconds - Initiated by StopAssetImportingV2(NoUpdateAssetOptions)
Start importing Assets/Art/Characters/Player/Sprites/Arms/Armed/longwatch_dmr/Aim/Crouch/player_salvager_longwatch_dmr_crouch_aim_m40.png using Guid(b17f14cfc4229e1428b51ddae37290cd) (TextureImporter) -> (Import Result ID: '9b9e0ff4f71c93f3418938f42e53c06a') in 0.0122909 seconds [static and dynamic dependencies]. Details - ImportResultOutputID=78373ea65d78b8fbc45dd8abc1ee2115 DependenciesID=4fa27a977b3dffcccc07237fae0690b9 StaticDependenciesID=78d64ce1a4738e0152d089f3e16cb2fa 
Asset Pipeline Refresh (id=aa16bc22bb2a1864fb913cd5b8616b3e): Total: 0.042 seconds - Initiated by StopAssetImportingV2(NoUpdateAssetOptions)
Start importing Assets/Art/Characters/Player/Sprites/Arms/Armed/longwatch_dmr/Aim/Crouch/player_salvager_longwatch_dmr_crouch_aim_m40.png using Guid(b17f14cfc4229e1428b51ddae37290cd) (TextureImporter) -> (Import Result ID: '9b9e0ff4f71c93f3418938f42e53c06a') in 0.0106131 seconds [static and dynamic dependencies]. Details - ImportResultOutputID=78373ea65d78b8fbc45dd8abc1ee2115 DependenciesID=4fa27a977b3dffcccc07237fae0690b9 StaticDependenciesID=78d64ce1a4738e0152d089f3e16cb2fa 
Refreshing native plugins compatible for Editor in 2.02 ms, found 4 plugins.
Asset Pipeline Refresh (id=63ce050359639fb409785dc0b0e3cae9): Total: 0.038 seconds - Initiated by StopAssetImportingV2(NoUpdateAssetOptions)
Start importing Assets/Art/Characters/Player/Sprites/Arms/Armed/longwatch_dmr/Aim/Fall/player_salvager_longwatch_dmr_fall_aim_m40.png using Guid(8f5042757d22bb646b7e72facb24a09f) (TextureImporter) -> (Import Result ID: '39600ccbaa1807807737fd233f65bc63') in 0.0098094 seconds [static and dynamic dependencies]. Details - ImportResultOutputID=855f7feac2765723638a79e5d5725591 DependenciesID=5136f16e8defd2c25116fb26774eca29 StaticDependenciesID=ebfc17062328c8d34734ba45e893e2ba 
Refreshing native plugins compatible for Editor in 2.92 ms, found 4 plugins.
Asset Pipeline Refresh (id=b0ee8edf3028a6644ac18e8a90be3ce3): Total: 0.044 seconds - Initiated by StopAssetImportingV2(NoUpdateAssetOptions)
Start importing Assets/Art/Characters/Player/Sprites/Arms/Armed/longwatch_dmr/Aim/Fall/player_salvager_longwatch_dmr_fall_aim_m40.png using Guid(8f5042757d22bb646b7e72facb24a09f) (TextureImporter) -> (Import Result ID: '39600ccbaa1807807737fd233f65bc63') in 0.0076447 seconds [static and dynamic dependencies]. Details - ImportResultOutputID=855f7feac2765723638a79e5d5725591 DependenciesID=5136f16e8defd2c25116fb26774eca29 StaticDependenciesID=ebfc17062328c8d34734ba45e893e2ba 
Asset Pipeline Refresh (id=61d372023d60cc84b986588b96640ad1): Total: 0.034 seconds - Initiated by StopAssetImportingV2(NoUpdateAssetOptions)
Start importing Assets/Art/Characters/Player/Sprites/Arms/Armed/longwatch_dmr/Aim/Idle/player_salvager_longwatch_dmr_idle_aim_m50.png using Guid(600804ca404d8db489a306c690ae242f) (TextureImporter) -> (Import Result ID: 'f7e1d292a139d0b6f2f5bf275e876d62') in 0.0095089 seconds [static and dynamic dependencies]. Details - ImportResultOutputID=4c1ab400112fb40241b7ec8b41f8d2ac DependenciesID=c831bd57eb126b5ea4a5bb15957f0c96 StaticDependenciesID=983921ec25159dfe6f259076a638b187 
Asset Pipeline Refresh (id=1aad5b25a0b3b3840913524311b0d819): Total: 0.042 seconds - Initiated by StopAssetImportingV2(NoUpdateAssetOptions)
Start importing Assets/Art/Characters/Player/Sprites/Arms/Armed/longwatch_dmr/Aim/Idle/player_salvager_longwatch_dmr_idle_aim_m50.png using Guid(600804ca404d8db489a306c690ae242f) (TextureImporter) -> (Import Result ID: 'f7e1d292a139d0b6f2f5bf275e876d62') in 0.0074343 seconds [static and dynamic dependencies]. Details - ImportResultOutputID=4c1ab400112fb40241b7ec8b41f8d2ac DependenciesID=c831bd57eb126b5ea4a5bb15957f0c96 StaticDependenciesID=983921ec25159dfe6f259076a638b187 
Refreshing native plugins compatible for Editor in 2.37 ms, found 4 plugins.
Asset Pipeline Refresh (id=1f99ed558cc0cb748801983bab54c5e9): Total: 0.036 seconds - Initiated by StopAssetImportingV2(NoUpdateAssetOptions)
Start importing Assets/Art/Characters/Player/Sprites/Arms/Armed/longwatch_dmr/Aim/Run/player_salvager_longwatch_dmr_run_aim_m50.png using Guid(7531275451b9fcf4f92d8c51181299ea) (TextureImporter) -> (Import Result ID: '60d1d642bd7b87489d093a7a28c7b5bd') in 0.0094307 seconds [static and dynamic dependencies]. Details - ImportResultOutputID=9080fbe11549e8d6501fee6aa304cfb6 DependenciesID=eae742f5f9098758a7172766049d225d StaticDependenciesID=edf4c45f1dff5ae1158e003ca9dfc0be 
Refreshing native plugins compatible for Editor in 5.31 ms, found 4 plugins.
Asset Pipeline Refresh (id=93f9df1b3d613374792b13ece3b2ed2a): Total: 0.045 seconds - Initiated by StopAssetImportingV2(NoUpdateAssetOptions)
Start importing Assets/Art/Characters/Player/Sprites/Arms/Armed/longwatch_dmr/Aim/Run/player_salvager_longwatch_dmr_run_aim_m50.png using Guid(7531275451b9fcf4f92d8c51181299ea) (TextureImporter) -> (Import Result ID: '60d1d642bd7b87489d093a7a28c7b5bd') in 0.0113043 seconds [static and dynamic dependencies]. Details - ImportResultOutputID=9080fbe11549e8d6501fee6aa304cfb6 DependenciesID=eae742f5f9098758a7172766049d225d StaticDependenciesID=edf4c45f1dff5ae1158e003ca9dfc0be 
Asset Pipeline Refresh (id=1b9f0d352532869459c5b390bd32b56e): Total: 0.048 seconds - Initiated by StopAssetImportingV2(NoUpdateAssetOptions)
Start importing Assets/Art/Characters/Player/Sprites/Arms/Armed/longwatch_dmr/Aim/Backpedal/player_salvager_longwatch_dmr_backpedal_aim_m50.png using Guid(326de6b6dd67e4846bdd52f5dca279a2) (TextureImporter) -> (Import Result ID: '0dd7ab866dafd17ab9835ab12e93db8a') in 0.0182371 seconds [static and dynamic dependencies]. Details - ImportResultOutputID=535e7033559fde2a3b67a81a83eb094d DependenciesID=0442c593c60089b4ffd64b9486fc930b StaticDependenciesID=733ec178f471c06b61c96c1d56e98ceb 
Refreshing native plugins compatible for Editor in 7.55 ms, found 4 plugins.
Asset Pipeline Refresh (id=e6682352a8b4f674d9b95195e3ba0e20): Total: 0.078 seconds - Initiated by StopAssetImportingV2(NoUpdateAssetOptions)
Start importing Assets/Art/Characters/Player/Sprites/Arms/Armed/longwatch_dmr/Aim/Backpedal/player_salvager_longwatch_dmr_backpedal_aim_m50.png using Guid(326de6b6dd67e4846bdd52f5dca279a2) (TextureImporter) -> (Import Result ID: '0dd7ab866dafd17ab9835ab12e93db8a') in 0.0113018 seconds [static and dynamic dependencies]. Details - ImportResultOutputID=535e7033559fde2a3b67a81a83eb094d DependenciesID=0442c593c60089b4ffd64b9486fc930b StaticDependenciesID=733ec178f471c06b61c96c1d56e98ceb 
Asset Pipeline Refresh (id=b72b7080834f1af44b093f32b94bbc16): Total: 0.048 seconds - Initiated by StopAssetImportingV2(NoUpdateAssetOptions)
Start importing Assets/Art/Characters/Player/Sprites/Arms/Armed/longwatch_dmr/Aim/Crouch/player_salvager_longwatch_dmr_crouch_aim_m50.png using Guid(62ab2209a7d5e804d997760db03bd98b) (TextureImporter) -> (Import Result ID: '8ecd3913206ae50e7ede84cf10f0a362') in 0.0150122 seconds [static and dynamic dependencies]. Details - ImportResultOutputID=01ad8ed2a7f500a87361956c5decd041 DependenciesID=04cc0386293a99cf62609d8d33450670 StaticDependenciesID=25454f4a2750dc59fee26f4d4ce3c77f 
Refreshing native plugins compatible for Editor in 2.04 ms, found 4 plugins.
Asset Pipeline Refresh (id=77adb109c63b265459c79e5e89653e55): Total: 0.048 seconds - Initiated by StopAssetImportingV2(NoUpdateAssetOptions)
Start importing Assets/Art/Characters/Player/Sprites/Arms/Armed/longwatch_dmr/Aim/Crouch/player_salvager_longwatch_dmr_crouch_aim_m50.png using Guid(62ab2209a7d5e804d997760db03bd98b) (TextureImporter) -> (Import Result ID: '8ecd3913206ae50e7ede84cf10f0a362') in 0.0117023 seconds [static and dynamic dependencies]. Details - ImportResultOutputID=01ad8ed2a7f500a87361956c5decd041 DependenciesID=04cc0386293a99cf62609d8d33450670 StaticDependenciesID=25454f4a2750dc59fee26f4d4ce3c77f 
Refreshing native plugins compatible for Editor in 2.61 ms, found 4 plugins.
Asset Pipeline Refresh (id=28049ef4329e94445885fb8468b2f8db): Total: 0.043 seconds - Initiated by StopAssetImportingV2(NoUpdateAssetOptions)
Start importing Assets/Art/Characters/Player/Sprites/Arms/Armed/longwatch_dmr/Aim/Fall/player_salvager_longwatch_dmr_fall_aim_m50.png using Guid(7d875cecba395f54ca894a4d0bbcf51e) (TextureImporter) -> (Import Result ID: '4229b4359f2dee708d647d5e6730f82f') in 0.006172 seconds [static and dynamic dependencies]. Details - ImportResultOutputID=58c2605f425a4badc2c59bf4bf108abe DependenciesID=d82ecc170b13396d3903695d960786d4 StaticDependenciesID=2a936e3d770a11ef4b774c7df4ec53a5 
Asset Pipeline Refresh (id=98acaa2cca42b8640bc0fe102f902586): Total: 0.040 seconds - Initiated by StopAssetImportingV2(NoUpdateAssetOptions)
Start importing Assets/Art/Characters/Player/Sprites/Arms/Armed/longwatch_dmr/Aim/Fall/player_salvager_longwatch_dmr_fall_aim_m50.png using Guid(7d875cecba395f54ca894a4d0bbcf51e) (TextureImporter) -> (Import Result ID: '4229b4359f2dee708d647d5e6730f82f') in 0.0089462 seconds [static and dynamic dependencies]. Details - ImportResultOutputID=58c2605f425a4badc2c59bf4bf108abe DependenciesID=d82ecc170b13396d3903695d960786d4 StaticDependenciesID=2a936e3d770a11ef4b774c7df4ec53a5 
Asset Pipeline Refresh (id=eddf24f7791496f428cf5960f575b2be): Total: 0.042 seconds - Initiated by StopAssetImportingV2(NoUpdateAssetOptions)
Start importing Assets/Art/Characters/Player/Sprites/Arms/Armed/longwatch_dmr/Aim/Idle/player_salvager_longwatch_dmr_idle_aim_m60.png using Guid(8d6fc3f22fc3965419449e687451aba2) (TextureImporter) -> (Import Result ID: 'f905cf183068872958ed2a07f3ad6fb9') in 0.0090485 seconds [static and dynamic dependencies]. Details - ImportResultOutputID=bf3127628a89b9b96855c127caae8213 DependenciesID=95d333cfa0abb1d27eca9be8dffc7837 StaticDependenciesID=f88bbdd459a7c7c72e740b8b105e2ee1 
Refreshing native plugins compatible for Editor in 4.52 ms, found 4 plugins.
Asset Pipeline Refresh (id=7ddf74f2deae9ff43863779be94b9944): Total: 0.039 seconds - Initiated by StopAssetImportingV2(NoUpdateAssetOptions)
Start importing Assets/Art/Characters/Player/Sprites/Arms/Armed/longwatch_dmr/Aim/Idle/player_salvager_longwatch_dmr_idle_aim_m60.png using Guid(8d6fc3f22fc3965419449e687451aba2) (TextureImporter) -> (Import Result ID: 'f905cf183068872958ed2a07f3ad6fb9') in 0.0107671 seconds [static and dynamic dependencies]. Details - ImportResultOutputID=bf3127628a89b9b96855c127caae8213 DependenciesID=95d333cfa0abb1d27eca9be8dffc7837 StaticDependenciesID=f88bbdd459a7c7c72e740b8b105e2ee1 
Refreshing native plugins compatible for Editor in 2.43 ms, found 4 plugins.
Asset Pipeline Refresh (id=35d973113c59cd94fb85efef660f4a41): Total: 0.046 seconds - Initiated by StopAssetImportingV2(NoUpdateAssetOptions)
Start importing Assets/Art/Characters/Player/Sprites/Arms/Armed/longwatch_dmr/Aim/Run/player_salvager_longwatch_dmr_run_aim_m60.png using Guid(83bdd6746d17f84499b9576cf462f17f) (TextureImporter) -> (Import Result ID: 'a0df1482d32154a8556734a9f15bad4a') in 0.0120026 seconds [static and dynamic dependencies]. Details - ImportResultOutputID=c4a8254ba24fc33dc68827adbda0f8a2 DependenciesID=c852242a1b27fe2fdb051813aa21aada StaticDependenciesID=75b0f423024e5046405a18bb9f0b1999 
Refreshing native plugins compatible for Editor in 6.83 ms, found 4 plugins.
Asset Pipeline Refresh (id=7a063fa4440e87348ae1e6c19f5a8850): Total: 0.046 seconds - Initiated by StopAssetImportingV2(NoUpdateAssetOptions)
Start importing Assets/Art/Characters/Player/Sprites/Arms/Armed/longwatch_dmr/Aim/Run/player_salvager_longwatch_dmr_run_aim_m60.png using Guid(83bdd6746d17f84499b9576cf462f17f) (TextureImporter) -> (Import Result ID: 'a0df1482d32154a8556734a9f15bad4a') in 0.0115903 seconds [static and dynamic dependencies]. Details - ImportResultOutputID=c4a8254ba24fc33dc68827adbda0f8a2 DependenciesID=c852242a1b27fe2fdb051813aa21aada StaticDependenciesID=75b0f423024e5046405a18bb9f0b1999 
Asset Pipeline Refresh (id=0297e421fa5fb1d4daf17762f1fe7f2f): Total: 0.042 seconds - Initiated by StopAssetImportingV2(NoUpdateAssetOptions)
Start importing Assets/Art/Characters/Player/Sprites/Arms/Armed/longwatch_dmr/Aim/Backpedal/player_salvager_longwatch_dmr_backpedal_aim_m60.png using Guid(925fc6bb6b6fdd044aa96a5b3d339ee8) (TextureImporter) -> (Import Result ID: '571c565ce670485591ce01eca8992e4c') in 0.0104829 seconds [static and dynamic dependencies]. Details - ImportResultOutputID=c77b8bcafd4e69a7b525dec4bd515193 DependenciesID=8c378d3c56a0e2d15e736bc801ba397a StaticDependenciesID=a9f6aa87c348a2648cbf8e08418d4b2c 
Refreshing native plugins compatible for Editor in 3.65 ms, found 4 plugins.
Asset Pipeline Refresh (id=98a2953c5075b5f4bb3da0cd892d7649): Total: 0.044 seconds - Initiated by StopAssetImportingV2(NoUpdateAssetOptions)
Start importing Assets/Art/Characters/Player/Sprites/Arms/Armed/longwatch_dmr/Aim/Backpedal/player_salvager_longwatch_dmr_backpedal_aim_m60.png using Guid(925fc6bb6b6fdd044aa96a5b3d339ee8) (TextureImporter) -> (Import Result ID: '571c565ce670485591ce01eca8992e4c') in 0.0115777 seconds [static and dynamic dependencies]. Details - ImportResultOutputID=c77b8bcafd4e69a7b525dec4bd515193 DependenciesID=8c378d3c56a0e2d15e736bc801ba397a StaticDependenciesID=a9f6aa87c348a2648cbf8e08418d4b2c 
Refreshing native plugins compatible for Editor in 2.46 ms, found 4 plugins.
Asset Pipeline Refresh (id=092ea6e7e5e4205439e63f79034d4ed2): Total: 0.037 seconds - Initiated by StopAssetImportingV2(NoUpdateAssetOptions)
Start importing Assets/Art/Characters/Player/Sprites/Arms/Armed/longwatch_dmr/Aim/Crouch/player_salvager_longwatch_dmr_crouch_aim_m60.png using Guid(37ea925a8abebe64697a49958b92bdd1) (TextureImporter) -> (Import Result ID: 'ecc955dc1b4840ee4ef62c1dea056d22') in 0.0107236 seconds [static and dynamic dependencies]. Details - ImportResultOutputID=5ea8bbe33578d9f97645aac9d25c96d0 DependenciesID=6651387b1e06dedcc9dade8bf632fe98 StaticDependenciesID=1354815b71287cf9de4eb6f16557070b 
Asset Pipeline Refresh (id=d36bd8279565ae94a9fa21662c54aa8d): Total: 0.047 seconds - Initiated by StopAssetImportingV2(NoUpdateAssetOptions)
Start importing Assets/Art/Characters/Player/Sprites/Arms/Armed/longwatch_dmr/Aim/Crouch/player_salvager_longwatch_dmr_crouch_aim_m60.png using Guid(37ea925a8abebe64697a49958b92bdd1) (TextureImporter) -> (Import Result ID: 'ecc955dc1b4840ee4ef62c1dea056d22') in 0.0095946 seconds [static and dynamic dependencies]. Details - ImportResultOutputID=5ea8bbe33578d9f97645aac9d25c96d0 DependenciesID=6651387b1e06dedcc9dade8bf632fe98 StaticDependenciesID=1354815b71287cf9de4eb6f16557070b 
Refreshing native plugins compatible for Editor in 4.88 ms, found 4 plugins.
Asset Pipeline Refresh (id=7f16bbc0f6fd7f44cad3fb2828e87362): Total: 0.045 seconds - Initiated by StopAssetImportingV2(NoUpdateAssetOptions)
Start importing Assets/Art/Characters/Player/Sprites/Arms/Armed/longwatch_dmr/Aim/Fall/player_salvager_longwatch_dmr_fall_aim_m60.png using Guid(fa1f7a8539daa854a96b76646b8566fd) (TextureImporter) -> (Import Result ID: 'ac4912d0b8abbb30607a7561c3c41c91') in 0.0079662 seconds [static and dynamic dependencies]. Details - ImportResultOutputID=0104dc4f306042ac187424b1030a4a47 DependenciesID=9cccfdf42477b946c44c7380672a6bd1 StaticDependenciesID=aa15b9e0c8ba90e08bf80ed34992ff13 
Refreshing native plugins compatible for Editor in 3.72 ms, found 4 plugins.
Asset Pipeline Refresh (id=a7d9367e5d9497f42a9c3598af39ea22): Total: 0.038 seconds - Initiated by StopAssetImportingV2(NoUpdateAssetOptions)
Start importing Assets/Art/Characters/Player/Sprites/Arms/Armed/longwatch_dmr/Aim/Fall/player_salvager_longwatch_dmr_fall_aim_m60.png using Guid(fa1f7a8539daa854a96b76646b8566fd) (TextureImporter) -> (Import Result ID: 'ac4912d0b8abbb30607a7561c3c41c91') in 0.0148198 seconds [static and dynamic dependencies]. Details - ImportResultOutputID=0104dc4f306042ac187424b1030a4a47 DependenciesID=9cccfdf42477b946c44c7380672a6bd1 StaticDependenciesID=aa15b9e0c8ba90e08bf80ed34992ff13 
Refreshing native plugins compatible for Editor in 2.68 ms, found 4 plugins.
Asset Pipeline Refresh (id=aa56509b8e90c4b46a79bbecd69c7098): Total: 0.050 seconds - Initiated by StopAssetImportingV2(NoUpdateAssetOptions)
Start importing Assets/Art/Characters/Player/Sprites/Arms/Armed/longwatch_dmr/Aim/Idle/player_salvager_longwatch_dmr_idle_aim_m70.png using Guid(2783b35d6c910d745ab3ce1851d2e616) (TextureImporter) -> (Import Result ID: '7035df4ac2168299325e83a7c035fe82') in 0.0155339 seconds [static and dynamic dependencies]. Details - ImportResultOutputID=46451629110b27041ada758d0899632c DependenciesID=b991c95e77484ae20b43a8b36f300a7f StaticDependenciesID=abcfd75699c7d2b9061fe547e3265491 
Asset Pipeline Refresh (id=40aff0d19e0843c4a87ec447381ea15f): Total: 0.052 seconds - Initiated by StopAssetImportingV2(NoUpdateAssetOptions)
Start importing Assets/Art/Characters/Player/Sprites/Arms/Armed/longwatch_dmr/Aim/Idle/player_salvager_longwatch_dmr_idle_aim_m70.png using Guid(2783b35d6c910d745ab3ce1851d2e616) (TextureImporter) -> (Import Result ID: '7035df4ac2168299325e83a7c035fe82') in 0.0091454 seconds [static and dynamic dependencies]. Details - ImportResultOutputID=46451629110b27041ada758d0899632c DependenciesID=b991c95e77484ae20b43a8b36f300a7f StaticDependenciesID=abcfd75699c7d2b9061fe547e3265491 
Asset Pipeline Refresh (id=836de8815494fac48b4a9136e3132d16): Total: 0.033 seconds - Initiated by StopAssetImportingV2(NoUpdateAssetOptions)
Start importing Assets/Art/Characters/Player/Sprites/Arms/Armed/longwatch_dmr/Aim/Run/player_salvager_longwatch_dmr_run_aim_m70.png using Guid(d5f2dc64ddff1324ab23208b4e9d945a) (TextureImporter) -> (Import Result ID: 'd155a6932a8fa77dd682232d1d87e34b') in 0.0126072 seconds [static and dynamic dependencies]. Details - ImportResultOutputID=8daca49216e3e9ded977a6ce5e7c3185 DependenciesID=14295c956353497786058d6d584ef467 StaticDependenciesID=f0ae005ebff265c83f9a5e2604fc6a34 
Refreshing native plugins compatible for Editor in 2.07 ms, found 4 plugins.
Asset Pipeline Refresh (id=e77478b542519f940bea67ab97b40411): Total: 0.042 seconds - Initiated by StopAssetImportingV2(NoUpdateAssetOptions)
Start importing Assets/Art/Characters/Player/Sprites/Arms/Armed/longwatch_dmr/Aim/Run/player_salvager_longwatch_dmr_run_aim_m70.png using Guid(d5f2dc64ddff1324ab23208b4e9d945a) (TextureImporter) -> (Import Result ID: 'd155a6932a8fa77dd682232d1d87e34b') in 0.0191082 seconds [static and dynamic dependencies]. Details - ImportResultOutputID=8daca49216e3e9ded977a6ce5e7c3185 DependenciesID=14295c956353497786058d6d584ef467 StaticDependenciesID=f0ae005ebff265c83f9a5e2604fc6a34 
Asset Pipeline Refresh (id=47d4b356fb160a34dbcd69df853108e1): Total: 0.045 seconds - Initiated by StopAssetImportingV2(NoUpdateAssetOptions)
Start importing Assets/Art/Characters/Player/Sprites/Arms/Armed/longwatch_dmr/Aim/Backpedal/player_salvager_longwatch_dmr_backpedal_aim_m70.png using Guid(ad510c3e0f1e1134ab63e21ceea13c62) (TextureImporter) -> (Import Result ID: '82338a2da98a6c66c1ce3dd04a8f5081') in 0.013803 seconds [static and dynamic dependencies]. Details - ImportResultOutputID=ac997a7716d21f771c94ef2828e1681e DependenciesID=8b25ac337d4ad2a21ea55c6db2046d96 StaticDependenciesID=a0e24d432bdf25c74eb98f80a8b71a46 
Asset Pipeline Refresh (id=3837c1286cc32f047a5db530edfb1cc1): Total: 0.039 seconds - Initiated by StopAssetImportingV2(NoUpdateAssetOptions)
Start importing Assets/Art/Characters/Player/Sprites/Arms/Armed/longwatch_dmr/Aim/Backpedal/player_salvager_longwatch_dmr_backpedal_aim_m70.png using Guid(ad510c3e0f1e1134ab63e21ceea13c62) (TextureImporter) -> (Import Result ID: '82338a2da98a6c66c1ce3dd04a8f5081') in 0.0091074 seconds [static and dynamic dependencies]. Details - ImportResultOutputID=ac997a7716d21f771c94ef2828e1681e DependenciesID=8b25ac337d4ad2a21ea55c6db2046d96 StaticDependenciesID=a0e24d432bdf25c74eb98f80a8b71a46 
Refreshing native plugins compatible for Editor in 5.23 ms, found 4 plugins.
Asset Pipeline Refresh (id=99f0a6a710a2e044c8ea885edcb70b3b): Total: 0.037 seconds - Initiated by StopAssetImportingV2(NoUpdateAssetOptions)
Start importing Assets/Art/Characters/Player/Sprites/Arms/Armed/longwatch_dmr/Aim/Crouch/player_salvager_longwatch_dmr_crouch_aim_m70.png using Guid(d417ebc9a90e8e44ea88c40de8c7d3b2) (TextureImporter) -> (Import Result ID: '09e474b436ddf717de9e329baa934382') in 0.0136932 seconds [static and dynamic dependencies]. Details - ImportResultOutputID=8fd0d258240121d15134e392f4d82052 DependenciesID=0e802e89c4459a2d7247614fd27f6e34 StaticDependenciesID=14f7536340d543a3c6925b8655b019da 
Refreshing native plugins compatible for Editor in 2.55 ms, found 4 plugins.
Asset Pipeline Refresh (id=f63d253fa9f616d43aa3459bad946038): Total: 0.045 seconds - Initiated by StopAssetImportingV2(NoUpdateAssetOptions)
Start importing Assets/Art/Characters/Player/Sprites/Arms/Armed/longwatch_dmr/Aim/Crouch/player_salvager_longwatch_dmr_crouch_aim_m70.png using Guid(d417ebc9a90e8e44ea88c40de8c7d3b2) (TextureImporter) -> (Import Result ID: '09e474b436ddf717de9e329baa934382') in 0.0117724 seconds [static and dynamic dependencies]. Details - ImportResultOutputID=8fd0d258240121d15134e392f4d82052 DependenciesID=0e802e89c4459a2d7247614fd27f6e34 StaticDependenciesID=14f7536340d543a3c6925b8655b019da 
Asset Pipeline Refresh (id=46a6346d1f7ee2f4a87f7df3b96b493e): Total: 0.043 seconds - Initiated by StopAssetImportingV2(NoUpdateAssetOptions)
Start importing Assets/Art/Characters/Player/Sprites/Arms/Armed/longwatch_dmr/Aim/Fall/player_salvager_longwatch_dmr_fall_aim_m70.png using Guid(42f5cb1fc475d444099b60e7b22d00a4) (TextureImporter) -> (Import Result ID: 'ea624cc21eaf45f5c05ceef88d369c51') in 0.0071064 seconds [static and dynamic dependencies]. Details - ImportResultOutputID=0d6acecc427758c64cc2c3f747a265c8 DependenciesID=a35b3595a0a69c2f4df0b14d3649286f StaticDependenciesID=803f4ab9767a6f265312ab2c53831f9c 
Refreshing native plugins compatible for Editor in 3.02 ms, found 4 plugins.
Asset Pipeline Refresh (id=580ec5e5d018db94eb2544e04b9125bc): Total: 0.037 seconds - Initiated by StopAssetImportingV2(NoUpdateAssetOptions)
Start importing Assets/Art/Characters/Player/Sprites/Arms/Armed/longwatch_dmr/Aim/Fall/player_salvager_longwatch_dmr_fall_aim_m70.png using Guid(42f5cb1fc475d444099b60e7b22d00a4) (TextureImporter) -> (Import Result ID: 'ea624cc21eaf45f5c05ceef88d369c51') in 0.0074153 seconds [static and dynamic dependencies]. Details - ImportResultOutputID=0d6acecc427758c64cc2c3f747a265c8 DependenciesID=a35b3595a0a69c2f4df0b14d3649286f StaticDependenciesID=803f4ab9767a6f265312ab2c53831f9c 
Asset Pipeline Refresh (id=f2bff932596cd9340bda97926daff665): Total: 0.036 seconds - Initiated by StopAssetImportingV2(NoUpdateAssetOptions)
Start importing Assets/Art/Characters/Player/Sprites/Arms/Armed/longwatch_dmr/Aim/Idle/player_salvager_longwatch_dmr_idle_aim_m80.png using Guid(42f819e5ede895340ae122e8f4e44fbe) (TextureImporter) -> (Import Result ID: '55a4facf9c693dd7533566050de714ed') in 0.0142192 seconds [static and dynamic dependencies]. Details - ImportResultOutputID=fe459c5b37660c8fee048f67bfd0b3a7 DependenciesID=475c1fae261e598326dc736e8ab6df07 StaticDependenciesID=cff380b4e544905549223c3a304d922a 
Asset Pipeline Refresh (id=e6b541197c38e0c43bd7e463be13cc15): Total: 0.050 seconds - Initiated by StopAssetImportingV2(NoUpdateAssetOptions)
Start importing Assets/Art/Characters/Player/Sprites/Arms/Armed/longwatch_dmr/Aim/Idle/player_salvager_longwatch_dmr_idle_aim_m80.png using Guid(42f819e5ede895340ae122e8f4e44fbe) (TextureImporter) -> (Import Result ID: '55a4facf9c693dd7533566050de714ed') in 0.0086373 seconds [static and dynamic dependencies]. Details - ImportResultOutputID=fe459c5b37660c8fee048f67bfd0b3a7 DependenciesID=475c1fae261e598326dc736e8ab6df07 StaticDependenciesID=cff380b4e544905549223c3a304d922a 
Asset Pipeline Refresh (id=9dae2c8db3bc05e49af6b958afa799ed): Total: 0.037 seconds - Initiated by StopAssetImportingV2(NoUpdateAssetOptions)
Start importing Assets/Art/Characters/Player/Sprites/Arms/Armed/longwatch_dmr/Aim/Run/player_salvager_longwatch_dmr_run_aim_m80.png using Guid(32a8d57cafccbc54bb573440f275064c) (TextureImporter) -> (Import Result ID: '35a3c5142070821fd1ea298a52cbee03') in 0.0184943 seconds [static and dynamic dependencies]. Details - ImportResultOutputID=7ec88f44e0eadd771fc8f46c14e58d65 DependenciesID=3de389a4c6742ae350624ba8a621ad08 StaticDependenciesID=9a5f8a09b8715909093aa8cbc42d554b 
Asset Pipeline Refresh (id=2ba189a743b197646b5a466d5ef60ba7): Total: 0.047 seconds - Initiated by StopAssetImportingV2(NoUpdateAssetOptions)
Start importing Assets/Art/Characters/Player/Sprites/Arms/Armed/longwatch_dmr/Aim/Run/player_salvager_longwatch_dmr_run_aim_m80.png using Guid(32a8d57cafccbc54bb573440f275064c) (TextureImporter) -> (Import Result ID: '35a3c5142070821fd1ea298a52cbee03') in 0.0159642 seconds [static and dynamic dependencies]. Details - ImportResultOutputID=7ec88f44e0eadd771fc8f46c14e58d65 DependenciesID=3de389a4c6742ae350624ba8a621ad08 StaticDependenciesID=9a5f8a09b8715909093aa8cbc42d554b 
Refreshing native plugins compatible for Editor in 2.90 ms, found 4 plugins.
Asset Pipeline Refresh (id=23448fb6a95d8564e846041e54a2e600): Total: 0.053 seconds - Initiated by StopAssetImportingV2(NoUpdateAssetOptions)
Start importing Assets/Art/Characters/Player/Sprites/Arms/Armed/longwatch_dmr/Aim/Backpedal/player_salvager_longwatch_dmr_backpedal_aim_m80.png using Guid(dae5d76e152b5b84da841f9107273356) (TextureImporter) -> (Import Result ID: '4f5ff346e36bb0e5690220111ed0f6fd') in 0.0140119 seconds [static and dynamic dependencies]. Details - ImportResultOutputID=674fbf8a9bfcc05dba7302ae2b0d72db DependenciesID=f73156b58f721c14cd6b5c543439e4c7 StaticDependenciesID=921aab679d69da54e5d20fa67fafa6a8 
Refreshing native plugins compatible for Editor in 3.45 ms, found 4 plugins.
Asset Pipeline Refresh (id=a86d7c684ca352342b2535d7e33706c3): Total: 0.050 seconds - Initiated by StopAssetImportingV2(NoUpdateAssetOptions)
Start importing Assets/Art/Characters/Player/Sprites/Arms/Armed/longwatch_dmr/Aim/Backpedal/player_salvager_longwatch_dmr_backpedal_aim_m80.png using Guid(dae5d76e152b5b84da841f9107273356) (TextureImporter) -> (Import Result ID: '4f5ff346e36bb0e5690220111ed0f6fd') in 0.0117249 seconds [static and dynamic dependencies]. Details - ImportResultOutputID=674fbf8a9bfcc05dba7302ae2b0d72db DependenciesID=f73156b58f721c14cd6b5c543439e4c7 StaticDependenciesID=921aab679d69da54e5d20fa67fafa6a8 
Refreshing native plugins compatible for Editor in 5.43 ms, found 4 plugins.
Asset Pipeline Refresh (id=b3d68d1e5b07f4c43b6925cb044d1863): Total: 0.057 seconds - Initiated by StopAssetImportingV2(NoUpdateAssetOptions)
Start importing Assets/Art/Characters/Player/Sprites/Arms/Armed/longwatch_dmr/Aim/Crouch/player_salvager_longwatch_dmr_crouch_aim_m80.png using Guid(6fc2125282540b343a3c6d3764cb68cf) (TextureImporter) -> (Import Result ID: '4b73e497ef4ceaf290534ceb9a390324') in 0.0121603 seconds [static and dynamic dependencies]. Details - ImportResultOutputID=01a7e88500138c66cda8383a32bda064 DependenciesID=ffc70c2104811831cfc4698e1ec55cb0 StaticDependenciesID=1f43b8bb420af2b0347edceca46d4c6b 
Asset Pipeline Refresh (id=91cdee06f6c49e248a6e2144ad98665d): Total: 0.043 seconds - Initiated by StopAssetImportingV2(NoUpdateAssetOptions)
Start importing Assets/Art/Characters/Player/Sprites/Arms/Armed/longwatch_dmr/Aim/Crouch/player_salvager_longwatch_dmr_crouch_aim_m80.png using Guid(6fc2125282540b343a3c6d3764cb68cf) (TextureImporter) -> (Import Result ID: '4b73e497ef4ceaf290534ceb9a390324') in 0.0141193 seconds [static and dynamic dependencies]. Details - ImportResultOutputID=01a7e88500138c66cda8383a32bda064 DependenciesID=ffc70c2104811831cfc4698e1ec55cb0 StaticDependenciesID=1f43b8bb420af2b0347edceca46d4c6b 
Refreshing native plugins compatible for Editor in 3.01 ms, found 4 plugins.
Asset Pipeline Refresh (id=bcab6eb914e4d0d45aba4550a3e6c45c): Total: 0.050 seconds - Initiated by StopAssetImportingV2(NoUpdateAssetOptions)
Start importing Assets/Art/Characters/Player/Sprites/Arms/Armed/longwatch_dmr/Aim/Fall/player_salvager_longwatch_dmr_fall_aim_m80.png using Guid(2e5a3ea8c1eb70b498beb297fea37b89) (TextureImporter) -> (Import Result ID: 'fe81f145351897c2b74072f6b0248a8b') in 0.0101318 seconds [static and dynamic dependencies]. Details - ImportResultOutputID=c51d3485dc64f8e55a9c4bc72fcff497 DependenciesID=561e8732a36df12e4e52df9ecbe91183 StaticDependenciesID=8ea931e29c2d90d4893cfd0a06f555b1 
Refreshing native plugins compatible for Editor in 2.68 ms, found 4 plugins.
Asset Pipeline Refresh (id=142d7393d0d02954c952af68ddc08b17): Total: 0.040 seconds - Initiated by StopAssetImportingV2(NoUpdateAssetOptions)
Start importing Assets/Art/Characters/Player/Sprites/Arms/Armed/longwatch_dmr/Aim/Fall/player_salvager_longwatch_dmr_fall_aim_m80.png using Guid(2e5a3ea8c1eb70b498beb297fea37b89) (TextureImporter) -> (Import Result ID: 'fe81f145351897c2b74072f6b0248a8b') in 0.0061101 seconds [static and dynamic dependencies]. Details - ImportResultOutputID=c51d3485dc64f8e55a9c4bc72fcff497 DependenciesID=561e8732a36df12e4e52df9ecbe91183 StaticDependenciesID=8ea931e29c2d90d4893cfd0a06f555b1 
Asset Pipeline Refresh (id=b2f8595b1c4f0c045a65331d3ae85817): Total: 0.036 seconds - Initiated by StopAssetImportingV2(NoUpdateAssetOptions)
Start importing Assets/Art/Characters/Player/Sprites/Arms/Armed/longwatch_dmr/Aim/Idle/player_salvager_longwatch_dmr_idle_aim_m90.png using Guid(d9e889c5eada8aa4f9573dab4a20e171) (TextureImporter) -> (Import Result ID: '451656f4a03e9adf8329512b0d155160') in 0.0074689 seconds [static and dynamic dependencies]. Details - ImportResultOutputID=af4c9fee6f8a5be972f606c3eb17c334 DependenciesID=adfcb4901e8d8683048459ac0e597599 StaticDependenciesID=9c5fe8612f13ae00032265a650da3814 
Refreshing native plugins compatible for Editor in 5.37 ms, found 4 plugins.
Asset Pipeline Refresh (id=4e530f6a2093b144d93164b33f576734): Total: 0.050 seconds - Initiated by StopAssetImportingV2(NoUpdateAssetOptions)
Start importing Assets/Art/Characters/Player/Sprites/Arms/Armed/longwatch_dmr/Aim/Idle/player_salvager_longwatch_dmr_idle_aim_m90.png using Guid(d9e889c5eada8aa4f9573dab4a20e171) (TextureImporter) -> (Import Result ID: '451656f4a03e9adf8329512b0d155160') in 0.0074522 seconds [static and dynamic dependencies]. Details - ImportResultOutputID=af4c9fee6f8a5be972f606c3eb17c334 DependenciesID=adfcb4901e8d8683048459ac0e597599 StaticDependenciesID=9c5fe8612f13ae00032265a650da3814 
Asset Pipeline Refresh (id=a62561ea4b5914b48b672dd32b321969): Total: 0.035 seconds - Initiated by StopAssetImportingV2(NoUpdateAssetOptions)
Start importing Assets/Art/Characters/Player/Sprites/Arms/Armed/longwatch_dmr/Aim/Run/player_salvager_longwatch_dmr_run_aim_m90.png using Guid(a8e46840570d04e44b58468924a97dad) (TextureImporter) -> (Import Result ID: '901b88706a013b2c5ebf9cddefbd2fa6') in 0.0099255 seconds [static and dynamic dependencies]. Details - ImportResultOutputID=c4b9c5d76eec18a0fe831cdea3edbfb3 DependenciesID=70a8813f66d7c1b7acaaa256e38dd60d StaticDependenciesID=f88a5b00b59b4c73beed542ab1beb01a 
Asset Pipeline Refresh (id=f9bf84e778540f14e8bc4986afe585a6): Total: 0.041 seconds - Initiated by StopAssetImportingV2(NoUpdateAssetOptions)
Start importing Assets/Art/Characters/Player/Sprites/Arms/Armed/longwatch_dmr/Aim/Run/player_salvager_longwatch_dmr_run_aim_m90.png using Guid(a8e46840570d04e44b58468924a97dad) (TextureImporter) -> (Import Result ID: '901b88706a013b2c5ebf9cddefbd2fa6') in 0.012769 seconds [static and dynamic dependencies]. Details - ImportResultOutputID=c4b9c5d76eec18a0fe831cdea3edbfb3 DependenciesID=70a8813f66d7c1b7acaaa256e38dd60d StaticDependenciesID=f88a5b00b59b4c73beed542ab1beb01a 
Asset Pipeline Refresh (id=a4204429019ca8642b548c359317bca0): Total: 0.039 seconds - Initiated by StopAssetImportingV2(NoUpdateAssetOptions)
Start importing Assets/Art/Characters/Player/Sprites/Arms/Armed/longwatch_dmr/Aim/Backpedal/player_salvager_longwatch_dmr_backpedal_aim_m90.png using Guid(2cd03c2833e8b874c8a2be2a703c62d1) (TextureImporter) -> (Import Result ID: 'a49d703e51cce895153fc4c1bdf64b4a') in 0.0107784 seconds [static and dynamic dependencies]. Details - ImportResultOutputID=5f9eaed518be8f40b9cf01a7b3d50dfb DependenciesID=e8a7cf77612200656172f45b25e3fa03 StaticDependenciesID=c89a844d964852f12131d50e1cfb8bab 
Asset Pipeline Refresh (id=78433d1c028451a47a2682b728cfdbb1): Total: 0.042 seconds - Initiated by StopAssetImportingV2(NoUpdateAssetOptions)
Start importing Assets/Art/Characters/Player/Sprites/Arms/Armed/longwatch_dmr/Aim/Backpedal/player_salvager_longwatch_dmr_backpedal_aim_m90.png using Guid(2cd03c2833e8b874c8a2be2a703c62d1) (TextureImporter) -> (Import Result ID: 'a49d703e51cce895153fc4c1bdf64b4a') in 0.010952 seconds [static and dynamic dependencies]. Details - ImportResultOutputID=5f9eaed518be8f40b9cf01a7b3d50dfb DependenciesID=e8a7cf77612200656172f45b25e3fa03 StaticDependenciesID=c89a844d964852f12131d50e1cfb8bab 
Refreshing native plugins compatible for Editor in 3.39 ms, found 4 plugins.
Asset Pipeline Refresh (id=3ebe077d3d195824c9845b3e50d7617a): Total: 0.041 seconds - Initiated by StopAssetImportingV2(NoUpdateAssetOptions)
Start importing Assets/Art/Characters/Player/Sprites/Arms/Armed/longwatch_dmr/Aim/Crouch/player_salvager_longwatch_dmr_crouch_aim_m90.png using Guid(63bcbaffd589c4d4e91058332eb0c5bc) (TextureImporter) -> (Import Result ID: 'df7eb0f8cbb4723c41eed397be984a46') in 0.0222871 seconds [static and dynamic dependencies]. Details - ImportResultOutputID=71ab212d4ede2d9e2cc2136b96a760af DependenciesID=97a5b9a94601f7d4150c7a6806b2c7ef StaticDependenciesID=1e8dca1fbfaf875cef50c9f85ca0d218 
Refreshing native plugins compatible for Editor in 3.94 ms, found 4 plugins.
Asset Pipeline Refresh (id=49062714808ed944c895acb1ccce991e): Total: 0.066 seconds - Initiated by StopAssetImportingV2(NoUpdateAssetOptions)
Start importing Assets/Art/Characters/Player/Sprites/Arms/Armed/longwatch_dmr/Aim/Crouch/player_salvager_longwatch_dmr_crouch_aim_m90.png using Guid(63bcbaffd589c4d4e91058332eb0c5bc) (TextureImporter) -> (Import Result ID: 'df7eb0f8cbb4723c41eed397be984a46') in 0.0139986 seconds [static and dynamic dependencies]. Details - ImportResultOutputID=71ab212d4ede2d9e2cc2136b96a760af DependenciesID=97a5b9a94601f7d4150c7a6806b2c7ef StaticDependenciesID=1e8dca1fbfaf875cef50c9f85ca0d218 
Asset Pipeline Refresh (id=7c9fbfced19ea1c499b19fb74a1672a3): Total: 0.042 seconds - Initiated by StopAssetImportingV2(NoUpdateAssetOptions)
Start importing Assets/Art/Characters/Player/Sprites/Arms/Armed/longwatch_dmr/Aim/Fall/player_salvager_longwatch_dmr_fall_aim_m90.png using Guid(392f90962295d1542917af8f492f0c81) (TextureImporter) -> (Import Result ID: '2fa3114afa139273c3d75216c0a3cc54') in 0.007691 seconds [static and dynamic dependencies]. Details - ImportResultOutputID=2ceda01ddf3802f809e8f918e3350156 DependenciesID=ab58364f1377673c90d190c179a889df StaticDependenciesID=8a7c283036baa592edf9083b1d178008 
Asset Pipeline Refresh (id=1698d71c627f05449811138e9785a4ac): Total: 0.034 seconds - Initiated by StopAssetImportingV2(NoUpdateAssetOptions)
Start importing Assets/Art/Characters/Player/Sprites/Arms/Armed/longwatch_dmr/Aim/Fall/player_salvager_longwatch_dmr_fall_aim_m90.png using Guid(392f90962295d1542917af8f492f0c81) (TextureImporter) -> (Import Result ID: '2fa3114afa139273c3d75216c0a3cc54') in 0.0141376 seconds [static and dynamic dependencies]. Details - ImportResultOutputID=2ceda01ddf3802f809e8f918e3350156 DependenciesID=ab58364f1377673c90d190c179a889df StaticDependenciesID=8a7c283036baa592edf9083b1d178008 
Asset Pipeline Refresh (id=d25e605fab690aa468a1c5851a619248): Total: 0.046 seconds - Initiated by StopAssetImportingV2(NoUpdateAssetOptions)
Start importing Assets/Art/Effects/Weapons/longwatch_dmr/longwatch_dmr_muzzle_flash.png using Guid(be66dedbeb992624dafd8f99e98855a8) (TextureImporter) -> (Import Result ID: '85cbc1306f70aa4795e817518bebaa21') in 0.0113117 seconds [static and dynamic dependencies]. Details - ImportResultOutputID=6885ef2a78b6e2704d1140f7e49ce54f DependenciesID=18611d1d4d7b9d9ab7a249122ebcb9e0 StaticDependenciesID=7d335d97ab224fe68f970a0565039162 
Refreshing native plugins compatible for Editor in 2.48 ms, found 4 plugins.
Asset Pipeline Refresh (id=dca0bef65924aff4fb808e19dbdb87da): Total: 0.048 seconds - Initiated by StopAssetImportingV2(NoUpdateAssetOptions)
Start importing Assets/Art/Effects/Weapons/longwatch_dmr/longwatch_dmr_muzzle_flash.png using Guid(be66dedbeb992624dafd8f99e98855a8) (TextureImporter) -> (Import Result ID: '85cbc1306f70aa4795e817518bebaa21') in 0.010276 seconds [static and dynamic dependencies]. Details - ImportResultOutputID=6885ef2a78b6e2704d1140f7e49ce54f DependenciesID=18611d1d4d7b9d9ab7a249122ebcb9e0 StaticDependenciesID=7d335d97ab224fe68f970a0565039162 
Asset Pipeline Refresh (id=b9fb450dd68d6c649b69597aa6f53e6b): Total: 0.039 seconds - Initiated by StopAssetImportingV2(NoUpdateAssetOptions)
Start importing Assets/Art/Effects/Weapons/longwatch_dmr/longwatch_dmr_muzzle_flash.png using Guid(be66dedbeb992624dafd8f99e98855a8) (TextureImporter) -> (Import Result ID: '85cbc1306f70aa4795e817518bebaa21') in 0.014315 seconds [static and dynamic dependencies]. Details - ImportResultOutputID=6885ef2a78b6e2704d1140f7e49ce54f DependenciesID=18611d1d4d7b9d9ab7a249122ebcb9e0 StaticDependenciesID=7d335d97ab224fe68f970a0565039162 
Refreshing native plugins compatible for Editor in 7.67 ms, found 4 plugins.
Asset Pipeline Refresh (id=b4c72ea664b135c469f00447f65aee2b): Total: 0.053 seconds - Initiated by StopAssetImportingV2(NoUpdateAssetOptions)
Start importing Assets/Art/Effects/Movement/player_jump_dust.png using Guid(6508d88f12f1a0c4f918743438b7a807) (TextureImporter) -> (Import Result ID: '69b39e1b184e61889470e84f3504ae29') in 0.0111093 seconds [static and dynamic dependencies]. Details - ImportResultOutputID=69d631bd8c73c062fba4431698d491fa DependenciesID=191f3f0c2e204e2d0c4b97f724976cbe StaticDependenciesID=fb99db53143601730924e3138d3a76cd 
Asset Pipeline Refresh (id=ccc599a0ded80d944b04daa8e985f0fe): Total: 0.041 seconds - Initiated by StopAssetImportingV2(NoUpdateAssetOptions)
Start importing Assets/Art/Effects/Movement/player_jump_dust.png using Guid(6508d88f12f1a0c4f918743438b7a807) (TextureImporter) -> (Import Result ID: '69b39e1b184e61889470e84f3504ae29') in 0.0107355 seconds [static and dynamic dependencies]. Details - ImportResultOutputID=69d631bd8c73c062fba4431698d491fa DependenciesID=191f3f0c2e204e2d0c4b97f724976cbe StaticDependenciesID=fb99db53143601730924e3138d3a76cd 
Refreshing native plugins compatible for Editor in 2.69 ms, found 4 plugins.
Asset Pipeline Refresh (id=e507640b2c0ae69498d15cfea4d9c230): Total: 0.036 seconds - Initiated by StopAssetImportingV2(NoUpdateAssetOptions)
Start importing Assets/Art/Environment/Tiles/industrial_surface.png using Guid(123e5d128849d9e45bd7be6f083c4b09) (TextureImporter) -> (Import Result ID: '8df82aeeda716d18965a9a58ad1ddb08') in 0.0173192 seconds [static and dynamic dependencies]. Details - ImportResultOutputID=b5377de1d1f9771f2a44591659de453a DependenciesID=56ca79df0bd2ab97591c387469280059 StaticDependenciesID=e0351a008d5df25c6995df70955cdfeb 
Refreshing native plugins compatible for Editor in 4.15 ms, found 4 plugins.
Asset Pipeline Refresh (id=78f25e14d6feede40a1c1a8d41bd4060): Total: 0.051 seconds - Initiated by StopAssetImportingV2(NoUpdateAssetOptions)
Start importing Assets/Art/Environment/Tiles/industrial_surface.png using Guid(123e5d128849d9e45bd7be6f083c4b09) (TextureImporter) -> (Import Result ID: '8df82aeeda716d18965a9a58ad1ddb08') in 0.0215328 seconds [static and dynamic dependencies]. Details - ImportResultOutputID=b5377de1d1f9771f2a44591659de453a DependenciesID=56ca79df0bd2ab97591c387469280059 StaticDependenciesID=e0351a008d5df25c6995df70955cdfeb 
Refreshing native plugins compatible for Editor in 2.02 ms, found 4 plugins.
Asset Pipeline Refresh (id=4923e12dfdd096748b655f331ea4c858): Total: 0.058 seconds - Initiated by StopAssetImportingV2(NoUpdateAssetOptions)
Start importing Assets/Art/Characters/Player/Animations/Body/Player_Body_LedgeClimb.anim using Guid(3f9c0c5d5999579488d0c1e398abfdef) (NativeFormatImporter) -> (Import Result ID: 'a86069498d5d7184f4ea177e9937133a') in 0.0059321 seconds [static dependencies only]. Details - ImportResultOutputID=89eeaaf6647a5216c2d788746db71fb7 DependenciesID=c11984b9c4a10d4ff3817c9b05f81b8b StaticDependenciesID=8888f90aba45f83705829735f0fbf7aa 
Refreshing native plugins compatible for Editor in 2.50 ms, found 4 plugins.
Asset Pipeline Refresh (id=56bc0b6c52282dd4da3bcacb742f8b8a): Total: 0.094 seconds - Initiated by StopAssetImportingV2(NoUpdateAssetOptions)
Start importing Assets/Art/Characters/Player/Animations/Preview_LedgeClimb.controller using Guid(a96a65e5114e3fa4bbd12e5e78d9f887) (NativeFormatImporter) -> (Import Result ID: 'a18e12dcabf8f1ca47022f7a5a411714') in 0.0060338 seconds [static dependencies only]. Details - ImportResultOutputID=26d4f0e1c85c640252461c24950d13d2 DependenciesID=df55d209ba342c1161dcef6bc3d225a2 StaticDependenciesID=5e38d191a2a7843493eba3f22d69ff39 
Refreshing native plugins compatible for Editor in 2.30 ms, found 4 plugins.
Asset Pipeline Refresh (id=3a143d52c9b24e24c8639dd59a86d276): Total: 0.071 seconds - Initiated by StopAssetImportingV2(NoUpdateAssetOptions)
Opening scene 'Assets/Scenes/ArtShowcase.unity'
Unloading 4 Unused Serialized files (Serialized files now loaded: 0)
[Licensing::Client] Successfully resolved entitlement details
Loaded scene 'Assets/Scenes/ArtShowcase.unity'
	Deserialize:            13.290 ms
	Integration:            415.593 ms
	Integration of assets:  0.003 ms
	Thread Wait Time:       81.120 ms
	Total Operation Time:   510.005 ms
Unloading 267 unused Assets / (1.3 MB). Loaded Objects now: 8400.
Memory consumption went from 256.8 MB to 255.5 MB.
Total: 11.782900 ms (FindLiveObjects: 0.480500 ms CreateObjectMapping: 0.196500 ms MarkObjects: 9.986700 ms  DeleteObjects: 1.116900 ms)

Start importing Assets/Art/Characters/Player/Animations/Body/Player_Body_CrouchMove.anim using Guid(01f3e5320fd6fd64eb6d09e4918c8c42) (NativeFormatImporter) -> (Import Result ID: '7dfb2d4e03f22d1963fc770ee80e62d7') in 0.0049678 seconds [static dependencies only]. Details - ImportResultOutputID=7a8b6643f3bfffd370e046b7053bde33 DependenciesID=edab4591118f429b3869cd3bbc3e01ac StaticDependenciesID=572c5c7ffcf94fda432e42ce578fb32b 
Start importing Assets/Art/Characters/Player/Animations/Body/Player_Body_WallBrace.anim using Guid(51a82200a582414439b20126f79fbc2b) (NativeFormatImporter) -> (Import Result ID: 'afecf80c6bdce215ecadd2d83f1b1fc5') in 0.0070979 seconds [static dependencies only]. Details - ImportResultOutputID=c1a8cf8fe8d59dea8774c49c833ffe3c DependenciesID=060091daca19027e6fee5bd4ef0b803c StaticDependenciesID=44bbbc8ab88430acec27796d4db68689 
Start importing Assets/Art/Characters/Player/Animations/Body/Player_Body_Fall.anim using Guid(8156fea95ea08064c895f0d9659cce50) (NativeFormatImporter) -> (Import Result ID: 'a78a818e67c9b89b9ddfde7717669c87') in 0.004589 seconds [static dependencies only]. Details - ImportResultOutputID=60ee4877d814aee6ea9c0aeb7018cf27 DependenciesID=b1f0e0264e1780632a0bf8e71c4b8fd4 StaticDependenciesID=7d0b99cf548713acdd1ffe05edf8af23 
Start importing Assets/Art/Characters/Player/Animations/Body/Player_Body_Backpedal.anim using Guid(d187248b130dfe04ca56880859e2c0f6) (NativeFormatImporter) -> (Import Result ID: 'b02620a4c7a180752a6297868cde4d73') in 0.003433 seconds [static dependencies only]. Details - ImportResultOutputID=705c40ead2779804315cb4c5870d1340 DependenciesID=6769079a579043d8ae7456d2e5a0f8ef StaticDependenciesID=d80b3230c3f4917565a1023b717546b8 
Start importing Assets/Art/Characters/Player/Animations/Body/Player_Body_Idle.anim using Guid(753d9c7d16270f141bf1c0bb75258822) (NativeFormatImporter) -> (Import Result ID: '4bb784a27c734b8843d71f768af180f7') in 0.0040142 seconds [static dependencies only]. Details - ImportResultOutputID=f7657ea4ac77b4e0d2faf66b7fb206db DependenciesID=eb0563ee5232af9ac5af1f2ca050d89b StaticDependenciesID=6a082ab21405382f9e45d97341d287e3 
Start importing Assets/Art/Characters/Player/Animations/Body/Player_Body_CrouchBackpedal.anim using Guid(b6f59a0c4d2e4a12a55de77cce8ac913) (NativeFormatImporter) -> (Import Result ID: 'd5c111f7e44eb2036959162c763352f3') in 0.0035935 seconds [static dependencies only]. Details - ImportResultOutputID=b06c818ad7d8d514fbc6cd0ad39fd4f0 DependenciesID=a5fa3dd7248dbcb8aea54dc5530c3369 StaticDependenciesID=24d334b868ea21a025e0471d05cfdf4b 
Start importing Assets/Art/Characters/Player/Animations/Body/Player_Body_Land.anim using Guid(a8f20308643565b4c82f280bc33357d8) (NativeFormatImporter) -> (Import Result ID: '0526d8d3e3c21885352df6c3d4d23fb0') in 0.0035192 seconds [static dependencies only]. Details - ImportResultOutputID=df47a07ef2104a89d07e08161ee9e9ab DependenciesID=401867f597f1f663b267f9c3219d0d90 StaticDependenciesID=b77bab9363975f9e162cc0a995a69032 
Start importing Assets/Art/Characters/Player/Animations/Body/Player_Body_CrouchIdle.anim using Guid(ec4f4411ecfa3ae4681895936a56822b) (NativeFormatImporter) -> (Import Result ID: 'c49ac8296926ad9c6d33d5937d1f3562') in 0.0033451 seconds [static dependencies only]. Details - ImportResultOutputID=cfbe893fa70d4bf24e98d0ad4c994a79 DependenciesID=3dacbb24766b7208a3e3f5f392782804 StaticDependenciesID=da0507e9e9fbcd66d1d0519e6ba6440a 
Start importing Assets/Art/Characters/Player/Animations/Body/Player_Body_Run.anim using Guid(fd9811eafed508440b9019e51a0b034f) (NativeFormatImporter) -> (Import Result ID: 'ac1640e083b3298ed0d66fc9b760c1f6') in 0.0035234 seconds [static dependencies only]. Details - ImportResultOutputID=13a1c16af4912b3ab34a68d5c95e7ee1 DependenciesID=52db35c7077ad89ac30708036d1c67ea StaticDependenciesID=afed76e530c9f7e2792e2371339268a0 
Start importing Assets/Art/Characters/Player/Animations/Body/Player_Body_Jump.anim using Guid(5e2e7037cea99c44e950a7a7cdeec44c) (NativeFormatImporter) -> (Import Result ID: '6d93887eb54ae3510cffb4e5189e9d4b') in 0.0037379 seconds [static dependencies only]. Details - ImportResultOutputID=d2d07261eb6c3669a6491fb3feea34d5 DependenciesID=b64379694f6722afbb497d0699bf84e5 StaticDependenciesID=d45691e52d53fe1344b3dfebbc769735 
Start importing Assets/Art/Characters/Player/Animations/Body/Player_Body_LedgeClimb.anim using Guid(3f9c0c5d5999579488d0c1e398abfdef) (NativeFormatImporter) -> (Import Result ID: 'cdd1bcb215310b08f82e8b12ef45bfd5') in 0.003547 seconds [static dependencies only]. Details - ImportResultOutputID=89eeaaf6647a5216c2d788746db71fb7 DependenciesID=28aa313b26bf08efa5bab94232c80b03 StaticDependenciesID=661851bfa339e10dd696ff4b61fefd8c 
Start importing Assets/Art/Characters/Player/Animations/Preview_Backpedal.controller using Guid(d1998d6350e053548a8113b151008485) (NativeFormatImporter) -> (Import Result ID: 'b425b6bcf20f714363cac2667b916799') in 0.0032052 seconds [static dependencies only]. Details - ImportResultOutputID=179058dcf7f527e9024dc4ace2589e9d DependenciesID=14aacbcb5bcf3b4ad27c7dce46220550 StaticDependenciesID=e355248e539ad5ec3860bf66eed99b07 
Start importing Assets/Art/Characters/Player/Animations/Preview_CrouchIdle.controller using Guid(d40754ca53c89f948823ee89c01007a2) (NativeFormatImporter) -> (Import Result ID: '47ea7e6ca98977b5001ca5d3964ae6ef') in 0.0051662 seconds [static dependencies only]. Details - ImportResultOutputID=f87df083a8be915b9e75e90f78b55470 DependenciesID=244fe378ab9c80a05dba3058deeb478f StaticDependenciesID=dba6462b87a04933a20b21acb9e5e3a8 
Start importing Assets/Art/Characters/Player/Animations/Preview_Run.controller using Guid(c51724fae0affb04eb75be2fa9e14cb6) (NativeFormatImporter) -> (Import Result ID: '0a2acab1ab76c2c3c06cf2b3476b8170') in 0.0029148 seconds [static dependencies only]. Details - ImportResultOutputID=ec1ce85fbb02bdb30b6a6dd82ac6270c DependenciesID=9247d67a41eb0308a9fd72d1bd8befc4 StaticDependenciesID=e3f010bee7232b1eddf91630443dc7a3 
Start importing Assets/Art/Characters/Player/Animations/Preview_Fall.controller using Guid(09c23f18e71118d4db4ce1431a0a2a5d) (NativeFormatImporter) -> (Import Result ID: 'ac9b701bcc5a370f513d814ffdefbb88') in 0.0059234 seconds [static dependencies only]. Details - ImportResultOutputID=52bf0f01943b9cc850d7c3fa56a542de DependenciesID=df3480a4ab3f77c2a649f85c8a961d4d StaticDependenciesID=a66642ac0077e0d45ceaf8842bcba870 
Start importing Assets/Art/Characters/Player/Animations/Preview_Land.controller using Guid(5944fccc38a95944db7d14cfa1a1d44d) (NativeFormatImporter) -> (Import Result ID: 'ea1fc1d436f27360ddfc360656782d57') in 0.003722 seconds [static dependencies only]. Details - ImportResultOutputID=2a825e968236bf0d1880aec19eb9e277 DependenciesID=e1f9e4af563c1cc2122733e829657632 StaticDependenciesID=01b50401bf6d751a03771669e66c2127 
Start importing Assets/Art/Characters/Player/Animations/Preview_LedgeClimb.controller using Guid(a96a65e5114e3fa4bbd12e5e78d9f887) (NativeFormatImporter) -> (Import Result ID: '5fde89674341be80902a1054c7a36714') in 0.0030652 seconds [static dependencies only]. Details - ImportResultOutputID=26d4f0e1c85c640252461c24950d13d2 DependenciesID=b647c59639a11063ffb78f115105810f StaticDependenciesID=3ed49948812300de415b3ee9c65518ca 
Start importing Assets/Art/Characters/Player/Animations/Preview_WallBrace.controller using Guid(bad163f378264f6459fbf014b900fb4f) (NativeFormatImporter) -> (Import Result ID: '35f1b80f55f3468fd2f0948225005ec1') in 0.0036634 seconds [static dependencies only]. Details - ImportResultOutputID=7ade4ab6cb61654d15707665d31c6d91 DependenciesID=8598e6cf1e86874325f5c3e82334810c StaticDependenciesID=47e556c492c18c156d2bdda0bf85816c 
Start importing Assets/Art/Characters/Player/Animations/Preview_Jump.controller using Guid(1bf9d6a9b234174448b24911ae54b1d4) (NativeFormatImporter) -> (Import Result ID: '4fb7c34fed7443e5ad13b1329032bba6') in 0.0043097 seconds [static dependencies only]. Details - ImportResultOutputID=ee532ad5eaf876664287827b019832fa DependenciesID=c4d5be7d4914adb33994324edcb65b1c StaticDependenciesID=42e16f6a93c600c59a7945626f492f21 
Start importing Assets/Art/Characters/Player/Animations/Preview_Idle.controller using Guid(eb293848120739842a185b3a32869daa) (NativeFormatImporter) -> (Import Result ID: 'c66439e04e2d5bbeac44d4db63c913d7') in 0.0052072 seconds [static dependencies only]. Details - ImportResultOutputID=7eac5ecb219be560e6fd5371da21e699 DependenciesID=e6149e46843c404da301028295b022ce StaticDependenciesID=b3c160ea0c520ff662fa9b8a1e8dcec8 
Start importing Assets/Art/Characters/Player/Animations/Preview_CrouchBackpedal.controller using Guid(4f3e2b1a9c8d4e7fb6031122aabccdde) (NativeFormatImporter) -> (Import Result ID: '6303024622908acd3dc1f964d1e74820') in 0.0040484 seconds [static dependencies only]. Details - ImportResultOutputID=d33aab73dc573ce92379ac43c26f5b93 DependenciesID=16166a0b5bc8aa63bfc27fdc0c77b0a7 StaticDependenciesID=5194fd8f19f7bb6aa973b88d282748e3 
Start importing Assets/Art/Characters/Player/Animations/Preview_CrouchMove.controller using Guid(af97dd7e8e03f274fb1f0ba295490e1b) (NativeFormatImporter) -> (Import Result ID: '3fdeb0a4857592bb756518b7f1fb77a3') in 0.0053541 seconds [static dependencies only]. Details - ImportResultOutputID=bcbf5c3e16ccaf2a1d899dc61de7b29d DependenciesID=bd30e3b2eec90abbdb4c36f07abcec85 StaticDependenciesID=9c67c98fcd65b2e648f31172a4ad0612 
Start importing Assets/Art/Environment/Tiles/Generated/IndustrialSurfaceRuleTile.asset using Guid(cbbfdea80e897634b9e426234f20a573) (NativeFormatImporter) -> (Import Result ID: '70d7e8f1864699c61a8464986d005f28') in 0.0039641 seconds [static dependencies only]. Details - ImportResultOutputID=eba9462b91a5739d77d6d51b90701e02 DependenciesID=570ba137a4a0f9e80d2aa9d6133c86e6 StaticDependenciesID=e34871093d835b61db236ab1450f04ad 
Refreshing native plugins compatible for Editor in 3.75 ms, found 4 plugins.
Asset Pipeline Refresh (id=ea9fa4bb71c07bd4899a10eb6e60b51f): Total: 0.178 seconds - Initiated by StopAssetImportingV2(NoUpdateAssetOptions)
Start importing Assets/Scenes/ArtShowcase.unity using Guid(160db766d942d64448d43b64e9b57e3f) (DefaultImporter) -> (Import Result ID: '92235181a36131eae30156ef000a8e0f') in 0.00228 seconds [static dependencies only]. Details - ImportResultOutputID=4243fb2a990f72b2464c4578f89652f4 DependenciesID=c0107a312d02059526c1fdf4eaaeb960 StaticDependenciesID=c2007b1a5ecd05d5ade8003451dc219f 
Refreshing native plugins compatible for Editor in 3.73 ms, found 4 plugins.
Asset Pipeline Refresh (id=66fa76f9caedc624eb9c69e764feeb34): Total: 0.054 seconds - Initiated by StopAssetImportingV2(NoUpdateAssetOptions)
Start importing Assets/Scenes/ArtShowcase.unity using Guid(160db766d942d64448d43b64e9b57e3f) (DefaultImporter) -> (Import Result ID: '92235181a36131eae30156ef000a8e0f') in 0.0013562 seconds [static dependencies only]. Details - ImportResultOutputID=4243fb2a990f72b2464c4578f89652f4 DependenciesID=c0107a312d02059526c1fdf4eaaeb960 StaticDependenciesID=c2007b1a5ecd05d5ade8003451dc219f 
Refreshing native plugins compatible for Editor in 2.98 ms, found 4 plugins.
Asset Pipeline Refresh (id=a39bf6ab1eb9e7e429fbe6b5f531ce6f): Total: 0.048 seconds - Initiated by StopAssetImportingV2(NoUpdateAssetOptions)
Asset Pipeline Refresh (id=c2dc2a13e9b44da4abe5ba93e5e1e680): Total: 0.033 seconds - Initiated by RefreshV2(NoUpdateAssetOptions)
RUSTLINE_M0_VALIDATION_OK
UnityEngine.Debug:ExtractStackTraceNoAlloc (byte*,int,string)
UnityEngine.StackTraceUtility:ExtractStackTrace ()
UnityEngine.DebugLogHandler:Internal_Log (UnityEngine.LogType,UnityEngine.LogOption,string,UnityEngine.Object)
UnityEngine.DebugLogHandler:LogFormat (UnityEngine.LogType,UnityEngine.Object,string,object[])
UnityEngine.Logger:Log (UnityEngine.LogType,object)
UnityEngine.Debug:Log (object)
Rustline.Editor.RustlineM0ArtSetup:BuildFromCommandLine () (at Assets/Editor/RustlineM0ArtSetup.cs:205)

(Filename: Assets/Editor/RustlineM0ArtSetup.cs Line: 205)

Batchmode quit successfully invoked - shutting down!
Killing ADB server in 0,0949627 seconds.
[Physics::Module] Cleanup current backend.
[Physics::Module] Id: 0xf2b8ea05
Input System module state changed to: ShutdownInProgress.
Input Polling Thread exited.
Input System module state changed to: Shutdown.
[Licensing::IpcConnector] LicenseClient-pedro-6000.4.0-notifications channel disconnected successfully.
[Licensing::IpcConnector] LicenseClient-pedro-6000.4.0 channel disconnected successfully.
AcceleratorClientConnectionCallback - disconnected - :0
Cleanup mono
CodeReloadManager destroyed
Exiting batchmode successfully now!
Exiting without the bug reporter. Application will terminate with return code 0