[Licensing::Module] Trying to connect to existing licensing client channel...
[Licensing::IpcConnector] Successfully connected to: "LicenseClient-pedro" at "2026-09-09T19:33:52.454945Z"
Built from '6000.4/staging' branch; Version is '6000.4.0f1 (8cf496087c8f) revision 9237654'; Using compiler version '194234433'; Build Type 'Release'
OS: 'Windows 11  (10.0.26200) CoreSingleLanguage' Language: 'pt' Physical Memory: 32460 MB
BatchMode: 1, IsHumanControllingUs: 0, StartBugReporterOnCrash: 0, Is64bit: 1
System  architecture: x64
Process architecture: x64
Date: 2026-09-09T19:33:52Z

COMMAND LINE ARGUMENTS:
C:\Program Files\Unity\Hub\Editor\6000.4.0f1\Editor\Unity.exe
-batchmode
-nographics
-quit
-projectPath
C:\Projetos\Github\rustline
-executeMethod
Rustline.Editor.RustlineM1ASetup.BuildFromCommandLine
-logFile
C:\Projetos\Github\rustline\m1a-ledge.log
Successfully changed project path to: C:\Projetos\Github\rustline
C:/Projetos/Github/rustline
[UnityMemory] Configuration Parameters - Can be set up in boot.config
    "memorysetup-temp-allocator-size-gi-baking-worker=262144"
    "memorysetup-temp-allocator-size-gi-baking-worker=262144"
    "memorysetup-temp-allocator-size-gi-baking-worker=262144"
    "memorysetup-temp-allocator-size-gi-baking-worker=262144"
    "memorysetup-temp-allocator-size-gi-baking-worker=262144"
    "memorysetup-temp-allocator-size-nav-mesh-worker=65536"
    "memorysetup-temp-allocator-size-audio-worker=65536"
    "memorysetup-temp-allocator-size-cloud-worker=32768"
    "memorysetup-temp-allocator-size-gfx=262144"
    "memorysetup-temp-allocator-size-preload-manager=33554432"
    "memorysetup-temp-allocator-size-job-worker=262144"
    "memorysetup-temp-allocator-size-background-worker=32768"
    "memorysetup-allocator-temp-initial-block-size-main=262144"
    "memorysetup-allocator-temp-initial-block-size-worker=262144"
    "memorysetup-bucket-allocator-granularity=16"
    "memorysetup-bucket-allocator-bucket-count=8"
    "memorysetup-bucket-allocator-block-size=33554432"
    "memorysetup-bucket-allocator-block-count=8"
    "memorysetup-main-allocator-block-size=16777216"
    "memorysetup-thread-allocator-block-size=16777216"
    "memorysetup-gfx-main-allocator-block-size=16777216"
    "memorysetup-gfx-thread-allocator-block-size=16777216"
    "memorysetup-cache-allocator-block-size=4194304"
    "memorysetup-typetree-allocator-block-size=2097152"
    "memorysetup-profiler-bucket-allocator-granularity=16"
    "memorysetup-profiler-bucket-allocator-bucket-count=8"
    "memorysetup-profiler-bucket-allocator-block-size=33554432"
    "memorysetup-profiler-bucket-allocator-block-count=8"
    "memorysetup-profiler-allocator-block-size=16777216"
    "memorysetup-profiler-editor-allocator-block-size=1048576"
    "memorysetup-temp-allocator-size-main=16777216"
    "memorysetup-job-temp-allocator-block-size=2097152"
    "memorysetup-job-temp-allocator-block-size-background=1048576"
    "memorysetup-job-temp-allocator-reduction-small-platforms=262144"
Player connection [33332]  Target information:

Player connection [33332]  * "[IP] 192.168.56.1 [Port] 55504 [Flags] 2 [Guid] 2553254035 [EditorId] 2553254035 [Version] 1048832 [Id] WindowsEditor(7,HAL) [Debug] 1 [PackageName] WindowsEditor [ProjectName] Editor" 

Player connection [33332]  * "[IP] 172.18.64.1 [Port] 55504 [Flags] 2 [Guid] 2553254035 [EditorId] 2553254035 [Version] 1048832 [Id] WindowsEditor(7,HAL) [Debug] 1 [PackageName] WindowsEditor [ProjectName] Editor" 

Player connection [33332]  * "[IP] 192.168.2.7 [Port] 55504 [Flags] 2 [Guid] 2553254035 [EditorId] 2553254035 [Version] 1048832 [Id] WindowsEditor(7,HAL) [Debug] 1 [PackageName] WindowsEditor [ProjectName] Editor" 

Unable to join player connection multicast group (err: 10013).
Player connection [33332] Host joined alternative multi-casting on [225.0.0.222:34997]...
Input System module state changed to: Initialized.
[Physics::Module] Initialized fallback backend.
[Physics::Module] Id: 0xdecafbad
[Package Manager] Connected to IPC stream "Upm-51132" after 0.6 seconds.
[Licensing::Module] Licensing is not yet initialized.
[Licensing::Client] Error: HandshakeResponse reported an error:
	ResponseCode: 505
	ResponseStatus: Unsupported protocol version '1.18.1'.
[Licensing::Module] Error: Failed to handshake to channel: "LicenseClient-pedro"
[Licensing::IpcConnector] LicenseClient-pedro channel disconnected successfully.
[Licensing::IpcConnector] Channel LicenseClient-pedro-6000.4.0 doesn't exist
[Licensing::Module] Successfully launched the LicensingClient (PId: 41612)
[Licensing::IpcConnector] Successfully connected to: "LicenseClient-pedro-6000.4.0" at "2026-09-09T19:33:54.5314441Z"
[Licensing::Client] Handshaking with LicensingClient:
  Version:                 1.18.1+9fbee8e
  Session Id:              5d091b8047d24f539d406f077fc6f3e0
  Correlation Id:          7f03b8e3403a88e639fe16b099458708
  External correlation Id: 563138489701095272
  Machine Id:              bVarEh7pdWlrHNQkjgbo2ZGeDds=
[Licensing::Module] Successfully connected to LicensingClient on channel: "LicenseClient-pedro-6000.4.0" (connect: 0.37s, validation: 0.09s, handshake: 1.36s)
[Licensing::IpcConnector] Successfully connected to: "LicenseClient-pedro-6000.4.0-notifications" at "2026-09-09T19:33:55.9758833Z"
[Licensing::Module] Connected to LicensingClient (PId: 41612, launch time: 0.01, total connection time: 1.82s)
[Licensing::Module] Error: Access token is unavailable; failed to update
[Licensing::Client] Successfully resolved entitlement details
[Licensing::Module] License group:
  Id: 4674099990778-UnityPersXXXX
  Product: Unity Personal
  Type: Assigned
  Expiration: Unlimited
[Licensing::Client] Successfully updated license, isAsync: True, time: 0.02
[Licensing::Client] Successfully resolved entitlement details
[Licensing::Module] Licensing Background thread has ended after 3.59s
[Licensing::Module] Licensing is initialized (took 2.24s).
[Licensing::Client] Successfully resolved entitlement details
Library Redirect Path: Library/
[Physics::Module] Selected backend.
[Physics::Module] Name: PhysX
[Physics::Module] Id: 0xf2b8ea05
[Physics::Module] SDK Version: 4.1.2
[Physics::Module] Integration Version: 1.0.0
[Physics::Module] Threading Mode: Multi-Threaded
Active build profile path: `Assets/Settings/Build Profiles/Windows.asset`
Artifact Garbage Collection - Removed 3 unused hashed content files
Got setting from build profile YAML, name `m_BuildTarget`, value `19`
Got setting from build profile YAML, name `m_Subtarget`, value `2`
Initialize engine version: 6000.4.0f1 (8cf496087c8f)
[Subsystems] Discovering subsystems at path C:/Program Files/Unity/Hub/Editor/6000.4.0f1/Editor/Data/Resources/UnitySubsystems
[Subsystems] Discovering subsystems at path C:/Projetos/Github/rustline/Assets
Forcing GfxDevice: Null
GfxDevice: creating device client; kGfxThreadingModeNonThreaded
NullGfxDevice:
    Version:  NULL 1.0 [1.0]
    Renderer: Null Device
    Vendor:   Unity Technologies
Shader Hidden/ChartRasterizerHardware is not supported: GPU does not support conservative rasterization
Initialize mono
Mono path[0] = 'C:/Program Files/Unity/Hub/Editor/6000.4.0f1/Editor/Data/Managed'
Mono path[1] = 'C:/Program Files/Unity/Hub/Editor/6000.4.0f1/Editor/Data/MonoBleedingEdge/lib/mono/unityjit-win32'
Mono config path = 'C:/Program Files/Unity/Hub/Editor/6000.4.0f1/Editor/Data/MonoBleedingEdge/etc'
Using monoOptions --debugger-agent=transport=dt_socket,embedding=1,server=y,suspend=n,address=127.0.0.1:56132
CodeReloadManager initialized
Using cacheserver namespaces - metadata:defaultmetadata, artifacts:defaultartifacts
Using cacheserver namespaces - metadata:defaultmetadata, artifacts:defaultartifacts
ImportWorker Server TCP listen port: 0
AcceleratorClientConnectionCallback - disconnected - :0
Begin MonoManager ReloadAssembly
Registering precompiled unity dll's ...
Register platform support module: C:/Program Files/Unity/Hub/Editor/6000.4.0f1/Editor/Data/PlaybackEngines/WebGLSupport/UnityEditor.WebGL.Extensions.dll
[Licensing::Client] Successfully resolved entitlement details
Register platform support module: C:/Program Files/Unity/Hub/Editor/6000.4.0f1/Editor/Data/PlaybackEngines/VisionOSPlayer/UnityEditor.VisionOS.Extensions.dll
Register platform support module: C:/Program Files/Unity/Hub/Editor/6000.4.0f1/Editor/Data/PlaybackEngines/WindowsStandaloneSupport/UnityEditor.WindowsStandalone.Extensions.dll
[Licensing::Client] Successfully resolved entitlement details
Register platform support module: C:/Program Files/Unity/Hub/Editor/6000.4.0f1/Editor/Data/PlaybackEngines/AndroidPlayer/UnityEditor.Android.Extensions.dll
Register platform support module: C:/Program Files/Unity/Hub/Editor/6000.4.0f1/Editor/Data/PlaybackEngines/iOSSupport/UnityEditor.iOS.Extensions.dll
Register platform support module: C:/Program Files/Unity/Hub/Editor/6000.4.0f1/Editor/Data/PlaybackEngines/AppleTVSupport/UnityEditor.AppleTV.Extensions.dll
Register platform support module: C:/Program Files/Unity/Hub/Editor/6000.4.0f1/Editor/Data/PlaybackEngines/LinuxStandaloneSupport/UnityEditor.LinuxStandalone.Extensions.dll
Registered in 0.028697 seconds.
Native extension for LinuxStandalone target not found
Native extension for AppleTV target not found
Native extension for iOS target not found
Native extension for Android target not found
Android Extension - Scanning For ADB Devices 2360 ms
Native extension for WindowsStandalone target not found
Failed to load: C:/Program Files/Unity/Hub/Editor/6000.4.0f1/Editor/Data/PlaybackEngines/VisionOSPlayer\x64\UnityEditor.VisionOS.Native.dll
Native extension for VisionOS target not found
Native extension for WebGL target not found
Package Manager log level set to [2]
[Licensing::Client] Successfully resolved entitlement details
ScheduleIndexationOnStartup MainProcess:False IndexOnStartup:True
Mono: successfully reloaded assembly
- Finished resetting the current domain, in  5.718 seconds
Domain Reload Profiling: 6225ms
	BeginReloadAssembly (137ms)
		CreateAndSetChildDomain (11ms)
	RebuildCommonClasses (39ms)
	RebuildNativeTypeToScriptingClass (11ms)
	initialDomainReloadingComplete (89ms)
	LoadAllAssembliesAndSetupDomain (232ms)
		LoadAssemblies (124ms)
		AnalyzeDomain (217ms)
			TypeCache.Refresh (215ms)
				TypeCache.ScanAssembly (202ms)
	FinalizeReload (5718ms)
		SetupLoadedEditorAssemblies (0ms)
			InitializePlatformSupportModulesInManaged (2468ms)
			BeforeProcessingInitializeOnLoad (95ms)
			ProcessInitializeOnLoadAttributes (100ms)
			ProcessInitializeOnLoadMethodAttributes (2975ms)
[Licensing::Client] Successfully resolved entitlement details
Application.AssetDatabase Initial Refresh Start
[Package Manager] Restoring resolved packages state from cache
[Licensing::Client] Successfully resolved entitlement details
[Package Manager] Registered 64 packages:
  Packages from [https://packages.unity.com]:
    com.unity.2d.animation@14.0.3 (location: C:\Projetos\Github\rustline\Library\PackageCache\com.unity.2d.animation@a6f2f1d22eb5)
    com.unity.2d.aseprite@4.0.1 (location: C:\Projetos\Github\rustline\Library\PackageCache\com.unity.2d.aseprite@151b68d46c40)
    com.unity.2d.psdimporter@13.0.2 (location: C:\Projetos\Github\rustline\Library\PackageCache\com.unity.2d.psdimporter@11a0e04e0561)
    com.unity.2d.spriteshape@14.0.1 (location: C:\Projetos\Github\rustline\Library\PackageCache\com.unity.2d.spriteshape@da3647ffbbd7)
    com.unity.2d.tilemap.extras@7.0.1 (location: C:\Projetos\Github\rustline\Library\PackageCache\com.unity.2d.tilemap.extras@66df903b3633)
    com.unity.2d.tooling@2.0.1 (location: C:\Projetos\Github\rustline\Library\PackageCache\com.unity.2d.tooling@baa4133dcff2)
    com.unity.collab-proxy@2.11.4 (location: C:\Projetos\Github\rustline\Library\PackageCache\com.unity.collab-proxy@a5329f833fa8)
    com.unity.ide.rider@3.0.39 (location: C:\Projetos\Github\rustline\Library\PackageCache\com.unity.ide.rider@4504839d03f7)
    com.unity.ide.visualstudio@2.0.27 (location: C:\Projetos\Github\rustline\Library\PackageCache\com.unity.ide.visualstudio@dc1ddd4f09b6)
    com.unity.inputsystem@1.19.0 (location: C:\Projetos\Github\rustline\Library\PackageCache\com.unity.inputsystem@21a28c3a6c83)
    com.unity.timeline@1.8.11 (location: C:\Projetos\Github\rustline\Library\PackageCache\com.unity.timeline@bfd27f8016ff)
    com.unity.visualscripting@1.9.10 (location: C:\Projetos\Github\rustline\Library\PackageCache\com.unity.visualscripting@eb6004dcc707)
    com.unity.2d.common@13.0.1 (location: C:\Projetos\Github\rustline\Library\PackageCache\com.unity.2d.common@49d8bea2bff3)
    com.unity.mathematics@1.3.3 (location: C:\Projetos\Github\rustline\Library\PackageCache\com.unity.mathematics@19a9377c4ffa)
    com.unity.searcher@4.9.4 (location: C:\Projetos\Github\rustline\Library\PackageCache\com.unity.searcher@d45a78918735)
    com.unity.burst@1.8.28 (location: C:\Projetos\Github\rustline\Library\PackageCache\com.unity.burst@07790c2d06d9)
    com.unity.nuget.mono-cecil@1.11.6 (location: C:\Projetos\Github\rustline\Library\PackageCache\com.unity.nuget.mono-cecil@ecb9724e46ff)
    com.unity.test-framework.performance@3.2.0 (location: C:\Projetos\Github\rustline\Library\PackageCache\com.unity.test-framework.performance@0840f58e4562)
  Built-in packages:
    com.unity.2d.sprite@1.0.0 (location: C:\Projetos\Github\rustline\Library\PackageCache\com.unity.2d.sprite@929df5adbb1f)
    com.unity.2d.tilemap@1.0.0 (location: C:\Projetos\Github\rustline\Library\PackageCache\com.unity.2d.tilemap@533f309b6f37)
    com.unity.render-pipelines.universal@17.4.0 (location: C:\Projetos\Github\rustline\Library\PackageCache\com.unity.render-pipelines.universal@0c5162adfb45)
    com.unity.test-framework@1.6.0 (location: C:\Projetos\Github\rustline\Library\PackageCache\com.unity.test-framework@629486125cfc)
    com.unity.ugui@2.0.0 (location: C:\Projetos\Github\rustline\Library\PackageCache\com.unity.ugui@3dd2fbd8c1f1)
    com.unity.modules.accessibility@1.0.0 (location: C:\Projetos\Github\rustline\Library\PackageCache\com.unity.modules.accessibility)
    com.unity.modules.adaptiveperformance@1.0.0 (location: C:\Projetos\Github\rustline\Library\PackageCache\com.unity.modules.adaptiveperformance)
    com.unity.modules.ai@1.0.0 (location: C:\Projetos\Github\rustline\Library\PackageCache\com.unity.modules.ai)
    com.unity.modules.androidjni@1.0.0 (location: C:\Projetos\Github\rustline\Library\PackageCache\com.unity.modules.androidjni)
    com.unity.modules.animation@1.0.0 (location: C:\Projetos\Github\rustline\Library\PackageCache\com.unity.modules.animation)
    com.unity.modules.assetbundle@1.0.0 (location: C:\Projetos\Github\rustline\Library\PackageCache\com.unity.modules.assetbundle)
    com.unity.modules.audio@1.0.0 (location: C:\Projetos\Github\rustline\Library\PackageCache\com.unity.modules.audio)
    com.unity.modules.cloth@1.0.0 (location: C:\Projetos\Github\rustline\Library\PackageCache\com.unity.modules.cloth)
    com.unity.modules.director@1.0.0 (location: C:\Projetos\Github\rustline\Library\PackageCache\com.unity.modules.director)
    com.unity.modules.imageconversion@1.0.0 (location: C:\Projetos\Github\rustline\Library\PackageCache\com.unity.modules.imageconversion)
    com.unity.modules.imgui@1.0.0 (location: C:\Projetos\Github\rustline\Library\PackageCache\com.unity.modules.imgui)
    com.unity.modules.jsonserialize@1.0.0 (location: C:\Projetos\Github\rustline\Library\PackageCache\com.unity.modules.jsonserialize)
    com.unity.modules.particlesystem@1.0.0 (location: C:\Projetos\Github\rustline\Library\PackageCache\com.unity.modules.particlesystem)
    com.unity.modules.physics@1.0.0 (location: C:\Projetos\Github\rustline\Library\PackageCache\com.unity.modules.physics)
    com.unity.modules.physics2d@1.0.0 (location: C:\Projetos\Github\rustline\Library\PackageCache\com.unity.modules.physics2d)
    com.unity.modules.screencapture@1.0.0 (location: C:\Projetos\Github\rustline\Library\PackageCache\com.unity.modules.screencapture)
    com.unity.modules.terrain@1.0.0 (location: C:\Projetos\Github\rustline\Library\PackageCache\com.unity.modules.terrain)
    com.unity.modules.terrainphysics@1.0.0 (location: C:\Projetos\Github\rustline\Library\PackageCache\com.unity.modules.terrainphysics)
    com.unity.modules.tilemap@1.0.0 (location: C:\Projetos\Github\rustline\Library\PackageCache\com.unity.modules.tilemap)
    com.unity.modules.ui@1.0.0 (location: C:\Projetos\Github\rustline\Library\PackageCache\com.unity.modules.ui)
    com.unity.modules.uielements@1.0.0 (location: C:\Projetos\Github\rustline\Library\PackageCache\com.unity.modules.uielements)
    com.unity.modules.umbra@1.0.0 (location: C:\Projetos\Github\rustline\Library\PackageCache\com.unity.modules.umbra)
    com.unity.modules.unityanalytics@1.0.0 (location: C:\Projetos\Github\rustline\Library\PackageCache\com.unity.modules.unityanalytics)
    com.unity.modules.unitywebrequest@1.0.0 (location: C:\Projetos\Github\rustline\Library\PackageCache\com.unity.modules.unitywebrequest)
    com.unity.modules.unitywebrequestassetbundle@1.0.0 (location: C:\Projetos\Github\rustline\Library\PackageCache\com.unity.modules.unitywebrequestassetbundle)
    com.unity.modules.unitywebrequestaudio@1.0.0 (location: C:\Projetos\Github\rustline\Library\PackageCache\com.unity.modules.unitywebrequestaudio)
    com.unity.modules.unitywebrequesttexture@1.0.0 (location: C:\Projetos\Github\rustline\Library\PackageCache\com.unity.modules.unitywebrequesttexture)
    com.unity.modules.unitywebrequestwww@1.0.0 (location: C:\Projetos\Github\rustline\Library\PackageCache\com.unity.modules.unitywebrequestwww)
    com.unity.modules.vectorgraphics@1.0.0 (location: C:\Projetos\Github\rustline\Library\PackageCache\com.unity.modules.vectorgraphics)
    com.unity.modules.vehicles@1.0.0 (location: C:\Projetos\Github\rustline\Library\PackageCache\com.unity.modules.vehicles)
    com.unity.modules.video@1.0.0 (location: C:\Projetos\Github\rustline\Library\PackageCache\com.unity.modules.video)
    com.unity.modules.vr@1.0.0 (location: C:\Projetos\Github\rustline\Library\PackageCache\com.unity.modules.vr)
    com.unity.modules.wind@1.0.0 (location: C:\Projetos\Github\rustline\Library\PackageCache\com.unity.modules.wind)
    com.unity.modules.xr@1.0.0 (location: C:\Projetos\Github\rustline\Library\PackageCache\com.unity.modules.xr)
    com.unity.modules.subsystems@1.0.0 (location: C:\Projetos\Github\rustline\Library\PackageCache\com.unity.modules.subsystems)
    com.unity.modules.hierarchycore@1.0.0 (location: C:\Projetos\Github\rustline\Library\PackageCache\com.unity.modules.hierarchycore)
    com.unity.ext.nunit@2.0.5 (location: C:\Projetos\Github\rustline\Library\PackageCache\com.unity.ext.nunit@d8c07649098d)
    com.unity.render-pipelines.core@17.4.0 (location: C:\Projetos\Github\rustline\Library\PackageCache\com.unity.render-pipelines.core@6a60abc179f8)
    com.unity.shadergraph@17.4.0 (location: C:\Projetos\Github\rustline\Library\PackageCache\com.unity.shadergraph@c6e5f4d3afa5)
    com.unity.render-pipelines.universal-config@17.4.0 (location: C:\Projetos\Github\rustline\Library\PackageCache\com.unity.render-pipelines.universal-config@0db4263b9e6b)
    com.unity.collections@6.4.0 (location: C:\Projetos\Github\rustline\Library\PackageCache\com.unity.collections@538ace9075bc)
[Subsystems] No new subsystems found in resolved package list.
[Package Manager] Done registering packages in 0.05 seconds
Starting: C:\Program Files\Unity\Hub\Editor\6000.4.0f1\Editor\Data\Tools\BuildPipeline\bee_backend.exe --ipc --defer-dag-verification --dagfile="Library/Bee/1900b0aEDbg.dag" --continue-on-failure --profile="Library/Bee/backend1.traceevents" ScriptAssemblies
WorkingDir: C:/Projetos/Github/rustline
DisplayProgressbar: Compiling Scripts
ExitCode: 0 Duration: 0s705ms
[ 875/1125  0s] ILPP-Configuration Library/ilpp-configuration.nevergeneratedoutput
*** Tundra build success (0.64 seconds), 1 items updated, 1125 evaluated
AssetDatabase: script compilation time: 1.387190s
Begin MonoManager ReloadAssembly
Assembly Assembly-CSharp-Editor-firstpass.dll at Library/ScriptAssemblies/Assembly-CSharp-Editor-firstpass.dll not valid. Loading of assembly skipped.
Assembly Assembly-CSharp-firstpass.dll at Library/ScriptAssemblies/Assembly-CSharp-firstpass.dll not valid. Loading of assembly skipped.
Assembly Assembly-CSharp.dll at Library/ScriptAssemblies/Assembly-CSharp.dll not valid. Loading of assembly skipped.
Assembly DocCodeExamples.dll at Library/ScriptAssemblies/DocCodeExamples.dll not valid. Loading of assembly skipped.
Assembly TestNewCustomAssembly.dll at Library/ScriptAssemblies/TestNewCustomAssembly.dll not valid. Loading of assembly skipped.
Assembly Unity.2D.Animation.EditorTests.dll at Library/ScriptAssemblies/Unity.2D.Animation.EditorTests.dll not valid. Loading of assembly skipped.
Assembly Unity.2D.Aseprite.EditorTests.dll at Library/ScriptAssemblies/Unity.2D.Aseprite.EditorTests.dll not valid. Loading of assembly skipped.
Assembly Unity.2D.Common.EditorTests.dll at Library/ScriptAssemblies/Unity.2D.Common.EditorTests.dll not valid. Loading of assembly skipped.
Assembly Unity.2D.Psdimporter.EditorTests.dll at Library/ScriptAssemblies/Unity.2D.Psdimporter.EditorTests.dll not valid. Loading of assembly skipped.
Assembly Unity.2D.Sprite.Package.EditorTests.dll at Library/ScriptAssemblies/Unity.2D.Sprite.Package.EditorTests.dll not valid. Loading of assembly skipped.
Assembly Unity.2D.SpriteShape.EditorTests.dll at Library/ScriptAssemblies/Unity.2D.SpriteShape.EditorTests.dll not valid. Loading of assembly skipped.
Assembly Unity.2D.Tilemap.Package.EditorTests.dll at Library/ScriptAssemblies/Unity.2D.Tilemap.Package.EditorTests.dll not valid. Loading of assembly skipped.
Assembly Unity.Collections.BurstCompatibilityGen.dll at Library/ScriptAssemblies/Unity.Collections.BurstCompatibilityGen.dll not valid. Loading of assembly skipped.
Assembly Unity.Collections.DocCodeSamples.dll at Library/ScriptAssemblies/Unity.Collections.DocCodeSamples.dll not valid. Loading of assembly skipped.
Assembly Unity.Collections.PerformanceTests.dll at Library/ScriptAssemblies/Unity.Collections.PerformanceTests.dll not valid. Loading of assembly skipped.
Assembly Unity.Collections.Tests.dll at Library/ScriptAssemblies/Unity.Collections.Tests.dll not valid. Loading of assembly skipped.
Assembly Unity.Collections.Tests.Playmode.dll at Library/ScriptAssemblies/Unity.Collections.Tests.Playmode.dll not valid. Loading of assembly skipped.
Assembly Unity.InputSystem.IntegrationTests.dll at Library/ScriptAssemblies/Unity.InputSystem.IntegrationTests.dll not valid. Loading of assembly skipped.
Assembly Unity.Mathematics.Tests.dll at Library/ScriptAssemblies/Unity.Mathematics.Tests.dll not valid. Loading of assembly skipped.
Assembly Unity.Nuget.Mono-Cecil.dll at Library/ScriptAssemblies/Unity.Nuget.Mono-Cecil.dll not valid. Loading of assembly skipped.
Assembly Unity.PathTracing.Editor.Tests.dll at Library/ScriptAssemblies/Unity.PathTracing.Editor.Tests.dll not valid. Loading of assembly skipped.
Assembly Unity.PathTracing.Runtime.Tests.dll at Library/ScriptAssemblies/Unity.PathTracing.Runtime.Tests.dll not valid. Loading of assembly skipped.
Assembly Unity.RenderPipelines.Core.Editor.Tests.dll at Library/ScriptAssemblies/Unity.RenderPipelines.Core.Editor.Tests.dll not valid. Loading of assembly skipped.
Assembly Unity.RenderPipelines.Core.Runtime.Tests.dll at Library/ScriptAssemblies/Unity.RenderPipelines.Core.Runtime.Tests.dll not valid. Loading of assembly skipped.
Assembly Unity.RenderPipelines.Universal.Config.Editor.Tests.dll at Library/ScriptAssemblies/Unity.RenderPipelines.Universal.Config.Editor.Tests.dll not valid. Loading of assembly skipped.
Assembly Unity.RenderPipelines.Universal.Editor.Tests.dll at Library/ScriptAssemblies/Unity.RenderPipelines.Universal.Editor.Tests.dll not valid. Loading of assembly skipped.
Assembly Unity.RenderPipelines.Universal.Runtime.Tests.dll at Library/ScriptAssemblies/Unity.RenderPipelines.Universal.Runtime.Tests.dll not valid. Loading of assembly skipped.
Assembly Unity.Searcher.EditorTests.dll at Library/ScriptAssemblies/Unity.Searcher.EditorTests.dll not valid. Loading of assembly skipped.
Assembly Unity.ShaderGraph.Editor.Tests.dll at Library/ScriptAssemblies/Unity.ShaderGraph.Editor.Tests.dll not valid. Loading of assembly skipped.
Assembly Unity.TextMeshPro.Editor.Tests.dll at Library/ScriptAssemblies/Unity.TextMeshPro.Editor.Tests.dll not valid. Loading of assembly skipped.
Assembly Unity.TextMeshPro.Tests.dll at Library/ScriptAssemblies/Unity.TextMeshPro.Tests.dll not valid. Loading of assembly skipped.
Assembly Unity.UnifiedRayTracing.Editor.Tests.dll at Library/ScriptAssemblies/Unity.UnifiedRayTracing.Editor.Tests.dll not valid. Loading of assembly skipped.
Assembly UnityEditor.UI.Common.Tests.dll at Library/ScriptAssemblies/UnityEditor.UI.Common.Tests.dll not valid. Loading of assembly skipped.
Assembly UnityEditor.UI.EditorTests.dll at Library/ScriptAssemblies/UnityEditor.UI.EditorTests.dll not valid. Loading of assembly skipped.
Assembly UnityEngine.UI.Tests.dll at Library/ScriptAssemblies/UnityEngine.UI.Tests.dll not valid. Loading of assembly skipped.
Refreshing native plugins compatible for Editor in 2.62 ms, found 4 plugins.
Native extension for LinuxStandalone target not found
Native extension for AppleTV target not found
Native extension for iOS target not found
Native extension for Android target not found
Native extension for WindowsStandalone target not found
Failed to load: C:/Program Files/Unity/Hub/Editor/6000.4.0f1/Editor/Data/PlaybackEngines/VisionOSPlayer\x64\UnityEditor.VisionOS.Native.dll
Native extension for VisionOS target not found
Native extension for WebGL target not found
ScheduleIndexationOnStartup MainProcess:True IndexOnStartup:True
Mono: successfully reloaded assembly
- Finished resetting the current domain, in  6.289 seconds
Domain Reload Profiling: 7780ms
	BeginReloadAssembly (464ms)
		DisableScriptedObjects (52ms)
		CreateAndSetChildDomain (178ms)
	RebuildCommonClasses (44ms)
	RebuildNativeTypeToScriptingClass (12ms)
	initialDomainReloadingComplete (77ms)
	LoadAllAssembliesAndSetupDomain (893ms)
		LoadAssemblies (710ms)
		AnalyzeDomain (338ms)
			TypeCache.Refresh (253ms)
				TypeCache.ScanAssembly (235ms)
			BuildScriptInfoCaches (70ms)
			ResolveRequiredComponents (13ms)
	FinalizeReload (6290ms)
		SetupLoadedEditorAssemblies (0ms)
			InitializePlatformSupportModulesInManaged (81ms)
			BeforeProcessingInitializeOnLoad (346ms)
			ProcessInitializeOnLoadAttributes (5317ms)
			ProcessInitializeOnLoadMethodAttributes (199ms)
			AfterProcessingInitializeOnLoad (6ms)
		AwakeInstancesAfterBackupRestoration (20ms)
(Values over 0.050ms)
Asset Pipeline Refresh (id=b5abc3ff9f37b1845aea7df529a2f10b): Total: 10.171 seconds - Initiated by InitialRefreshV2(ForceSynchronousImport)
	Summary:
		Imports: total=0 (actual=0, local cache=0, cache server=0)
		Asset DB Process Time: managed=0 ms, native=7050 ms
		Asset DB Callback time: managed=60 ms, native=55 ms
		Scripting: domain reloads=1, domain reload time=1499 ms, compile time=1389 ms, other=115 ms
		Project Asset Count: scripts=1531, non-scripts=3261
		Asset File Changes: new=0, changed=0, moved=0, deleted=0
		Scan Filter Count: 0
	InvokePackagesCallback: 58.269ms
	ApplyChangesToAssetFolders: 1.194ms
	Scan: 228.919ms
	CategorizeScriptCompilationAssets: 53.573ms
	ProcessAssetsWithTransientArtifactChanges: 108.993ms
	CategorizeAssets: 77.126ms
	CompileScripts: 1388.703ms
	ImportOutOfDateAssets: 6312.734ms (6307.623ms without children)
		ReloadNativeAssets: 0.052ms
		UnloadImportedAssets: 2.472ms
		EnsureUptoDateAssetsAreRegisteredWithGuidPM: 1.044ms
		OnDemandSchedulerStart: 1.534ms
	PostProcessAllAssets: 60.111ms
		MonoPostProcessAllAssets: 60.033ms
			UniversalRenderPipelineGlobalSettingsPostprocessor.OnPostprocessAllAssets 15.804ms
			SyncVS.PostprocessSyncProject 5.834ms
			WindowAssetPostprocessingWatcher.OnPostprocessAllAssets 3.994ms
			SpeedTree9Postprocessor.OnPostprocessAllAssets 2.145ms
			RenderPipelineGlobalSettingsPostprocessor.OnPostprocessAllAssets 1.736ms
			AssetDatabaseCallbacks.OnPostprocessAllAssets 0.706ms
			ReferencedClipsPostProcessor.OnPostprocessAllAssets 0.419ms
			InputActionAssetPostprocessor.OnPostprocessAllAssets 0.275ms
			TerrainToolbarOverlayPostProcessor.OnPostprocessAllAssets 0.248ms
			ProjectSettingsPostprocessor.OnPostprocessAllAssets 0.217ms
	UnloadStreamsBegin: 3.010ms
	PersistCurrentRevisions: 0.260ms
	GenerateScriptTypeHashes: 5.010ms
	GenerateScriptTypeSerializationHashes: 8.691ms
	Untracked: 1861.606ms

Application.AssetDatabase Initial Refresh End
Shader Hidden/ChartRasterizerHardware is not supported: GPU does not support conservative rasterization
Scanning for USB devices : 1.679ms
Initializing Unity extensions:
[MODES] ModeService[none].Initialize
[MODES] ModeService[none].LoadModes
[MODES] Loading mode Default (0) for mode-current-id-rustline
Unloading 27 Unused Serialized files (Serialized files now loaded: 0)
Unloading 7039 unused Assets / (2.7 MB). Loaded Objects now: 7918.
Memory consumption went from 218.1 MB to 215.4 MB.
Total: 13.128600 ms (FindLiveObjects: 1.511000 ms CreateObjectMapping: 1.777100 ms MarkObjects: 7.529800 ms  DeleteObjects: 2.301700 ms)

Start importing Assets/Art/Characters/Player/Sprites/Arms/Armed/longwatch_dmr/Aim/Idle/player_salvager_longwatch_dmr_idle_aim_p90.png using Guid(2d38396863f7dd34fbd6b46467e03c94) (TextureImporter) -> (Import Result ID: 'fa928881826495f67ab9e8462eb68d2e') in 0.0381643 seconds [static and dynamic dependencies]. Details - ImportResultOutputID=d3009900fd60dfe289545c2ca9867bb5 DependenciesID=70522d0aee27db725b3f224a919316ba StaticDependenciesID=611c2acc6e9146a68b784a7178e82657 
Asset Pipeline Refresh (id=71019748357176540b31623d644ba636): Total: 0.294 seconds - Initiated by StopAssetImportingV2(NoUpdateAssetOptions)
Start importing Assets/Art/Characters/Player/Sprites/Arms/Armed/longwatch_dmr/Aim/Idle/player_salvager_longwatch_dmr_idle_aim_p90.png using Guid(2d38396863f7dd34fbd6b46467e03c94) (TextureImporter) -> (Import Result ID: 'fa928881826495f67ab9e8462eb68d2e') in 0.0140058 seconds [static and dynamic dependencies]. Details - ImportResultOutputID=d3009900fd60dfe289545c2ca9867bb5 DependenciesID=70522d0aee27db725b3f224a919316ba StaticDependenciesID=611c2acc6e9146a68b784a7178e82657 
Refreshing native plugins compatible for Editor in 6.00 ms, found 4 plugins.
Asset Pipeline Refresh (id=5b2e43dbb5eea5c43babe67bbdf33383): Total: 0.053 seconds - Initiated by StopAssetImportingV2(NoUpdateAssetOptions)
Start importing Assets/Art/Characters/Player/Sprites/Arms/Armed/longwatch_dmr/Aim/Run/player_salvager_longwatch_dmr_run_aim_p90.png using Guid(32a8375db813bd04e90a36f419adef8c) (TextureImporter) -> (Import Result ID: '4f23206f2b0c5aa0174b0e194a86f8d8') in 0.0148124 seconds [static and dynamic dependencies]. Details - ImportResultOutputID=ea5dbb1d934a033f370555f26c90f251 DependenciesID=c0f5a586d98679c903b22d3f76ae4a6f StaticDependenciesID=5a31650b93fb9c1535e8e05fcf87446a 
Asset Pipeline Refresh (id=1f012cb9c1d17c34d9532832f0d6cab5): Total: 0.037 seconds - Initiated by StopAssetImportingV2(NoUpdateAssetOptions)
Start importing Assets/Art/Characters/Player/Sprites/Arms/Armed/longwatch_dmr/Aim/Run/player_salvager_longwatch_dmr_run_aim_p90.png using Guid(32a8375db813bd04e90a36f419adef8c) (TextureImporter) -> (Import Result ID: '4f23206f2b0c5aa0174b0e194a86f8d8') in 0.0146775 seconds [static and dynamic dependencies]. Details - ImportResultOutputID=ea5dbb1d934a033f370555f26c90f251 DependenciesID=c0f5a586d98679c903b22d3f76ae4a6f StaticDependenciesID=5a31650b93fb9c1535e8e05fcf87446a 
Asset Pipeline Refresh (id=238bce2ab4d75b741b6c36c12a2a5f92): Total: 0.050 seconds - Initiated by StopAssetImportingV2(NoUpdateAssetOptions)
Start importing Assets/Art/Characters/Player/Sprites/Arms/Armed/longwatch_dmr/Aim/Backpedal/player_salvager_longwatch_dmr_backpedal_aim_p90.png using Guid(5950410975e290446b1d0462a91e12b2) (TextureImporter) -> (Import Result ID: '42dcfb692ddb9107a1dfa93f40cacd28') in 0.0136139 seconds [static and dynamic dependencies]. Details - ImportResultOutputID=26934059f8838236a5c19915d8bf0100 DependenciesID=5ddab70768a4e392400a6dc2cc5ebe87 StaticDependenciesID=44cfd1579ca2c4de6bb93f084f8409cf 
Asset Pipeline Refresh (id=b06ee5e58ad6038459952653eed3c1ae): Total: 0.038 seconds - Initiated by StopAssetImportingV2(NoUpdateAssetOptions)
Start importing Assets/Art/Characters/Player/Sprites/Arms/Armed/longwatch_dmr/Aim/Backpedal/player_salvager_longwatch_dmr_backpedal_aim_p90.png using Guid(5950410975e290446b1d0462a91e12b2) (TextureImporter) -> (Import Result ID: '42dcfb692ddb9107a1dfa93f40cacd28') in 0.0066667 seconds [static and dynamic dependencies]. Details - ImportResultOutputID=26934059f8838236a5c19915d8bf0100 DependenciesID=5ddab70768a4e392400a6dc2cc5ebe87 StaticDependenciesID=44cfd1579ca2c4de6bb93f084f8409cf 
Asset Pipeline Refresh (id=80049a252263c964bb8d2d674579946c): Total: 0.040 seconds - Initiated by StopAssetImportingV2(NoUpdateAssetOptions)
Start importing Assets/Art/Characters/Player/Sprites/Arms/Armed/longwatch_dmr/Aim/Crouch/player_salvager_longwatch_dmr_crouch_aim_p90.png using Guid(0bc6d2a6bc281b74e9aab7af5cbafc41) (TextureImporter) -> (Import Result ID: 'bc455ccffe1be14b5712fb884b14c8d8') in 0.0117469 seconds [static and dynamic dependencies]. Details - ImportResultOutputID=6e15dc67649464eb8b994c9a6e2fcf9a DependenciesID=23391ce2080cd67ddec733db68a6cc55 StaticDependenciesID=ddecff58eceb555dc0a7d446b4b3194a 
Asset Pipeline Refresh (id=359714c9a0b77af4f8b4a4c89f979a2a): Total: 0.031 seconds - Initiated by StopAssetImportingV2(NoUpdateAssetOptions)
Start importing Assets/Art/Characters/Player/Sprites/Arms/Armed/longwatch_dmr/Aim/Crouch/player_salvager_longwatch_dmr_crouch_aim_p90.png using Guid(0bc6d2a6bc281b74e9aab7af5cbafc41) (TextureImporter) -> (Import Result ID: 'bc455ccffe1be14b5712fb884b14c8d8') in 0.0114265 seconds [static and dynamic dependencies]. Details - ImportResultOutputID=6e15dc67649464eb8b994c9a6e2fcf9a DependenciesID=23391ce2080cd67ddec733db68a6cc55 StaticDependenciesID=ddecff58eceb555dc0a7d446b4b3194a 
Refreshing native plugins compatible for Editor in 2.58 ms, found 4 plugins.
Asset Pipeline Refresh (id=d20218094aceb6c4098f5594e8226893): Total: 0.047 seconds - Initiated by StopAssetImportingV2(NoUpdateAssetOptions)
Start importing Assets/Art/Characters/Player/Sprites/Arms/Armed/longwatch_dmr/Aim/Fall/player_salvager_longwatch_dmr_fall_aim_p90.png using Guid(69034688af704fb40b44778dcdfdd65f) (TextureImporter) -> (Import Result ID: 'bcdfe4961ade66573517e0e16cd459e8') in 0.0120746 seconds [static and dynamic dependencies]. Details - ImportResultOutputID=2d7880b1f24d033473d5319fb768e29c DependenciesID=048fd50ec1124504c6d066e42dca9a8d StaticDependenciesID=845b733d6e8cd09cf3c6b5b373ca7959 
Asset Pipeline Refresh (id=54d157abdc0b8cc43a72d5f1c7be5843): Total: 0.037 seconds - Initiated by StopAssetImportingV2(NoUpdateAssetOptions)
Start importing Assets/Art/Characters/Player/Sprites/Arms/Armed/longwatch_dmr/Aim/Fall/player_salvager_longwatch_dmr_fall_aim_p90.png using Guid(69034688af704fb40b44778dcdfdd65f) (TextureImporter) -> (Import Result ID: 'bcdfe4961ade66573517e0e16cd459e8') in 0.009571 seconds [static and dynamic dependencies]. Details - ImportResultOutputID=2d7880b1f24d033473d5319fb768e29c DependenciesID=048fd50ec1124504c6d066e42dca9a8d StaticDependenciesID=845b733d6e8cd09cf3c6b5b373ca7959 
Refreshing native plugins compatible for Editor in 3.69 ms, found 4 plugins.
Asset Pipeline Refresh (id=6436f07f9f578a54cb41f413b2c8be2a): Total: 0.038 seconds - Initiated by StopAssetImportingV2(NoUpdateAssetOptions)
Start importing Assets/Art/Characters/Player/Sprites/Arms/Armed/longwatch_dmr/Aim/Idle/player_salvager_longwatch_dmr_idle_aim_p80.png using Guid(ad64e5992e2f70041b70e5412bc0570e) (TextureImporter) -> (Import Result ID: 'bd2f157a43e4264bb537d4703ee42b88') in 0.0102522 seconds [static and dynamic dependencies]. Details - ImportResultOutputID=9f6e4549ea8483757ac7fc03b9e8f018 DependenciesID=d0b523284ee31b4cd6239d884d998c12 StaticDependenciesID=2469a9652999884172629e53150f4347 
Asset Pipeline Refresh (id=7ed0b787520db1547a9e92aaad00c546): Total: 0.032 seconds - Initiated by StopAssetImportingV2(NoUpdateAssetOptions)
Start importing Assets/Art/Characters/Player/Sprites/Arms/Armed/longwatch_dmr/Aim/Idle/player_salvager_longwatch_dmr_idle_aim_p80.png using Guid(ad64e5992e2f70041b70e5412bc0570e) (TextureImporter) -> (Import Result ID: 'bd2f157a43e4264bb537d4703ee42b88') in 0.0126743 seconds [static and dynamic dependencies]. Details - ImportResultOutputID=9f6e4549ea8483757ac7fc03b9e8f018 DependenciesID=d0b523284ee31b4cd6239d884d998c12 StaticDependenciesID=2469a9652999884172629e53150f4347 
Asset Pipeline Refresh (id=170d1f745f7f3d04fa327162ccebf2c2): Total: 0.032 seconds - Initiated by StopAssetImportingV2(NoUpdateAssetOptions)
Start importing Assets/Art/Characters/Player/Sprites/Arms/Armed/longwatch_dmr/Aim/Run/player_salvager_longwatch_dmr_run_aim_p80.png using Guid(b44537dda889e2b468cdfb53951c5474) (TextureImporter) -> (Import Result ID: '744faf5885a92f2759439059d494f9ed') in 0.0284162 seconds [static and dynamic dependencies]. Details - ImportResultOutputID=9b32adbda6c1de51ae44b828750e6dae DependenciesID=6a3454c7f2c1213648dd1be724bc0d42 StaticDependenciesID=c02a43f95c0fa144040868fd83444422 
Refreshing native plugins compatible for Editor in 2.09 ms, found 4 plugins.
Asset Pipeline Refresh (id=482c771770b5ff44997e8e02ca7e6c49): Total: 0.060 seconds - Initiated by StopAssetImportingV2(NoUpdateAssetOptions)
Start importing Assets/Art/Characters/Player/Sprites/Arms/Armed/longwatch_dmr/Aim/Run/player_salvager_longwatch_dmr_run_aim_p80.png using Guid(b44537dda889e2b468cdfb53951c5474) (TextureImporter) -> (Import Result ID: '744faf5885a92f2759439059d494f9ed') in 0.018275 seconds [static and dynamic dependencies]. Details - ImportResultOutputID=9b32adbda6c1de51ae44b828750e6dae DependenciesID=6a3454c7f2c1213648dd1be724bc0d42 StaticDependenciesID=c02a43f95c0fa144040868fd83444422 
Refreshing native plugins compatible for Editor in 2.62 ms, found 4 plugins.
Asset Pipeline Refresh (id=6a9b424c298579b4fa7031cf0df4e9da): Total: 0.047 seconds - Initiated by StopAssetImportingV2(NoUpdateAssetOptions)
Start importing Assets/Art/Characters/Player/Sprites/Arms/Armed/longwatch_dmr/Aim/Backpedal/player_salvager_longwatch_dmr_backpedal_aim_p80.png using Guid(a523b2c77b3ca5c4b9f4df00a79ab40f) (TextureImporter) -> (Import Result ID: '50b4a3c2dd0c7d1e7ff6da4dea3d0f75') in 0.0235914 seconds [static and dynamic dependencies]. Details - ImportResultOutputID=0b3b5293cd80646c72ffa20a7bf1e258 DependenciesID=08203aa5a8b9cd902ea4849c83f6b1cb StaticDependenciesID=c6a3efc2ba87112c64feef6ec9ed868c 
Refreshing native plugins compatible for Editor in 2.97 ms, found 4 plugins.
Asset Pipeline Refresh (id=5c8d66ae79765194b81d377a2d424237): Total: 0.056 seconds - Initiated by StopAssetImportingV2(NoUpdateAssetOptions)
Start importing Assets/Art/Characters/Player/Sprites/Arms/Armed/longwatch_dmr/Aim/Backpedal/player_salvager_longwatch_dmr_backpedal_aim_p80.png using Guid(a523b2c77b3ca5c4b9f4df00a79ab40f) (TextureImporter) -> (Import Result ID: '50b4a3c2dd0c7d1e7ff6da4dea3d0f75') in 0.0148159 seconds [static and dynamic dependencies]. Details - ImportResultOutputID=0b3b5293cd80646c72ffa20a7bf1e258 DependenciesID=08203aa5a8b9cd902ea4849c83f6b1cb StaticDependenciesID=c6a3efc2ba87112c64feef6ec9ed868c 
Refreshing native plugins compatible for Editor in 2.41 ms, found 4 plugins.
Asset Pipeline Refresh (id=4ba96e9db9176bb44a405ffb675bbb29): Total: 0.055 seconds - Initiated by StopAssetImportingV2(NoUpdateAssetOptions)
Start importing Assets/Art/Characters/Player/Sprites/Arms/Armed/longwatch_dmr/Aim/Crouch/player_salvager_longwatch_dmr_crouch_aim_p80.png using Guid(6d092f3cebf031941aa9c70e63a32ed0) (TextureImporter) -> (Import Result ID: 'f9c6b5780bb22ab1e536af6d2a6c3ccf') in 0.0269869 seconds [static and dynamic dependencies]. Details - ImportResultOutputID=180e84af606d0a649426e55f51c910f0 DependenciesID=760da06c7e4c85a8bc98bcdcf9ea5e86 StaticDependenciesID=a6ef2a6d93f0d9ace07a012489f3971c 
Refreshing native plugins compatible for Editor in 2.08 ms, found 4 plugins.
Asset Pipeline Refresh (id=26a062922c6748445bb288f50cd88236): Total: 0.059 seconds - Initiated by StopAssetImportingV2(NoUpdateAssetOptions)
Start importing Assets/Art/Characters/Player/Sprites/Arms/Armed/longwatch_dmr/Aim/Crouch/player_salvager_longwatch_dmr_crouch_aim_p80.png using Guid(6d092f3cebf031941aa9c70e63a32ed0) (TextureImporter) -> (Import Result ID: 'f9c6b5780bb22ab1e536af6d2a6c3ccf') in 0.0283126 seconds [static and dynamic dependencies]. Details - ImportResultOutputID=180e84af606d0a649426e55f51c910f0 DependenciesID=760da06c7e4c85a8bc98bcdcf9ea5e86 StaticDependenciesID=a6ef2a6d93f0d9ace07a012489f3971c 
Asset Pipeline Refresh (id=7d7ab75aa4e31d14cb4c3779e3f23926): Total: 0.063 seconds - Initiated by StopAssetImportingV2(NoUpdateAssetOptions)
Start importing Assets/Art/Characters/Player/Sprites/Arms/Armed/longwatch_dmr/Aim/Fall/player_salvager_longwatch_dmr_fall_aim_p80.png using Guid(17632c46d2a9d984bb5df5eb77a42a39) (TextureImporter) -> (Import Result ID: '1e0faf242b2375154508fc71d394ba16') in 0.0204452 seconds [static and dynamic dependencies]. Details - ImportResultOutputID=986b4afcf301956276e44cdec148c4bc DependenciesID=2a77091e3756eb5994440c233a2bf18f StaticDependenciesID=d50c03a750051a8649a93a3c6589172a 
Asset Pipeline Refresh (id=f1f6d6d1ac820be43a0024e98f7f679e): Total: 0.053 seconds - Initiated by StopAssetImportingV2(NoUpdateAssetOptions)
Start importing Assets/Art/Characters/Player/Sprites/Arms/Armed/longwatch_dmr/Aim/Fall/player_salvager_longwatch_dmr_fall_aim_p80.png using Guid(17632c46d2a9d984bb5df5eb77a42a39) (TextureImporter) -> (Import Result ID: '1e0faf242b2375154508fc71d394ba16') in 0.0126072 seconds [static and dynamic dependencies]. Details - ImportResultOutputID=986b4afcf301956276e44cdec148c4bc DependenciesID=2a77091e3756eb5994440c233a2bf18f StaticDependenciesID=d50c03a750051a8649a93a3c6589172a 
Asset Pipeline Refresh (id=645fcb83244e3ef47b72393c7c60e238): Total: 0.054 seconds - Initiated by StopAssetImportingV2(NoUpdateAssetOptions)
Start importing Assets/Art/Characters/Player/Sprites/Arms/Armed/longwatch_dmr/Aim/Idle/player_salvager_longwatch_dmr_idle_aim_p70.png using Guid(2b3695f34de950846ba14374acda6a98) (TextureImporter) -> (Import Result ID: '49d62a9d62f3b4adf5612f3b092c2e3c') in 0.0214171 seconds [static and dynamic dependencies]. Details - ImportResultOutputID=65f0d25d1447236e998b553686d8544b DependenciesID=229296dc4baeae660dbc8368f15b0a6f StaticDependenciesID=dc7a043746e6d3ec8e908ca4f75703ba 
Refreshing native plugins compatible for Editor in 2.24 ms, found 4 plugins.
Asset Pipeline Refresh (id=6fc32bb6ebd032f4dae16c289eaeada5): Total: 0.066 seconds - Initiated by StopAssetImportingV2(NoUpdateAssetOptions)
Start importing Assets/Art/Characters/Player/Sprites/Arms/Armed/longwatch_dmr/Aim/Idle/player_salvager_longwatch_dmr_idle_aim_p70.png using Guid(2b3695f34de950846ba14374acda6a98) (TextureImporter) -> (Import Result ID: '49d62a9d62f3b4adf5612f3b092c2e3c') in 0.0221911 seconds [static and dynamic dependencies]. Details - ImportResultOutputID=65f0d25d1447236e998b553686d8544b DependenciesID=229296dc4baeae660dbc8368f15b0a6f StaticDependenciesID=dc7a043746e6d3ec8e908ca4f75703ba 
Refreshing native plugins compatible for Editor in 2.06 ms, found 4 plugins.
Asset Pipeline Refresh (id=6746cc39c46a93547b4cfa7259fcc288): Total: 0.059 seconds - Initiated by StopAssetImportingV2(NoUpdateAssetOptions)
Start importing Assets/Art/Characters/Player/Sprites/Arms/Armed/longwatch_dmr/Aim/Run/player_salvager_longwatch_dmr_run_aim_p70.png using Guid(b5e31b0c1dc95ec4495084aaac0c02ec) (TextureImporter) -> (Import Result ID: 'db311a7b836d5bfe4142b0f958c9fc5c') in 0.0275372 seconds [static and dynamic dependencies]. Details - ImportResultOutputID=815e89b775947c481ed0357661716781 DependenciesID=0095d31cdd014a3c880ede55fb0e9214 StaticDependenciesID=baa58767b5cfee9676a99a270d64a3d2 
Asset Pipeline Refresh (id=c59d427a85c8c8443ba5a8daee78dd27): Total: 0.060 seconds - Initiated by StopAssetImportingV2(NoUpdateAssetOptions)
Start importing Assets/Art/Characters/Player/Sprites/Arms/Armed/longwatch_dmr/Aim/Run/player_salvager_longwatch_dmr_run_aim_p70.png using Guid(b5e31b0c1dc95ec4495084aaac0c02ec) (TextureImporter) -> (Import Result ID: 'db311a7b836d5bfe4142b0f958c9fc5c') in 0.0210051 seconds [static and dynamic dependencies]. Details - ImportResultOutputID=815e89b775947c481ed0357661716781 DependenciesID=0095d31cdd014a3c880ede55fb0e9214 StaticDependenciesID=baa58767b5cfee9676a99a270d64a3d2 
Asset Pipeline Refresh (id=87739f1a8aea48e448b8b0029f8908b3): Total: 0.062 seconds - Initiated by StopAssetImportingV2(NoUpdateAssetOptions)
Start importing Assets/Art/Characters/Player/Sprites/Arms/Armed/longwatch_dmr/Aim/Backpedal/player_salvager_longwatch_dmr_backpedal_aim_p70.png using Guid(67a78bd4f74d0074c9bd0f20401788f1) (TextureImporter) -> (Import Result ID: '911b630363e25721ed90bd749e30376c') in 0.0238397 seconds [static and dynamic dependencies]. Details - ImportResultOutputID=1ced911731cd26d5127d04fc8855f2df DependenciesID=a1b2cce13ea8afb226d641bbcf8a2c75 StaticDependenciesID=7c5c11ceff2c8282a28288cbd86b959d 
Refreshing native plugins compatible for Editor in 6.98 ms, found 4 plugins.
Asset Pipeline Refresh (id=f34c8e1a010b0ca4fb1aa5293e65c806): Total: 0.064 seconds - Initiated by StopAssetImportingV2(NoUpdateAssetOptions)
Start importing Assets/Art/Characters/Player/Sprites/Arms/Armed/longwatch_dmr/Aim/Backpedal/player_salvager_longwatch_dmr_backpedal_aim_p70.png using Guid(67a78bd4f74d0074c9bd0f20401788f1) (TextureImporter) -> (Import Result ID: '911b630363e25721ed90bd749e30376c') in 0.0124473 seconds [static and dynamic dependencies]. Details - ImportResultOutputID=1ced911731cd26d5127d04fc8855f2df DependenciesID=a1b2cce13ea8afb226d641bbcf8a2c75 StaticDependenciesID=7c5c11ceff2c8282a28288cbd86b959d 
Asset Pipeline Refresh (id=a6abf7318f68ea54684bf21bd58bdfe2): Total: 0.040 seconds - Initiated by StopAssetImportingV2(NoUpdateAssetOptions)
Start importing Assets/Art/Characters/Player/Sprites/Arms/Armed/longwatch_dmr/Aim/Crouch/player_salvager_longwatch_dmr_crouch_aim_p70.png using Guid(a85c3ee297b7b374787ea880875a5b50) (TextureImporter) -> (Import Result ID: '3f47832eae47c938b555ac8d235db743') in 0.0097172 seconds [static and dynamic dependencies]. Details - ImportResultOutputID=a6865622d142988d88e99b3f97f704bb DependenciesID=2d0ea342c4b996959f7f5e76c02d710b StaticDependenciesID=aa7eb71a624196399402aa2ce87682a8 
Asset Pipeline Refresh (id=bb93af8ec0a4884428aa28c8ea851cca): Total: 0.045 seconds - Initiated by StopAssetImportingV2(NoUpdateAssetOptions)
Start importing Assets/Art/Characters/Player/Sprites/Arms/Armed/longwatch_dmr/Aim/Crouch/player_salvager_longwatch_dmr_crouch_aim_p70.png using Guid(a85c3ee297b7b374787ea880875a5b50) (TextureImporter) -> (Import Result ID: '3f47832eae47c938b555ac8d235db743') in 0.0326018 seconds [static and dynamic dependencies]. Details - ImportResultOutputID=a6865622d142988d88e99b3f97f704bb DependenciesID=2d0ea342c4b996959f7f5e76c02d710b StaticDependenciesID=aa7eb71a624196399402aa2ce87682a8 
Refreshing native plugins compatible for Editor in 2.63 ms, found 4 plugins.
Asset Pipeline Refresh (id=cd03ff755b71d8244b63388d367afa93): Total: 0.061 seconds - Initiated by StopAssetImportingV2(NoUpdateAssetOptions)
Start importing Assets/Art/Characters/Player/Sprites/Arms/Armed/longwatch_dmr/Aim/Fall/player_salvager_longwatch_dmr_fall_aim_p70.png using Guid(476d1eb2d931a114d9ece1bff90210a9) (TextureImporter) -> (Import Result ID: '8bc2816acb12c4a98990018d7c4deae8') in 0.0120542 seconds [static and dynamic dependencies]. Details - ImportResultOutputID=f18a7d2458b48f65b7ea84c4f18982fc DependenciesID=d5ccd8e698f46cccdb9811b81f6f9a10 StaticDependenciesID=98a0187bf729093ee8de8f92efed6576 
Asset Pipeline Refresh (id=c1ae38b40fc1a2841be5b5cab6b14e5e): Total: 0.045 seconds - Initiated by StopAssetImportingV2(NoUpdateAssetOptions)
Start importing Assets/Art/Characters/Player/Sprites/Arms/Armed/longwatch_dmr/Aim/Fall/player_salvager_longwatch_dmr_fall_aim_p70.png using Guid(476d1eb2d931a114d9ece1bff90210a9) (TextureImporter) -> (Import Result ID: '8bc2816acb12c4a98990018d7c4deae8') in 0.0056771 seconds [static and dynamic dependencies]. Details - ImportResultOutputID=f18a7d2458b48f65b7ea84c4f18982fc DependenciesID=d5ccd8e698f46cccdb9811b81f6f9a10 StaticDependenciesID=98a0187bf729093ee8de8f92efed6576 
Asset Pipeline Refresh (id=4e4538555410d4a4da715a17fee938e7): Total: 0.030 seconds - Initiated by StopAssetImportingV2(NoUpdateAssetOptions)
Start importing Assets/Art/Characters/Player/Sprites/Arms/Armed/longwatch_dmr/Aim/Idle/player_salvager_longwatch_dmr_idle_aim_p60.png using Guid(9f25d2f0fb49191478e046695b5c4881) (TextureImporter) -> (Import Result ID: 'e0c283ccda04b5dc5197eaad82bfa5fe') in 0.0077893 seconds [static and dynamic dependencies]. Details - ImportResultOutputID=1bdecb2ee99d0e7c2993e2a5e81ab9f8 DependenciesID=9d4a40a45083a5f11ca8c5a20a4cd62d StaticDependenciesID=2f2dcaaea8ec43efee96644c236f304b 
Refreshing native plugins compatible for Editor in 5.51 ms, found 4 plugins.
Asset Pipeline Refresh (id=63e163cd62d422946a90bb36c6b1b5d5): Total: 0.036 seconds - Initiated by StopAssetImportingV2(NoUpdateAssetOptions)
Start importing Assets/Art/Characters/Player/Sprites/Arms/Armed/longwatch_dmr/Aim/Idle/player_salvager_longwatch_dmr_idle_aim_p60.png using Guid(9f25d2f0fb49191478e046695b5c4881) (TextureImporter) -> (Import Result ID: 'e0c283ccda04b5dc5197eaad82bfa5fe') in 0.006357 seconds [static and dynamic dependencies]. Details - ImportResultOutputID=1bdecb2ee99d0e7c2993e2a5e81ab9f8 DependenciesID=9d4a40a45083a5f11ca8c5a20a4cd62d StaticDependenciesID=2f2dcaaea8ec43efee96644c236f304b 
Asset Pipeline Refresh (id=9c67921eb52d420489a8cb0c47d13841): Total: 0.032 seconds - Initiated by StopAssetImportingV2(NoUpdateAssetOptions)
Start importing Assets/Art/Characters/Player/Sprites/Arms/Armed/longwatch_dmr/Aim/Run/player_salvager_longwatch_dmr_run_aim_p60.png using Guid(6ac6fe15fba0cb6498a52545206be5f7) (TextureImporter) -> (Import Result ID: '9c3aa9512fb93e25022e7b899dd16beb') in 0.0108269 seconds [static and dynamic dependencies]. Details - ImportResultOutputID=28e9b4e3084912fc652ea7aeef51740e DependenciesID=93226b21fc6ed6f2826011201186cdd8 StaticDependenciesID=e2ad41e2ff1d28d57616f39aa592f07c 
Refreshing native plugins compatible for Editor in 2.40 ms, found 4 plugins.
Asset Pipeline Refresh (id=1b480727f8f4f384b971e7f4a5cd1a4f): Total: 0.037 seconds - Initiated by StopAssetImportingV2(NoUpdateAssetOptions)
Start importing Assets/Art/Characters/Player/Sprites/Arms/Armed/longwatch_dmr/Aim/Run/player_salvager_longwatch_dmr_run_aim_p60.png using Guid(6ac6fe15fba0cb6498a52545206be5f7) (TextureImporter) -> (Import Result ID: '9c3aa9512fb93e25022e7b899dd16beb') in 0.0080301 seconds [static and dynamic dependencies]. Details - ImportResultOutputID=28e9b4e3084912fc652ea7aeef51740e DependenciesID=93226b21fc6ed6f2826011201186cdd8 StaticDependenciesID=e2ad41e2ff1d28d57616f39aa592f07c 
Refreshing native plugins compatible for Editor in 3.54 ms, found 4 plugins.
Asset Pipeline Refresh (id=2649669d1484c184d9eb11ea8af3d7db): Total: 0.037 seconds - Initiated by StopAssetImportingV2(NoUpdateAssetOptions)
Start importing Assets/Art/Characters/Player/Sprites/Arms/Armed/longwatch_dmr/Aim/Backpedal/player_salvager_longwatch_dmr_backpedal_aim_p60.png using Guid(8c3b2a9990fbec5469314a2329798e5d) (TextureImporter) -> (Import Result ID: '0cc14917de2f8455c65137ba1422d9ab') in 0.0082583 seconds [static and dynamic dependencies]. Details - ImportResultOutputID=f25e5abfd0f3db1788982ffa7e3d8ada DependenciesID=68cb997ecf3e644815598dbf687a0db7 StaticDependenciesID=a275be818e0cbe6a5af725f7bea977e9 
Asset Pipeline Refresh (id=14082035b5f6ad942b9e1596f2ce6e1c): Total: 0.035 seconds - Initiated by StopAssetImportingV2(NoUpdateAssetOptions)
Start importing Assets/Art/Characters/Player/Sprites/Arms/Armed/longwatch_dmr/Aim/Backpedal/player_salvager_longwatch_dmr_backpedal_aim_p60.png using Guid(8c3b2a9990fbec5469314a2329798e5d) (TextureImporter) -> (Import Result ID: '0cc14917de2f8455c65137ba1422d9ab') in 0.0080258 seconds [static and dynamic dependencies]. Details - ImportResultOutputID=f25e5abfd0f3db1788982ffa7e3d8ada DependenciesID=68cb997ecf3e644815598dbf687a0db7 StaticDependenciesID=a275be818e0cbe6a5af725f7bea977e9 
Asset Pipeline Refresh (id=4439f114fd66f0b44bc0189219826811): Total: 0.030 seconds - Initiated by StopAssetImportingV2(NoUpdateAssetOptions)
Start importing Assets/Art/Characters/Player/Sprites/Arms/Armed/longwatch_dmr/Aim/Crouch/player_salvager_longwatch_dmr_crouch_aim_p60.png using Guid(7bee420734adcb94f9383829614efdc6) (TextureImporter) -> (Import Result ID: '5f4751c3d117d3352006f7eae98a31f6') in 0.0092732 seconds [static and dynamic dependencies]. Details - ImportResultOutputID=39ce550c2d6cb86b182a9b143f187919 DependenciesID=4383351fc1df78c444847a8a8faa7c91 StaticDependenciesID=3ed6b3f70377023fb654a5c107013469 
Asset Pipeline Refresh (id=b15572a6bf30a60459f988ee92000fcd): Total: 0.032 seconds - Initiated by StopAssetImportingV2(NoUpdateAssetOptions)
Start importing Assets/Art/Characters/Player/Sprites/Arms/Armed/longwatch_dmr/Aim/Crouch/player_salvager_longwatch_dmr_crouch_aim_p60.png using Guid(7bee420734adcb94f9383829614efdc6) (TextureImporter) -> (Import Result ID: '5f4751c3d117d3352006f7eae98a31f6') in 0.0082935 seconds [static and dynamic dependencies]. Details - ImportResultOutputID=39ce550c2d6cb86b182a9b143f187919 DependenciesID=4383351fc1df78c444847a8a8faa7c91 StaticDependenciesID=3ed6b3f70377023fb654a5c107013469 
Asset Pipeline Refresh (id=56301b2ce1681854fa235ea09059aa00): Total: 0.033 seconds - Initiated by StopAssetImportingV2(NoUpdateAssetOptions)
Start importing Assets/Art/Characters/Player/Sprites/Arms/Armed/longwatch_dmr/Aim/Fall/player_salvager_longwatch_dmr_fall_aim_p60.png using Guid(9d576e73065b5634a8e6840200c27939) (TextureImporter) -> (Import Result ID: 'ae2bdbc74882424980d86257a510287c') in 0.0067857 seconds [static and dynamic dependencies]. Details - ImportResultOutputID=2d2fb039c922c0ab1cd600b1e4282728 DependenciesID=51a1f4a9839aad7cfe17ced8b2eb7d3a StaticDependenciesID=d29e37bf74e0e692cad72b04e995b256 
Asset Pipeline Refresh (id=b63a7ea3c978e2647a43e0eb240e0858): Total: 0.030 seconds - Initiated by StopAssetImportingV2(NoUpdateAssetOptions)
Start importing Assets/Art/Characters/Player/Sprites/Arms/Armed/longwatch_dmr/Aim/Fall/player_salvager_longwatch_dmr_fall_aim_p60.png using Guid(9d576e73065b5634a8e6840200c27939) (TextureImporter) -> (Import Result ID: 'ae2bdbc74882424980d86257a510287c') in 0.0057722 seconds [static and dynamic dependencies]. Details - ImportResultOutputID=2d2fb039c922c0ab1cd600b1e4282728 DependenciesID=51a1f4a9839aad7cfe17ced8b2eb7d3a StaticDependenciesID=d29e37bf74e0e692cad72b04e995b256 
Refreshing native plugins compatible for Editor in 2.16 ms, found 4 plugins.
Asset Pipeline Refresh (id=99638cae0cbaaa64180eeb1ba9ee3b7b): Total: 0.029 seconds - Initiated by StopAssetImportingV2(NoUpdateAssetOptions)
Start importing Assets/Art/Characters/Player/Sprites/Arms/Armed/longwatch_dmr/Aim/Idle/player_salvager_longwatch_dmr_idle_aim_p50.png using Guid(2d2ef39efc7b32e44847fd43c5164670) (TextureImporter) -> (Import Result ID: 'b1a31078b178a1db67279acf518dfaab') in 0.0079758 seconds [static and dynamic dependencies]. Details - ImportResultOutputID=3d5d9fcfc6e9ee8171d24b3c077f2c79 DependenciesID=c8f61320365a27c8e46f1d0fd3f70aea StaticDependenciesID=df359ccdbbf86223e2b927dcf880c627 
Refreshing native plugins compatible for Editor in 2.12 ms, found 4 plugins.
Asset Pipeline Refresh (id=61a65460fcfd354449a4f0cd941f2a6c): Total: 0.034 seconds - Initiated by StopAssetImportingV2(NoUpdateAssetOptions)
Start importing Assets/Art/Characters/Player/Sprites/Arms/Armed/longwatch_dmr/Aim/Idle/player_salvager_longwatch_dmr_idle_aim_p50.png using Guid(2d2ef39efc7b32e44847fd43c5164670) (TextureImporter) -> (Import Result ID: 'b1a31078b178a1db67279acf518dfaab') in 0.0080747 seconds [static and dynamic dependencies]. Details - ImportResultOutputID=3d5d9fcfc6e9ee8171d24b3c077f2c79 DependenciesID=c8f61320365a27c8e46f1d0fd3f70aea StaticDependenciesID=df359ccdbbf86223e2b927dcf880c627 
Asset Pipeline Refresh (id=af60318103e9e5b4a9e67befa41ec506): Total: 0.033 seconds - Initiated by StopAssetImportingV2(NoUpdateAssetOptions)
Start importing Assets/Art/Characters/Player/Sprites/Arms/Armed/longwatch_dmr/Aim/Run/player_salvager_longwatch_dmr_run_aim_p50.png using Guid(f2bea78bdeed18249aa56fef861f64db) (TextureImporter) -> (Import Result ID: 'd152d6fc877a8365cf7fe9e147a723d8') in 0.0098349 seconds [static and dynamic dependencies]. Details - ImportResultOutputID=e18fa6049e18d1ccf3cfa07a28a7cc80 DependenciesID=b00f4947e59c35e9d7fbd2922c91fe39 StaticDependenciesID=c958ce3d06781d9baf3df6414de0455d 
Refreshing native plugins compatible for Editor in 3.15 ms, found 4 plugins.
Asset Pipeline Refresh (id=ab7e3988cde04134d96aa13185d56ad2): Total: 0.037 seconds - Initiated by StopAssetImportingV2(NoUpdateAssetOptions)
Start importing Assets/Art/Characters/Player/Sprites/Arms/Armed/longwatch_dmr/Aim/Run/player_salvager_longwatch_dmr_run_aim_p50.png using Guid(f2bea78bdeed18249aa56fef861f64db) (TextureImporter) -> (Import Result ID: 'd152d6fc877a8365cf7fe9e147a723d8') in 0.011066 seconds [static and dynamic dependencies]. Details - ImportResultOutputID=e18fa6049e18d1ccf3cfa07a28a7cc80 DependenciesID=b00f4947e59c35e9d7fbd2922c91fe39 StaticDependenciesID=c958ce3d06781d9baf3df6414de0455d 
Asset Pipeline Refresh (id=2323c5b6c0e5a8f47873a75c91b238b6): Total: 0.034 seconds - Initiated by StopAssetImportingV2(NoUpdateAssetOptions)
Start importing Assets/Art/Characters/Player/Sprites/Arms/Armed/longwatch_dmr/Aim/Backpedal/player_salvager_longwatch_dmr_backpedal_aim_p50.png using Guid(0b07007312fc732439128f43e4d2bc8c) (TextureImporter) -> (Import Result ID: '892354253bddb2a3bbfc9413b9282b2e') in 0.0100475 seconds [static and dynamic dependencies]. Details - ImportResultOutputID=d99a58844a0fab297a4171720c434380 DependenciesID=3ffbb8322654297860921a0288bb6da5 StaticDependenciesID=b05f176f6de86b1854f83a0596e0b1ff 
Asset Pipeline Refresh (id=adb5b1f5337e5004798c360802e90fdc): Total: 0.033 seconds - Initiated by StopAssetImportingV2(NoUpdateAssetOptions)
Start importing Assets/Art/Characters/Player/Sprites/Arms/Armed/longwatch_dmr/Aim/Backpedal/player_salvager_longwatch_dmr_backpedal_aim_p50.png using Guid(0b07007312fc732439128f43e4d2bc8c) (TextureImporter) -> (Import Result ID: '892354253bddb2a3bbfc9413b9282b2e') in 0.0088436 seconds [static and dynamic dependencies]. Details - ImportResultOutputID=d99a58844a0fab297a4171720c434380 DependenciesID=3ffbb8322654297860921a0288bb6da5 StaticDependenciesID=b05f176f6de86b1854f83a0596e0b1ff 
Asset Pipeline Refresh (id=8ca1f11e1107cd94c8c161e455cb599a): Total: 0.035 seconds - Initiated by StopAssetImportingV2(NoUpdateAssetOptions)
Start importing Assets/Art/Characters/Player/Sprites/Arms/Armed/longwatch_dmr/Aim/Crouch/player_salvager_longwatch_dmr_crouch_aim_p50.png using Guid(4e5f60fee6eb3af4488f0559bc1401e6) (TextureImporter) -> (Import Result ID: '08ef550f5148d85e1dfc6b6753b8ec83') in 0.0107264 seconds [static and dynamic dependencies]. Details - ImportResultOutputID=80a74fb75c927b336346eec080908ed8 DependenciesID=11c2c227501fb9979dc072a594fbf673 StaticDependenciesID=31f1256cc08e4edfc4cf357f0c0d16f4 
Refreshing native plugins compatible for Editor in 2.76 ms, found 4 plugins.
Asset Pipeline Refresh (id=db16c1e55d3e9d8418519a414db8916c): Total: 0.038 seconds - Initiated by StopAssetImportingV2(NoUpdateAssetOptions)
Start importing Assets/Art/Characters/Player/Sprites/Arms/Armed/longwatch_dmr/Aim/Crouch/player_salvager_longwatch_dmr_crouch_aim_p50.png using Guid(4e5f60fee6eb3af4488f0559bc1401e6) (TextureImporter) -> (Import Result ID: '08ef550f5148d85e1dfc6b6753b8ec83') in 0.0098642 seconds [static and dynamic dependencies]. Details - ImportResultOutputID=80a74fb75c927b336346eec080908ed8 DependenciesID=11c2c227501fb9979dc072a594fbf673 StaticDependenciesID=31f1256cc08e4edfc4cf357f0c0d16f4 
Asset Pipeline Refresh (id=5a5af5a6ab3975c4eb18b1cf7dbcc8f5): Total: 0.034 seconds - Initiated by StopAssetImportingV2(NoUpdateAssetOptions)
Start importing Assets/Art/Characters/Player/Sprites/Arms/Armed/longwatch_dmr/Aim/Fall/player_salvager_longwatch_dmr_fall_aim_p50.png using Guid(c1ec38eaad866c04e8653df67e6f6733) (TextureImporter) -> (Import Result ID: 'c6994e3b4dbb4106164b4c9eb6d6497d') in 0.0055823 seconds [static and dynamic dependencies]. Details - ImportResultOutputID=e71b740d301ed7edc7eef078d2cbe96a DependenciesID=d51fcc15ae2fc81563eb553e373187b0 StaticDependenciesID=0e061c46a8fe7ed1b030b64540921b2e 
Refreshing native plugins compatible for Editor in 2.05 ms, found 4 plugins.
Asset Pipeline Refresh (id=91ca726d219793b4fa5277f59de3ef52): Total: 0.029 seconds - Initiated by StopAssetImportingV2(NoUpdateAssetOptions)
Start importing Assets/Art/Characters/Player/Sprites/Arms/Armed/longwatch_dmr/Aim/Fall/player_salvager_longwatch_dmr_fall_aim_p50.png using Guid(c1ec38eaad866c04e8653df67e6f6733) (TextureImporter) -> (Import Result ID: 'c6994e3b4dbb4106164b4c9eb6d6497d') in 0.0060604 seconds [static and dynamic dependencies]. Details - ImportResultOutputID=e71b740d301ed7edc7eef078d2cbe96a DependenciesID=d51fcc15ae2fc81563eb553e373187b0 StaticDependenciesID=0e061c46a8fe7ed1b030b64540921b2e 
Refreshing native plugins compatible for Editor in 7.33 ms, found 4 plugins.
Asset Pipeline Refresh (id=1f3213c589da4f349a1ed2fb6ea496ae): Total: 0.043 seconds - Initiated by StopAssetImportingV2(NoUpdateAssetOptions)
Start importing Assets/Art/Characters/Player/Sprites/Arms/Armed/longwatch_dmr/Aim/Idle/player_salvager_longwatch_dmr_idle_aim_p40.png using Guid(b152313010866dc4c88c17a7539e55f6) (TextureImporter) -> (Import Result ID: '2597b8120baf443cd5dedc864c53d6ea') in 0.0081217 seconds [static and dynamic dependencies]. Details - ImportResultOutputID=065e4cd64011ea9b5b8bba4bb12fb030 DependenciesID=4850f1da05072e525308abc4c2a30ba1 StaticDependenciesID=528dee83c3ffc5dc3176ab2d187a1b29 
Asset Pipeline Refresh (id=0b8ec5a2cb9e2c74e85e8cce52e0f9a1): Total: 0.032 seconds - Initiated by StopAssetImportingV2(NoUpdateAssetOptions)
Start importing Assets/Art/Characters/Player/Sprites/Arms/Armed/longwatch_dmr/Aim/Idle/player_salvager_longwatch_dmr_idle_aim_p40.png using Guid(b152313010866dc4c88c17a7539e55f6) (TextureImporter) -> (Import Result ID: '2597b8120baf443cd5dedc864c53d6ea') in 0.0065555 seconds [static and dynamic dependencies]. Details - ImportResultOutputID=065e4cd64011ea9b5b8bba4bb12fb030 DependenciesID=4850f1da05072e525308abc4c2a30ba1 StaticDependenciesID=528dee83c3ffc5dc3176ab2d187a1b29 
Asset Pipeline Refresh (id=2e41fed3b4ebc89418d4c3b14f1e95ad): Total: 0.031 seconds - Initiated by StopAssetImportingV2(NoUpdateAssetOptions)
Start importing Assets/Art/Characters/Player/Sprites/Arms/Armed/longwatch_dmr/Aim/Run/player_salvager_longwatch_dmr_run_aim_p40.png using Guid(3854a7f9f638c764494465f2de261c94) (TextureImporter) -> (Import Result ID: 'e33ba570966745ae8e5db0dbf630c7d3') in 0.0111229 seconds [static and dynamic dependencies]. Details - ImportResultOutputID=a0e54bd482d2407c12adab98f03a7f36 DependenciesID=ce0766b1e5f9370fed5d3688280b6848 StaticDependenciesID=f78223c715ce0b49ba2cbaf601b42ae0 
Refreshing native plugins compatible for Editor in 3.79 ms, found 4 plugins.
Asset Pipeline Refresh (id=0d2a2fdc68826654a8fd547cc7ec3001): Total: 0.036 seconds - Initiated by StopAssetImportingV2(NoUpdateAssetOptions)
Start importing Assets/Art/Characters/Player/Sprites/Arms/Armed/longwatch_dmr/Aim/Run/player_salvager_longwatch_dmr_run_aim_p40.png using Guid(3854a7f9f638c764494465f2de261c94) (TextureImporter) -> (Import Result ID: 'e33ba570966745ae8e5db0dbf630c7d3') in 0.0098166 seconds [static and dynamic dependencies]. Details - ImportResultOutputID=a0e54bd482d2407c12adab98f03a7f36 DependenciesID=ce0766b1e5f9370fed5d3688280b6848 StaticDependenciesID=f78223c715ce0b49ba2cbaf601b42ae0 
Asset Pipeline Refresh (id=a3fdc2a9929aba94889f9e6aaaad2089): Total: 0.033 seconds - Initiated by StopAssetImportingV2(NoUpdateAssetOptions)
Start importing Assets/Art/Characters/Player/Sprites/Arms/Armed/longwatch_dmr/Aim/Backpedal/player_salvager_longwatch_dmr_backpedal_aim_p40.png using Guid(ec2a797998532ef46b34010a55e82791) (TextureImporter) -> (Import Result ID: '619505be25dd056aeedbf36b40b018fe') in 0.0143069 seconds [static and dynamic dependencies]. Details - ImportResultOutputID=6f8bfe78249fb776e5bc26f74f998393 DependenciesID=dfb7c878a5906e3852aae508b7dfbd72 StaticDependenciesID=81b16ab73ea901aa87c559a146ac65c4 
Asset Pipeline Refresh (id=facb745f17a236b4199d4e010afe01f1): Total: 0.041 seconds - Initiated by StopAssetImportingV2(NoUpdateAssetOptions)
Start importing Assets/Art/Characters/Player/Sprites/Arms/Armed/longwatch_dmr/Aim/Backpedal/player_salvager_longwatch_dmr_backpedal_aim_p40.png using Guid(ec2a797998532ef46b34010a55e82791) (TextureImporter) -> (Import Result ID: '619505be25dd056aeedbf36b40b018fe') in 0.0081502 seconds [static and dynamic dependencies]. Details - ImportResultOutputID=6f8bfe78249fb776e5bc26f74f998393 DependenciesID=dfb7c878a5906e3852aae508b7dfbd72 StaticDependenciesID=81b16ab73ea901aa87c559a146ac65c4 
Refreshing native plugins compatible for Editor in 2.12 ms, found 4 plugins.
Asset Pipeline Refresh (id=f755aaaa360c5e148bc677b53c10076d): Total: 0.033 seconds - Initiated by StopAssetImportingV2(NoUpdateAssetOptions)
Start importing Assets/Art/Characters/Player/Sprites/Arms/Armed/longwatch_dmr/Aim/Crouch/player_salvager_longwatch_dmr_crouch_aim_p40.png using Guid(861f013023b615d43a5a89c03190d42a) (TextureImporter) -> (Import Result ID: 'd1d5c373c8207cac5bfe2032d515b1d7') in 0.0080109 seconds [static and dynamic dependencies]. Details - ImportResultOutputID=ba7fbefa5e9b270fbf649d29d3e1774f DependenciesID=21ca084d358a9902059f93b4baeb440e StaticDependenciesID=8c07d6485a9169a43a29c03f8b4c5d17 
Refreshing native plugins compatible for Editor in 2.24 ms, found 4 plugins.
Asset Pipeline Refresh (id=a4eaa94732edc2b428b2b01b431dd038): Total: 0.032 seconds - Initiated by StopAssetImportingV2(NoUpdateAssetOptions)
Start importing Assets/Art/Characters/Player/Sprites/Arms/Armed/longwatch_dmr/Aim/Crouch/player_salvager_longwatch_dmr_crouch_aim_p40.png using Guid(861f013023b615d43a5a89c03190d42a) (TextureImporter) -> (Import Result ID: 'd1d5c373c8207cac5bfe2032d515b1d7') in 0.0111158 seconds [static and dynamic dependencies]. Details - ImportResultOutputID=ba7fbefa5e9b270fbf649d29d3e1774f DependenciesID=21ca084d358a9902059f93b4baeb440e StaticDependenciesID=8c07d6485a9169a43a29c03f8b4c5d17 
Asset Pipeline Refresh (id=4b8e0580f5a30e547837aa735adec138): Total: 0.036 seconds - Initiated by StopAssetImportingV2(NoUpdateAssetOptions)
Start importing Assets/Art/Characters/Player/Sprites/Arms/Armed/longwatch_dmr/Aim/Fall/player_salvager_longwatch_dmr_fall_aim_p40.png using Guid(2c4c9293c8fdc1047b910ed0452a9162) (TextureImporter) -> (Import Result ID: 'cc9db584119bdd3225dcde8553e59d8e') in 0.0068252 seconds [static and dynamic dependencies]. Details - ImportResultOutputID=0cc0ffaa5549ed01aea719ea554ace7a DependenciesID=21d91c223d7625af17c91f17210623a0 StaticDependenciesID=dbd6dd37b42941c55142141507709dcf 
Asset Pipeline Refresh (id=b3872b660e573234ba7321fcdba01ff1): Total: 0.030 seconds - Initiated by StopAssetImportingV2(NoUpdateAssetOptions)
Start importing Assets/Art/Characters/Player/Sprites/Arms/Armed/longwatch_dmr/Aim/Fall/player_salvager_longwatch_dmr_fall_aim_p40.png using Guid(2c4c9293c8fdc1047b910ed0452a9162) (TextureImporter) -> (Import Result ID: 'cc9db584119bdd3225dcde8553e59d8e') in 0.0064011 seconds [static and dynamic dependencies]. Details - ImportResultOutputID=0cc0ffaa5549ed01aea719ea554ace7a DependenciesID=21d91c223d7625af17c91f17210623a0 StaticDependenciesID=dbd6dd37b42941c55142141507709dcf 
Refreshing native plugins compatible for Editor in 2.33 ms, found 4 plugins.
Asset Pipeline Refresh (id=b950c949da76c1447a21b5fa686851b8): Total: 0.029 seconds - Initiated by StopAssetImportingV2(NoUpdateAssetOptions)
Start importing Assets/Art/Characters/Player/Sprites/Arms/Armed/longwatch_dmr/Aim/Idle/player_salvager_longwatch_dmr_idle_aim_p30.png using Guid(f26c043f9923b4848821d491c8803ae3) (TextureImporter) -> (Import Result ID: 'a2a5ec6382d26cfbc9ad4f2b550150ce') in 0.0079071 seconds [static and dynamic dependencies]. Details - ImportResultOutputID=9619a4f131c31f07bfd1a2dc976337a0 DependenciesID=d4d186f0adfdba12b13bc84d8b1f5b28 StaticDependenciesID=8d31fa35b1da190e590b56dcb0bcfdb3 
Asset Pipeline Refresh (id=b24beb05e6f0a3f4f8e5ab8067be695c): Total: 0.029 seconds - Initiated by StopAssetImportingV2(NoUpdateAssetOptions)
Start importing Assets/Art/Characters/Player/Sprites/Arms/Armed/longwatch_dmr/Aim/Idle/player_salvager_longwatch_dmr_idle_aim_p30.png using Guid(f26c043f9923b4848821d491c8803ae3) (TextureImporter) -> (Import Result ID: 'a2a5ec6382d26cfbc9ad4f2b550150ce') in 0.0071946 seconds [static and dynamic dependencies]. Details - ImportResultOutputID=9619a4f131c31f07bfd1a2dc976337a0 DependenciesID=d4d186f0adfdba12b13bc84d8b1f5b28 StaticDependenciesID=8d31fa35b1da190e590b56dcb0bcfdb3 
Asset Pipeline Refresh (id=40736febd30af1e49b2aabf33ee2b869): Total: 0.032 seconds - Initiated by StopAssetImportingV2(NoUpdateAssetOptions)
Start importing Assets/Art/Characters/Player/Sprites/Arms/Armed/longwatch_dmr/Aim/Run/player_salvager_longwatch_dmr_run_aim_p30.png using Guid(8136bd79fd1ba57449016f024674c953) (TextureImporter) -> (Import Result ID: '077c34b476e84825113ad9eab757d833') in 0.0091624 seconds [static and dynamic dependencies]. Details - ImportResultOutputID=43c871f3415f8f1fee51cb39b49afe80 DependenciesID=5fb5c8ffdaa988a20d0ea058a2bf298d StaticDependenciesID=af08420f5d87d3b72ee23c89ff42f4f6 
Asset Pipeline Refresh (id=f55c34a7be402c74892d0d85c5160518): Total: 0.032 seconds - Initiated by StopAssetImportingV2(NoUpdateAssetOptions)
Start importing Assets/Art/Characters/Player/Sprites/Arms/Armed/longwatch_dmr/Aim/Run/player_salvager_longwatch_dmr_run_aim_p30.png using Guid(8136bd79fd1ba57449016f024674c953) (TextureImporter) -> (Import Result ID: '077c34b476e84825113ad9eab757d833') in 0.0153167 seconds [static and dynamic dependencies]. Details - ImportResultOutputID=43c871f3415f8f1fee51cb39b49afe80 DependenciesID=5fb5c8ffdaa988a20d0ea058a2bf298d StaticDependenciesID=af08420f5d87d3b72ee23c89ff42f4f6 
Refreshing native plugins compatible for Editor in 2.22 ms, found 4 plugins.
Asset Pipeline Refresh (id=f43046ef442b8cf46991d24b3ffac168): Total: 0.036 seconds - Initiated by StopAssetImportingV2(NoUpdateAssetOptions)
Start importing Assets/Art/Characters/Player/Sprites/Arms/Armed/longwatch_dmr/Aim/Backpedal/player_salvager_longwatch_dmr_backpedal_aim_p30.png using Guid(504902c30661f0d499b97c94b07dd995) (TextureImporter) -> (Import Result ID: 'a2241b07b20a5159cfbe78442d0abab1') in 0.0093476 seconds [static and dynamic dependencies]. Details - ImportResultOutputID=d008ede717b164a36b889150b56a6270 DependenciesID=483c0880cbc00d906831af5de4879ad1 StaticDependenciesID=de856614322d25d3c6e0b7fe09e7e760 
Refreshing native plugins compatible for Editor in 2.48 ms, found 4 plugins.
Asset Pipeline Refresh (id=327c9842d79b3434a9f6cae96fae7970): Total: 0.036 seconds - Initiated by StopAssetImportingV2(NoUpdateAssetOptions)
Start importing Assets/Art/Characters/Player/Sprites/Arms/Armed/longwatch_dmr/Aim/Backpedal/player_salvager_longwatch_dmr_backpedal_aim_p30.png using Guid(504902c30661f0d499b97c94b07dd995) (TextureImporter) -> (Import Result ID: 'a2241b07b20a5159cfbe78442d0abab1') in 0.0128446 seconds [static and dynamic dependencies]. Details - ImportResultOutputID=d008ede717b164a36b889150b56a6270 DependenciesID=483c0880cbc00d906831af5de4879ad1 StaticDependenciesID=de856614322d25d3c6e0b7fe09e7e760 
Asset Pipeline Refresh (id=256c586f42dbb2647b0d4b0f1a31c74b): Total: 0.037 seconds - Initiated by StopAssetImportingV2(NoUpdateAssetOptions)
Start importing Assets/Art/Characters/Player/Sprites/Arms/Armed/longwatch_dmr/Aim/Crouch/player_salvager_longwatch_dmr_crouch_aim_p30.png using Guid(2b6a9aea11e109040997e8f8ab7d6a59) (TextureImporter) -> (Import Result ID: 'cbb6628f154fa9757758f46e73e0927a') in 0.0106429 seconds [static and dynamic dependencies]. Details - ImportResultOutputID=a117fbdf533d9d0b0cdeca355024f9cc DependenciesID=6ef00a90ee8c1c4a63ab4d47e24ae390 StaticDependenciesID=35f59a34ea7e424f89dad1947223faeb 
Refreshing native plugins compatible for Editor in 2.76 ms, found 4 plugins.
Asset Pipeline Refresh (id=133a0686389284f4fb3ec4cc195b6e89): Total: 0.037 seconds - Initiated by StopAssetImportingV2(NoUpdateAssetOptions)
Start importing Assets/Art/Characters/Player/Sprites/Arms/Armed/longwatch_dmr/Aim/Crouch/player_salvager_longwatch_dmr_crouch_aim_p30.png using Guid(2b6a9aea11e109040997e8f8ab7d6a59) (TextureImporter) -> (Import Result ID: 'cbb6628f154fa9757758f46e73e0927a') in 0.0131597 seconds [static and dynamic dependencies]. Details - ImportResultOutputID=a117fbdf533d9d0b0cdeca355024f9cc DependenciesID=6ef00a90ee8c1c4a63ab4d47e24ae390 StaticDependenciesID=35f59a34ea7e424f89dad1947223faeb 
Asset Pipeline Refresh (id=337c5d38ee617b444a13cb372081c19f): Total: 0.045 seconds - Initiated by StopAssetImportingV2(NoUpdateAssetOptions)
Start importing Assets/Art/Characters/Player/Sprites/Arms/Armed/longwatch_dmr/Aim/Fall/player_salvager_longwatch_dmr_fall_aim_p30.png using Guid(495706ed3b502824289c9c591738a73f) (TextureImporter) -> (Import Result ID: '7dc0cbfeb51d020c1be255b5ea8410b7') in 0.0153628 seconds [static and dynamic dependencies]. Details - ImportResultOutputID=2424b910c1e0d122b5cd33b095b96781 DependenciesID=6b8d7e5d71a1e2f8f52e84c953219b22 StaticDependenciesID=9db516f40d5c375e78cefb82b3721ee7 
Refreshing native plugins compatible for Editor in 3.64 ms, found 4 plugins.
Asset Pipeline Refresh (id=3f38b32c09ee4aa4da447c534c53db23): Total: 0.045 seconds - Initiated by StopAssetImportingV2(NoUpdateAssetOptions)
Start importing Assets/Art/Characters/Player/Sprites/Arms/Armed/longwatch_dmr/Aim/Fall/player_salvager_longwatch_dmr_fall_aim_p30.png using Guid(495706ed3b502824289c9c591738a73f) (TextureImporter) -> (Import Result ID: '7dc0cbfeb51d020c1be255b5ea8410b7') in 0.0083438 seconds [static and dynamic dependencies]. Details - ImportResultOutputID=2424b910c1e0d122b5cd33b095b96781 DependenciesID=6b8d7e5d71a1e2f8f52e84c953219b22 StaticDependenciesID=9db516f40d5c375e78cefb82b3721ee7 
Refreshing native plugins compatible for Editor in 2.12 ms, found 4 plugins.
Asset Pipeline Refresh (id=76e7baf37b57e554da4a510ba0c920d1): Total: 0.045 seconds - Initiated by StopAssetImportingV2(NoUpdateAssetOptions)
Start importing Assets/Art/Characters/Player/Sprites/Arms/Armed/longwatch_dmr/Aim/Idle/player_salvager_longwatch_dmr_idle_aim_p20.png using Guid(4014206f7ad6b1342943f38cd4bce808) (TextureImporter) -> (Import Result ID: 'e506371cc1893fa32b719571397f095d') in 0.00901 seconds [static and dynamic dependencies]. Details - ImportResultOutputID=6a1ee45ec27936f6da94534dd7269ff8 DependenciesID=2c82ee29db1d3461e79ae4534a2091c3 StaticDependenciesID=860384c2f5d1dd625949d42d9c62a8ed 
Asset Pipeline Refresh (id=57628bd1cdd90e7438a3246e136bfd52): Total: 0.040 seconds - Initiated by StopAssetImportingV2(NoUpdateAssetOptions)
Start importing Assets/Art/Characters/Player/Sprites/Arms/Armed/longwatch_dmr/Aim/Idle/player_salvager_longwatch_dmr_idle_aim_p20.png using Guid(4014206f7ad6b1342943f38cd4bce808) (TextureImporter) -> (Import Result ID: 'e506371cc1893fa32b719571397f095d') in 0.0062472 seconds [static and dynamic dependencies]. Details - ImportResultOutputID=6a1ee45ec27936f6da94534dd7269ff8 DependenciesID=2c82ee29db1d3461e79ae4534a2091c3 StaticDependenciesID=860384c2f5d1dd625949d42d9c62a8ed 
Asset Pipeline Refresh (id=6e74d4370b82eec4f99ca78ca54d9550): Total: 0.030 seconds - Initiated by StopAssetImportingV2(NoUpdateAssetOptions)
Start importing Assets/Art/Characters/Player/Sprites/Arms/Armed/longwatch_dmr/Aim/Run/player_salvager_longwatch_dmr_run_aim_p20.png using Guid(311b7f582cf78ae46a3dcd5ca5ca64dc) (TextureImporter) -> (Import Result ID: '7d02ee8aba7afdb93a8f19db8264e2c1') in 0.0180935 seconds [static and dynamic dependencies]. Details - ImportResultOutputID=fa9691a529e6a099375102c045e201d0 DependenciesID=94049f61fa0e2c06d95c291cec8a132f StaticDependenciesID=44a9b39e02b127c0e5e5dc62f6ac758f 
Asset Pipeline Refresh (id=0d52b36b9eda2da40809718f9779f3af): Total: 0.044 seconds - Initiated by StopAssetImportingV2(NoUpdateAssetOptions)
Start importing Assets/Art/Characters/Player/Sprites/Arms/Armed/longwatch_dmr/Aim/Run/player_salvager_longwatch_dmr_run_aim_p20.png using Guid(311b7f582cf78ae46a3dcd5ca5ca64dc) (TextureImporter) -> (Import Result ID: '7d02ee8aba7afdb93a8f19db8264e2c1') in 0.019919 seconds [static and dynamic dependencies]. Details - ImportResultOutputID=fa9691a529e6a099375102c045e201d0 DependenciesID=94049f61fa0e2c06d95c291cec8a132f StaticDependenciesID=44a9b39e02b127c0e5e5dc62f6ac758f 
Asset Pipeline Refresh (id=33c91e295115d8647bf6cf623e94aa80): Total: 0.054 seconds - Initiated by StopAssetImportingV2(NoUpdateAssetOptions)
Start importing Assets/Art/Characters/Player/Sprites/Arms/Armed/longwatch_dmr/Aim/Backpedal/player_salvager_longwatch_dmr_backpedal_aim_p20.png using Guid(4a07e562f9bd7a64d9a24bf6b07bd329) (TextureImporter) -> (Import Result ID: '082b9bdadcc6fe256446f3120f14196d') in 0.0136128 seconds [static and dynamic dependencies]. Details - ImportResultOutputID=155ef6247cd4e4e8de48fac71ce2734e DependenciesID=1e29c8959f2e9e15467c1a11a50cb859 StaticDependenciesID=3e4a326fe7fb52d137dc9020fb9f372c 
Refreshing native plugins compatible for Editor in 2.10 ms, found 4 plugins.
Asset Pipeline Refresh (id=dc0fbeb779c5d824db0ed92290b6be07): Total: 0.050 seconds - Initiated by StopAssetImportingV2(NoUpdateAssetOptions)
Start importing Assets/Art/Characters/Player/Sprites/Arms/Armed/longwatch_dmr/Aim/Backpedal/player_salvager_longwatch_dmr_backpedal_aim_p20.png using Guid(4a07e562f9bd7a64d9a24bf6b07bd329) (TextureImporter) -> (Import Result ID: '082b9bdadcc6fe256446f3120f14196d') in 0.0270356 seconds [static and dynamic dependencies]. Details - ImportResultOutputID=155ef6247cd4e4e8de48fac71ce2734e DependenciesID=1e29c8959f2e9e15467c1a11a50cb859 StaticDependenciesID=3e4a326fe7fb52d137dc9020fb9f372c 
Refreshing native plugins compatible for Editor in 2.01 ms, found 4 plugins.
Asset Pipeline Refresh (id=639d25aa5fe962143bf32a3f1c61e2d8): Total: 0.061 seconds - Initiated by StopAssetImportingV2(NoUpdateAssetOptions)
Start importing Assets/Art/Characters/Player/Sprites/Arms/Armed/longwatch_dmr/Aim/Crouch/player_salvager_longwatch_dmr_crouch_aim_p20.png using Guid(336212a8d2a7fb84a95f8b37a6acb86b) (TextureImporter) -> (Import Result ID: '9f6a8425cf7ea8c218107a7d3372ee88') in 0.0143202 seconds [static and dynamic dependencies]. Details - ImportResultOutputID=e59fd5f0e637a92c1c87054d39673997 DependenciesID=5307418c23464b5491eb7658875a3678 StaticDependenciesID=13c7c1721a7e6fb1fcd554945ddac699 
Refreshing native plugins compatible for Editor in 2.18 ms, found 4 plugins.
Asset Pipeline Refresh (id=e8ac678e0f752784e909c4100b9d4db4): Total: 0.065 seconds - Initiated by StopAssetImportingV2(NoUpdateAssetOptions)
Start importing Assets/Art/Characters/Player/Sprites/Arms/Armed/longwatch_dmr/Aim/Crouch/player_salvager_longwatch_dmr_crouch_aim_p20.png using Guid(336212a8d2a7fb84a95f8b37a6acb86b) (TextureImporter) -> (Import Result ID: '9f6a8425cf7ea8c218107a7d3372ee88') in 0.0089129 seconds [static and dynamic dependencies]. Details - ImportResultOutputID=e59fd5f0e637a92c1c87054d39673997 DependenciesID=5307418c23464b5491eb7658875a3678 StaticDependenciesID=13c7c1721a7e6fb1fcd554945ddac699 
Asset Pipeline Refresh (id=7ea1b8be397dc8b46b45225bfd8a5578): Total: 0.034 seconds - Initiated by StopAssetImportingV2(NoUpdateAssetOptions)
Start importing Assets/Art/Characters/Player/Sprites/Arms/Armed/longwatch_dmr/Aim/Fall/player_salvager_longwatch_dmr_fall_aim_p20.png using Guid(b29f1179ed2d11e41ad1bbc077d3aa0c) (TextureImporter) -> (Import Result ID: '9888252eebc7105dd516ee0d351f2bb5') in 0.0064184 seconds [static and dynamic dependencies]. Details - ImportResultOutputID=717affc92ddca9406cb7a9329ae53f44 DependenciesID=dab3fb14336f455406b0068ca40f497a StaticDependenciesID=978d2a370f56dc1423959fc76bdcc431 
Refreshing native plugins compatible for Editor in 2.21 ms, found 4 plugins.
Asset Pipeline Refresh (id=6c2a7ad73da64e24580ca6bdf7b1fb28): Total: 0.039 seconds - Initiated by StopAssetImportingV2(NoUpdateAssetOptions)
Start importing Assets/Art/Characters/Player/Sprites/Arms/Armed/longwatch_dmr/Aim/Fall/player_salvager_longwatch_dmr_fall_aim_p20.png using Guid(b29f1179ed2d11e41ad1bbc077d3aa0c) (TextureImporter) -> (Import Result ID: '9888252eebc7105dd516ee0d351f2bb5') in 0.0064883 seconds [static and dynamic dependencies]. Details - ImportResultOutputID=717affc92ddca9406cb7a9329ae53f44 DependenciesID=dab3fb14336f455406b0068ca40f497a StaticDependenciesID=978d2a370f56dc1423959fc76bdcc431 
Refreshing native plugins compatible for Editor in 2.52 ms, found 4 plugins.
Asset Pipeline Refresh (id=a60bb11cb20241c4699a82e6abb7c88f): Total: 0.034 seconds - Initiated by StopAssetImportingV2(NoUpdateAssetOptions)
Start importing Assets/Art/Characters/Player/Sprites/Arms/Armed/longwatch_dmr/Aim/Idle/player_salvager_longwatch_dmr_idle_aim_p10.png using Guid(039fcaffa6c21b3448c1603c327914f4) (TextureImporter) -> (Import Result ID: '24e850829fe117dc9bd7f9c1fa2f327e') in 0.0079806 seconds [static and dynamic dependencies]. Details - ImportResultOutputID=ad9a82ed13e69fdd645aefcb9c97ea7b DependenciesID=951f75e2a552a0ed56585face14648ae StaticDependenciesID=3e0388d86d702a24d1641db55e09d107 
Refreshing native plugins compatible for Editor in 2.44 ms, found 4 plugins.
Asset Pipeline Refresh (id=1854cfc87da83404da3f76498e9c054c): Total: 0.042 seconds - Initiated by StopAssetImportingV2(NoUpdateAssetOptions)
Start importing Assets/Art/Characters/Player/Sprites/Arms/Armed/longwatch_dmr/Aim/Idle/player_salvager_longwatch_dmr_idle_aim_p10.png using Guid(039fcaffa6c21b3448c1603c327914f4) (TextureImporter) -> (Import Result ID: '24e850829fe117dc9bd7f9c1fa2f327e') in 0.0069574 seconds [static and dynamic dependencies]. Details - ImportResultOutputID=ad9a82ed13e69fdd645aefcb9c97ea7b DependenciesID=951f75e2a552a0ed56585face14648ae StaticDependenciesID=3e0388d86d702a24d1641db55e09d107 
Refreshing native plugins compatible for Editor in 3.44 ms, found 4 plugins.
Asset Pipeline Refresh (id=bc08884c070553144924b164ce782d77): Total: 0.038 seconds - Initiated by StopAssetImportingV2(NoUpdateAssetOptions)
Start importing Assets/Art/Characters/Player/Sprites/Arms/Armed/longwatch_dmr/Aim/Run/player_salvager_longwatch_dmr_run_aim_p10.png using Guid(40d7e28d2aa3dde4fbef39bd648e4e5b) (TextureImporter) -> (Import Result ID: '900b1e7987f87b4364e555e9cc56bf93') in 0.0108475 seconds [static and dynamic dependencies]. Details - ImportResultOutputID=1555be8e9cc4089ac1c593ba187ff6f8 DependenciesID=9a2d090a5c3d3d1499e75c3d90a1175a StaticDependenciesID=51bb3466f6294f3661e3ab54e6b4572b 
Asset Pipeline Refresh (id=9b09f956af4e97c4bad86437ce316ae9): Total: 0.034 seconds - Initiated by StopAssetImportingV2(NoUpdateAssetOptions)
Start importing Assets/Art/Characters/Player/Sprites/Arms/Armed/longwatch_dmr/Aim/Run/player_salvager_longwatch_dmr_run_aim_p10.png using Guid(40d7e28d2aa3dde4fbef39bd648e4e5b) (TextureImporter) -> (Import Result ID: '900b1e7987f87b4364e555e9cc56bf93') in 0.0095538 seconds [static and dynamic dependencies]. Details - ImportResultOutputID=1555be8e9cc4089ac1c593ba187ff6f8 DependenciesID=9a2d090a5c3d3d1499e75c3d90a1175a StaticDependenciesID=51bb3466f6294f3661e3ab54e6b4572b 
Asset Pipeline Refresh (id=146bbe1a507964447a9dcf6250c013a0): Total: 0.029 seconds - Initiated by StopAssetImportingV2(NoUpdateAssetOptions)
Start importing Assets/Art/Characters/Player/Sprites/Arms/Armed/longwatch_dmr/Aim/Backpedal/player_salvager_longwatch_dmr_backpedal_aim_p10.png using Guid(c28b8b62bd4679049a0ff4833f705a96) (TextureImporter) -> (Import Result ID: 'c176705d303dd4533e77624530c3b46d') in 0.0070909 seconds [static and dynamic dependencies]. Details - ImportResultOutputID=886c0537024f7793cd24c1aa101144c7 DependenciesID=0b45f70af92cf5811e4666af44d00b36 StaticDependenciesID=1abc6d64cd0b00676a36c7e5bdb2db3b 
Asset Pipeline Refresh (id=690758e419974c04da5036b63361b407): Total: 0.027 seconds - Initiated by StopAssetImportingV2(NoUpdateAssetOptions)
Start importing Assets/Art/Characters/Player/Sprites/Arms/Armed/longwatch_dmr/Aim/Backpedal/player_salvager_longwatch_dmr_backpedal_aim_p10.png using Guid(c28b8b62bd4679049a0ff4833f705a96) (TextureImporter) -> (Import Result ID: 'c176705d303dd4533e77624530c3b46d') in 0.0085449 seconds [static and dynamic dependencies]. Details - ImportResultOutputID=886c0537024f7793cd24c1aa101144c7 DependenciesID=0b45f70af92cf5811e4666af44d00b36 StaticDependenciesID=1abc6d64cd0b00676a36c7e5bdb2db3b 
Asset Pipeline Refresh (id=c72972cbf0b75624fad71c4a8000ee34): Total: 0.033 seconds - Initiated by StopAssetImportingV2(NoUpdateAssetOptions)
Start importing Assets/Art/Characters/Player/Sprites/Arms/Armed/longwatch_dmr/Aim/Crouch/player_salvager_longwatch_dmr_crouch_aim_p10.png using Guid(7bfc071aaa40c754c983c272bd8f8330) (TextureImporter) -> (Import Result ID: 'fd7934e2c3d1029ce729b4e1082a0874') in 0.0094834 seconds [static and dynamic dependencies]. Details - ImportResultOutputID=ce804b16d5c7c56e6650176264f24ed9 DependenciesID=da92e11fa902aac7b9742a51476068a6 StaticDependenciesID=5540fefdb51cebcb0f1cf98dd58f1fdb 
Asset Pipeline Refresh (id=8eaa0c7c1b8f6454aa0a9a659ae0b94b): Total: 0.034 seconds - Initiated by StopAssetImportingV2(NoUpdateAssetOptions)
Start importing Assets/Art/Characters/Player/Sprites/Arms/Armed/longwatch_dmr/Aim/Crouch/player_salvager_longwatch_dmr_crouch_aim_p10.png using Guid(7bfc071aaa40c754c983c272bd8f8330) (TextureImporter) -> (Import Result ID: 'fd7934e2c3d1029ce729b4e1082a0874') in 0.0096614 seconds [static and dynamic dependencies]. Details - ImportResultOutputID=ce804b16d5c7c56e6650176264f24ed9 DependenciesID=da92e11fa902aac7b9742a51476068a6 StaticDependenciesID=5540fefdb51cebcb0f1cf98dd58f1fdb 
Refreshing native plugins compatible for Editor in 2.47 ms, found 4 plugins.
Asset Pipeline Refresh (id=0831dd8d3a795ca4ea4a0cac0215a111): Total: 0.033 seconds - Initiated by StopAssetImportingV2(NoUpdateAssetOptions)
Start importing Assets/Art/Characters/Player/Sprites/Arms/Armed/longwatch_dmr/Aim/Fall/player_salvager_longwatch_dmr_fall_aim_p10.png using Guid(ccaff0714c0207449b503e439eeb1061) (TextureImporter) -> (Import Result ID: '9df046f5c722c5adb3d31eb89aa41a1a') in 0.0057989 seconds [static and dynamic dependencies]. Details - ImportResultOutputID=67ae55ca99f7bf1f661975d761f0868a DependenciesID=67a01b1a387af356c16ebc81a51c2133 StaticDependenciesID=3e8cf626be34f36422957c3ce1ddbc20 
Asset Pipeline Refresh (id=2e6d5bba713c83445b5ff010066039df): Total: 0.033 seconds - Initiated by StopAssetImportingV2(NoUpdateAssetOptions)
Start importing Assets/Art/Characters/Player/Sprites/Arms/Armed/longwatch_dmr/Aim/Fall/player_salvager_longwatch_dmr_fall_aim_p10.png using Guid(ccaff0714c0207449b503e439eeb1061) (TextureImporter) -> (Import Result ID: '9df046f5c722c5adb3d31eb89aa41a1a') in 0.0060023 seconds [static and dynamic dependencies]. Details - ImportResultOutputID=67ae55ca99f7bf1f661975d761f0868a DependenciesID=67a01b1a387af356c16ebc81a51c2133 StaticDependenciesID=3e8cf626be34f36422957c3ce1ddbc20 
Asset Pipeline Refresh (id=5c1f894ddcea73d45aa707a1f272b625): Total: 0.031 seconds - Initiated by StopAssetImportingV2(NoUpdateAssetOptions)
Start importing Assets/Art/Characters/Player/Sprites/Arms/Armed/longwatch_dmr/Aim/Idle/player_salvager_longwatch_dmr_idle_aim_0.png using Guid(68036bf5b020b664f9acf8a9bc1d3972) (TextureImporter) -> (Import Result ID: 'cbd5d766e0efd2d9a664f6016b65d969') in 0.0064214 seconds [static and dynamic dependencies]. Details - ImportResultOutputID=1dff4ff64bc8a68e47acd7942bec4cae DependenciesID=2ecc3ccc6ccbd2ec32e4058a2ab062d4 StaticDependenciesID=44cf822285880baaee78f0f2fa78b917 
Asset Pipeline Refresh (id=1929f0878e403e24db3009571ec39090): Total: 0.032 seconds - Initiated by StopAssetImportingV2(NoUpdateAssetOptions)
Start importing Assets/Art/Characters/Player/Sprites/Arms/Armed/longwatch_dmr/Aim/Idle/player_salvager_longwatch_dmr_idle_aim_0.png using Guid(68036bf5b020b664f9acf8a9bc1d3972) (TextureImporter) -> (Import Result ID: 'cbd5d766e0efd2d9a664f6016b65d969') in 0.0128215 seconds [static and dynamic dependencies]. Details - ImportResultOutputID=1dff4ff64bc8a68e47acd7942bec4cae DependenciesID=2ecc3ccc6ccbd2ec32e4058a2ab062d4 StaticDependenciesID=44cf822285880baaee78f0f2fa78b917 
Refreshing native plugins compatible for Editor in 2.10 ms, found 4 plugins.
Asset Pipeline Refresh (id=43bb6f7624f23ad44b65e43f28a8b20b): Total: 0.039 seconds - Initiated by StopAssetImportingV2(NoUpdateAssetOptions)
Start importing Assets/Art/Characters/Player/Sprites/Arms/Armed/longwatch_dmr/Aim/Run/player_salvager_longwatch_dmr_run_aim_0.png using Guid(2363db9d9659b4f4d91572c03a4d1100) (TextureImporter) -> (Import Result ID: 'bda9b764f2de9aced838f273a6c33da9') in 0.0114649 seconds [static and dynamic dependencies]. Details - ImportResultOutputID=4009442847146c60749666b8b0615af9 DependenciesID=58068ab3e717391f2f191a38c2fb6679 StaticDependenciesID=ecfa68923e4dc69f52c9b3e39d2a5f7d 
Asset Pipeline Refresh (id=aaab6dd96f279b64c9cf56331193a0db): Total: 0.037 seconds - Initiated by StopAssetImportingV2(NoUpdateAssetOptions)
Start importing Assets/Art/Characters/Player/Sprites/Arms/Armed/longwatch_dmr/Aim/Run/player_salvager_longwatch_dmr_run_aim_0.png using Guid(2363db9d9659b4f4d91572c03a4d1100) (TextureImporter) -> (Import Result ID: 'bda9b764f2de9aced838f273a6c33da9') in 0.0120074 seconds [static and dynamic dependencies]. Details - ImportResultOutputID=4009442847146c60749666b8b0615af9 DependenciesID=58068ab3e717391f2f191a38c2fb6679 StaticDependenciesID=ecfa68923e4dc69f52c9b3e39d2a5f7d 
Refreshing native plugins compatible for Editor in 2.06 ms, found 4 plugins.
Asset Pipeline Refresh (id=df10e6ef9784fcf41a34ec0109d1f6c5): Total: 0.039 seconds - Initiated by StopAssetImportingV2(NoUpdateAssetOptions)
Start importing Assets/Art/Characters/Player/Sprites/Arms/Armed/longwatch_dmr/Aim/Backpedal/player_salvager_longwatch_dmr_backpedal_aim_0.png using Guid(b2069027355b7d64bb33344fac437813) (TextureImporter) -> (Import Result ID: '64179bc385912ce0bccded759469def4') in 0.0106731 seconds [static and dynamic dependencies]. Details - ImportResultOutputID=779491c3f6bdeeedcc557b572361ba3e DependenciesID=0242066aa12c64592f6df6fef5c7cc65 StaticDependenciesID=c1e57950f3a2ea7cf68654cd05aa73c6 
Asset Pipeline Refresh (id=0b60aba95c5886442815e1a1e51c1e2a): Total: 0.038 seconds - Initiated by StopAssetImportingV2(NoUpdateAssetOptions)
Start importing Assets/Art/Characters/Player/Sprites/Arms/Armed/longwatch_dmr/Aim/Backpedal/player_salvager_longwatch_dmr_backpedal_aim_0.png using Guid(b2069027355b7d64bb33344fac437813) (TextureImporter) -> (Import Result ID: '64179bc385912ce0bccded759469def4') in 0.0062213 seconds [static and dynamic dependencies]. Details - ImportResultOutputID=779491c3f6bdeeedcc557b572361ba3e DependenciesID=0242066aa12c64592f6df6fef5c7cc65 StaticDependenciesID=c1e57950f3a2ea7cf68654cd05aa73c6 
Asset Pipeline Refresh (id=5c34e154ebe58f449a1f0d1f21c7a6db): Total: 0.025 seconds - Initiated by StopAssetImportingV2(NoUpdateAssetOptions)
Start importing Assets/Art/Characters/Player/Sprites/Arms/Armed/longwatch_dmr/Aim/Crouch/player_salvager_longwatch_dmr_crouch_aim_0.png using Guid(49a98054a4541a5438cea524ff32f79c) (TextureImporter) -> (Import Result ID: '7941801ac07650d248c02ae4fd9f31d2') in 0.008606 seconds [static and dynamic dependencies]. Details - ImportResultOutputID=fa442f7dd896b4a46c88475e6da69629 DependenciesID=ec339c0b90f3faa6e78dca90fa6836c4 StaticDependenciesID=cc4c094e7218512aca99b3512c187954 
Refreshing native plugins compatible for Editor in 3.13 ms, found 4 plugins.
Asset Pipeline Refresh (id=2e9ec52b799976644b1b9bb3d2cd92a4): Total: 0.037 seconds - Initiated by StopAssetImportingV2(NoUpdateAssetOptions)
Start importing Assets/Art/Characters/Player/Sprites/Arms/Armed/longwatch_dmr/Aim/Crouch/player_salvager_longwatch_dmr_crouch_aim_0.png using Guid(49a98054a4541a5438cea524ff32f79c) (TextureImporter) -> (Import Result ID: '7941801ac07650d248c02ae4fd9f31d2') in 0.010012 seconds [static and dynamic dependencies]. Details - ImportResultOutputID=fa442f7dd896b4a46c88475e6da69629 DependenciesID=ec339c0b90f3faa6e78dca90fa6836c4 StaticDependenciesID=cc4c094e7218512aca99b3512c187954 
Refreshing native plugins compatible for Editor in 3.39 ms, found 4 plugins.
Asset Pipeline Refresh (id=af8b7d8c4eb055f42ba969eda5f9dc8b): Total: 0.038 seconds - Initiated by StopAssetImportingV2(NoUpdateAssetOptions)
Start importing Assets/Art/Characters/Player/Sprites/Arms/Armed/longwatch_dmr/Aim/Fall/player_salvager_longwatch_dmr_fall_aim_0.png using Guid(34869d951aa10a948ba2dcfa481fcf86) (TextureImporter) -> (Import Result ID: '7331aad24eed071b510aa2dd006c1bde') in 0.0086131 seconds [static and dynamic dependencies]. Details - ImportResultOutputID=64a9c00a5cb9dc438b02229be7ba1644 DependenciesID=247b52184991e679d39e29cf6bd7e3fc StaticDependenciesID=98f5107ab5f13e730267528b0b52a647 
Refreshing native plugins compatible for Editor in 2.95 ms, found 4 plugins.
Asset Pipeline Refresh (id=97ce245e6dac1fc44abae8d213e41de9): Total: 0.036 seconds - Initiated by StopAssetImportingV2(NoUpdateAssetOptions)
Start importing Assets/Art/Characters/Player/Sprites/Arms/Armed/longwatch_dmr/Aim/Fall/player_salvager_longwatch_dmr_fall_aim_0.png using Guid(34869d951aa10a948ba2dcfa481fcf86) (TextureImporter) -> (Import Result ID: '7331aad24eed071b510aa2dd006c1bde') in 0.006766 seconds [static and dynamic dependencies]. Details - ImportResultOutputID=64a9c00a5cb9dc438b02229be7ba1644 DependenciesID=247b52184991e679d39e29cf6bd7e3fc StaticDependenciesID=98f5107ab5f13e730267528b0b52a647 
Asset Pipeline Refresh (id=d40e1b0cf50d90c4793557d20ad8551c): Total: 0.040 seconds - Initiated by StopAssetImportingV2(NoUpdateAssetOptions)
Start importing Assets/Art/Characters/Player/Sprites/Arms/Armed/longwatch_dmr/Aim/Idle/player_salvager_longwatch_dmr_idle_aim_m10.png using Guid(e52d88fec81bef54aae153ba30e201dc) (TextureImporter) -> (Import Result ID: '05c267bb27da3667df8e625b4e10491f') in 0.0110599 seconds [static and dynamic dependencies]. Details - ImportResultOutputID=de62a4b0323e6bc64cd459a1cef510cc DependenciesID=5a7334edd20b7ca0c0fb1cd7e1888429 StaticDependenciesID=9cf3d8035dd46098fd424c3afe215271 
Refreshing native plugins compatible for Editor in 2.37 ms, found 4 plugins.
Asset Pipeline Refresh (id=263724e6761240243910e5c5d2338f52): Total: 0.038 seconds - Initiated by StopAssetImportingV2(NoUpdateAssetOptions)
Start importing Assets/Art/Characters/Player/Sprites/Arms/Armed/longwatch_dmr/Aim/Idle/player_salvager_longwatch_dmr_idle_aim_m10.png using Guid(e52d88fec81bef54aae153ba30e201dc) (TextureImporter) -> (Import Result ID: '05c267bb27da3667df8e625b4e10491f') in 0.0087601 seconds [static and dynamic dependencies]. Details - ImportResultOutputID=de62a4b0323e6bc64cd459a1cef510cc DependenciesID=5a7334edd20b7ca0c0fb1cd7e1888429 StaticDependenciesID=9cf3d8035dd46098fd424c3afe215271 
Asset Pipeline Refresh (id=4a9cdee615a64d54bae40d4cdf87ff05): Total: 0.034 seconds - Initiated by StopAssetImportingV2(NoUpdateAssetOptions)
Start importing Assets/Art/Characters/Player/Sprites/Arms/Armed/longwatch_dmr/Aim/Run/player_salvager_longwatch_dmr_run_aim_m10.png using Guid(020281fec8e4336488642de4859d926f) (TextureImporter) -> (Import Result ID: 'ec49ec3abfc5ecb9e59bc55b2cdd5113') in 0.0085956 seconds [static and dynamic dependencies]. Details - ImportResultOutputID=8904083e76320116e6c21e7fd876352c DependenciesID=d5fa3b660db61c654e5e286260010a7a StaticDependenciesID=55cb068ce922bee2e592bd9418489387 
Refreshing native plugins compatible for Editor in 3.13 ms, found 4 plugins.
Asset Pipeline Refresh (id=b0e538707aa2ebe489d4834fe5a7a0ee): Total: 0.034 seconds - Initiated by StopAssetImportingV2(NoUpdateAssetOptions)
Start importing Assets/Art/Characters/Player/Sprites/Arms/Armed/longwatch_dmr/Aim/Run/player_salvager_longwatch_dmr_run_aim_m10.png using Guid(020281fec8e4336488642de4859d926f) (TextureImporter) -> (Import Result ID: 'ec49ec3abfc5ecb9e59bc55b2cdd5113') in 0.010334 seconds [static and dynamic dependencies]. Details - ImportResultOutputID=8904083e76320116e6c21e7fd876352c DependenciesID=d5fa3b660db61c654e5e286260010a7a StaticDependenciesID=55cb068ce922bee2e592bd9418489387 
Refreshing native plugins compatible for Editor in 3.98 ms, found 4 plugins.
Asset Pipeline Refresh (id=b499f9e8ffc52f8429832cb2672653fa): Total: 0.042 seconds - Initiated by StopAssetImportingV2(NoUpdateAssetOptions)
Start importing Assets/Art/Characters/Player/Sprites/Arms/Armed/longwatch_dmr/Aim/Backpedal/player_salvager_longwatch_dmr_backpedal_aim_m10.png using Guid(d2628bfc451fa7449beddf35d3b178a7) (TextureImporter) -> (Import Result ID: '95db847021844b21134cb5102601f9ef') in 0.0083166 seconds [static and dynamic dependencies]. Details - ImportResultOutputID=ceabc24045095b5eed74c65ece70ca46 DependenciesID=8a074ec2f6fd6c229c1269035199b0af StaticDependenciesID=3602bb00bb56cad42d15b785cf72f823 
Asset Pipeline Refresh (id=51d755f71a2c02741be5a0c0d4abcc65): Total: 0.035 seconds - Initiated by StopAssetImportingV2(NoUpdateAssetOptions)
Start importing Assets/Art/Characters/Player/Sprites/Arms/Armed/longwatch_dmr/Aim/Backpedal/player_salvager_longwatch_dmr_backpedal_aim_m10.png using Guid(d2628bfc451fa7449beddf35d3b178a7) (TextureImporter) -> (Import Result ID: '95db847021844b21134cb5102601f9ef') in 0.0098376 seconds [static and dynamic dependencies]. Details - ImportResultOutputID=ceabc24045095b5eed74c65ece70ca46 DependenciesID=8a074ec2f6fd6c229c1269035199b0af StaticDependenciesID=3602bb00bb56cad42d15b785cf72f823 
Refreshing native plugins compatible for Editor in 2.56 ms, found 4 plugins.
Asset Pipeline Refresh (id=2edfdae1ad9cbc7428d8748a0b8ab586): Total: 0.033 seconds - Initiated by StopAssetImportingV2(NoUpdateAssetOptions)
Start importing Assets/Art/Characters/Player/Sprites/Arms/Armed/longwatch_dmr/Aim/Crouch/player_salvager_longwatch_dmr_crouch_aim_m10.png using Guid(7f945cb5189352e48a1ad6d2bac65cc7) (TextureImporter) -> (Import Result ID: 'd6a8c517ba3bd15ba1152eac12a2599d') in 0.0091692 seconds [static and dynamic dependencies]. Details - ImportResultOutputID=4f235e3162e1742a5d1761b95d44ebdf DependenciesID=fa6909b00d9ad4a47af8abca21958ad8 StaticDependenciesID=d4cc3ae2dfe5d179cbc252a57c01207e 
Asset Pipeline Refresh (id=e8a446ef31475714dafaf32ba3a23c58): Total: 0.031 seconds - Initiated by StopAssetImportingV2(NoUpdateAssetOptions)
Start importing Assets/Art/Characters/Player/Sprites/Arms/Armed/longwatch_dmr/Aim/Crouch/player_salvager_longwatch_dmr_crouch_aim_m10.png using Guid(7f945cb5189352e48a1ad6d2bac65cc7) (TextureImporter) -> (Import Result ID: 'd6a8c517ba3bd15ba1152eac12a2599d') in 0.0075992 seconds [static and dynamic dependencies]. Details - ImportResultOutputID=4f235e3162e1742a5d1761b95d44ebdf DependenciesID=fa6909b00d9ad4a47af8abca21958ad8 StaticDependenciesID=d4cc3ae2dfe5d179cbc252a57c01207e 
Asset Pipeline Refresh (id=cddbd610d6def4d459719dba0ee6862f): Total: 0.027 seconds - Initiated by StopAssetImportingV2(NoUpdateAssetOptions)
Start importing Assets/Art/Characters/Player/Sprites/Arms/Armed/longwatch_dmr/Aim/Fall/player_salvager_longwatch_dmr_fall_aim_m10.png using Guid(fc5362f51f46a624b9e56065d72c4253) (TextureImporter) -> (Import Result ID: '74d283a4ab11ed3c96fcbcb25a4c44d3') in 0.0048564 seconds [static and dynamic dependencies]. Details - ImportResultOutputID=95b1276638e4657df62cacc83c356ef8 DependenciesID=6ac4de3e857ad951950596ee0cd1e424 StaticDependenciesID=bdc8aae089ed1116af112667224bd63f 
Asset Pipeline Refresh (id=2ed32efb12b790747a598e7e8edbe525): Total: 0.026 seconds - Initiated by StopAssetImportingV2(NoUpdateAssetOptions)
Start importing Assets/Art/Characters/Player/Sprites/Arms/Armed/longwatch_dmr/Aim/Fall/player_salvager_longwatch_dmr_fall_aim_m10.png using Guid(fc5362f51f46a624b9e56065d72c4253) (TextureImporter) -> (Import Result ID: '74d283a4ab11ed3c96fcbcb25a4c44d3') in 0.0067072 seconds [static and dynamic dependencies]. Details - ImportResultOutputID=95b1276638e4657df62cacc83c356ef8 DependenciesID=6ac4de3e857ad951950596ee0cd1e424 StaticDependenciesID=bdc8aae089ed1116af112667224bd63f 
Refreshing native plugins compatible for Editor in 2.54 ms, found 4 plugins.
Asset Pipeline Refresh (id=4f15085f7e873e349b087edbb49a017c): Total: 0.031 seconds - Initiated by StopAssetImportingV2(NoUpdateAssetOptions)
Start importing Assets/Art/Characters/Player/Sprites/Arms/Armed/longwatch_dmr/Aim/Idle/player_salvager_longwatch_dmr_idle_aim_m20.png using Guid(a097d1e9a9c5fab459b296581ff94ae9) (TextureImporter) -> (Import Result ID: '7114049c1b5f75347d9a149060b12733') in 0.0065721 seconds [static and dynamic dependencies]. Details - ImportResultOutputID=20741f9cb93c6bf62fdee95734915837 DependenciesID=0990e4fb07cb3563d9a35ae671087443 StaticDependenciesID=2b1235967e7a12b4fde76e8eae91581c 
Asset Pipeline Refresh (id=57f847b7e0da753448ebe0b0233546a0): Total: 0.027 seconds - Initiated by StopAssetImportingV2(NoUpdateAssetOptions)
Start importing Assets/Art/Characters/Player/Sprites/Arms/Armed/longwatch_dmr/Aim/Idle/player_salvager_longwatch_dmr_idle_aim_m20.png using Guid(a097d1e9a9c5fab459b296581ff94ae9) (TextureImporter) -> (Import Result ID: '7114049c1b5f75347d9a149060b12733') in 0.0076733 seconds [static and dynamic dependencies]. Details - ImportResultOutputID=20741f9cb93c6bf62fdee95734915837 DependenciesID=0990e4fb07cb3563d9a35ae671087443 StaticDependenciesID=2b1235967e7a12b4fde76e8eae91581c 
Asset Pipeline Refresh (id=4e2e911daf0cbc24d95e601fec322242): Total: 0.028 seconds - Initiated by StopAssetImportingV2(NoUpdateAssetOptions)
Start importing Assets/Art/Characters/Player/Sprites/Arms/Armed/longwatch_dmr/Aim/Run/player_salvager_longwatch_dmr_run_aim_m20.png using Guid(f2bb5ac8e713fb34cb335b5b46744d01) (TextureImporter) -> (Import Result ID: '7c810726682334eaaa23c911f51ae883') in 0.0106271 seconds [static and dynamic dependencies]. Details - ImportResultOutputID=6c43a8a71af09ffe1df6d23278b51522 DependenciesID=00053623d37f96cb6fdbc84463f75ad6 StaticDependenciesID=a17d9cc136243d16a0d285f52cea9b11 
Asset Pipeline Refresh (id=4ed5d75512a2bed4399e57abd70a8eb0): Total: 0.033 seconds - Initiated by StopAssetImportingV2(NoUpdateAssetOptions)
Start importing Assets/Art/Characters/Player/Sprites/Arms/Armed/longwatch_dmr/Aim/Run/player_salvager_longwatch_dmr_run_aim_m20.png using Guid(f2bb5ac8e713fb34cb335b5b46744d01) (TextureImporter) -> (Import Result ID: '7c810726682334eaaa23c911f51ae883') in 0.0107613 seconds [static and dynamic dependencies]. Details - ImportResultOutputID=6c43a8a71af09ffe1df6d23278b51522 DependenciesID=00053623d37f96cb6fdbc84463f75ad6 StaticDependenciesID=a17d9cc136243d16a0d285f52cea9b11 
Refreshing native plugins compatible for Editor in 2.26 ms, found 4 plugins.
Asset Pipeline Refresh (id=7f6fc07a998b0194abc0d1d5a0bc1c1c): Total: 0.038 seconds - Initiated by StopAssetImportingV2(NoUpdateAssetOptions)
Start importing Assets/Art/Characters/Player/Sprites/Arms/Armed/longwatch_dmr/Aim/Backpedal/player_salvager_longwatch_dmr_backpedal_aim_m20.png using Guid(5481daad40b11614388215afe7a87a86) (TextureImporter) -> (Import Result ID: 'a32ee5b4287a31aad2a6b54e44645902') in 0.0115234 seconds [static and dynamic dependencies]. Details - ImportResultOutputID=d4427e6652a6e429743f04f297f9064a DependenciesID=6da27a01fd808700cb71248081a95320 StaticDependenciesID=cde0d1c85efae528cfa370ed44dd946d 
Asset Pipeline Refresh (id=fe5fb58b7de56df4097a604903157b67): Total: 0.036 seconds - Initiated by StopAssetImportingV2(NoUpdateAssetOptions)
Start importing Assets/Art/Characters/Player/Sprites/Arms/Armed/longwatch_dmr/Aim/Backpedal/player_salvager_longwatch_dmr_backpedal_aim_m20.png using Guid(5481daad40b11614388215afe7a87a86) (TextureImporter) -> (Import Result ID: 'a32ee5b4287a31aad2a6b54e44645902') in 0.0078932 seconds [static and dynamic dependencies]. Details - ImportResultOutputID=d4427e6652a6e429743f04f297f9064a DependenciesID=6da27a01fd808700cb71248081a95320 StaticDependenciesID=cde0d1c85efae528cfa370ed44dd946d 
Refreshing native plugins compatible for Editor in 2.02 ms, found 4 plugins.
Asset Pipeline Refresh (id=fe540dd2f150e6e48a33972ee458d6d9): Total: 0.036 seconds - Initiated by StopAssetImportingV2(NoUpdateAssetOptions)
Start importing Assets/Art/Characters/Player/Sprites/Arms/Armed/longwatch_dmr/Aim/Crouch/player_salvager_longwatch_dmr_crouch_aim_m20.png using Guid(970fa5e74e1a2c040b9b924e4491a2d2) (TextureImporter) -> (Import Result ID: '6ee041adda755b3adbd188c854a184ca') in 0.0115736 seconds [static and dynamic dependencies]. Details - ImportResultOutputID=0592fe3e973f6eb70ecbb25c6978925f DependenciesID=29a7d974982e42c0eae4a395379ecc47 StaticDependenciesID=8f904e2c0773d749fac4b21945727940 
Refreshing native plugins compatible for Editor in 5.24 ms, found 4 plugins.
Asset Pipeline Refresh (id=fc12c87c1ac5aba4ba94de7214fbea9d): Total: 0.040 seconds - Initiated by StopAssetImportingV2(NoUpdateAssetOptions)
Start importing Assets/Art/Characters/Player/Sprites/Arms/Armed/longwatch_dmr/Aim/Crouch/player_salvager_longwatch_dmr_crouch_aim_m20.png using Guid(970fa5e74e1a2c040b9b924e4491a2d2) (TextureImporter) -> (Import Result ID: '6ee041adda755b3adbd188c854a184ca') in 0.0143573 seconds [static and dynamic dependencies]. Details - ImportResultOutputID=0592fe3e973f6eb70ecbb25c6978925f DependenciesID=29a7d974982e42c0eae4a395379ecc47 StaticDependenciesID=8f904e2c0773d749fac4b21945727940 
Refreshing native plugins compatible for Editor in 2.92 ms, found 4 plugins.
Asset Pipeline Refresh (id=506a11f6355f69a4e93cad6c1b9bed18): Total: 0.044 seconds - Initiated by StopAssetImportingV2(NoUpdateAssetOptions)
Start importing Assets/Art/Characters/Player/Sprites/Arms/Armed/longwatch_dmr/Aim/Fall/player_salvager_longwatch_dmr_fall_aim_m20.png using Guid(2ff6dec27a74db24fb641fd2c65e5b90) (TextureImporter) -> (Import Result ID: '9c8c1aa1885ccc5f4cb88f46831bfb46') in 0.0088315 seconds [static and dynamic dependencies]. Details - ImportResultOutputID=a70ab46dee03b52189ba347e3b812d30 DependenciesID=be00540f691168e0c542f8007ef5e723 StaticDependenciesID=8879ac0493cb6a6f84d44626105d4f84 
Asset Pipeline Refresh (id=2f2c5e15e6ed5ac488aba5fc4b2727e5): Total: 0.036 seconds - Initiated by StopAssetImportingV2(NoUpdateAssetOptions)
Start importing Assets/Art/Characters/Player/Sprites/Arms/Armed/longwatch_dmr/Aim/Fall/player_salvager_longwatch_dmr_fall_aim_m20.png using Guid(2ff6dec27a74db24fb641fd2c65e5b90) (TextureImporter) -> (Import Result ID: '9c8c1aa1885ccc5f4cb88f46831bfb46') in 0.0074547 seconds [static and dynamic dependencies]. Details - ImportResultOutputID=a70ab46dee03b52189ba347e3b812d30 DependenciesID=be00540f691168e0c542f8007ef5e723 StaticDependenciesID=8879ac0493cb6a6f84d44626105d4f84 
Asset Pipeline Refresh (id=1bc2bf95a5fbe5e4da6151ba97cc235f): Total: 0.030 seconds - Initiated by StopAssetImportingV2(NoUpdateAssetOptions)
Start importing Assets/Art/Characters/Player/Sprites/Arms/Armed/longwatch_dmr/Aim/Idle/player_salvager_longwatch_dmr_idle_aim_m30.png using Guid(68abf24f4af42264f88939c02888de78) (TextureImporter) -> (Import Result ID: 'd8fa460227db2e53fa379156d6ffed07') in 0.0074981 seconds [static and dynamic dependencies]. Details - ImportResultOutputID=2288e1063e1be20202a3c05dfc44a6e8 DependenciesID=ce75cf7c7008fc5b7e5d77b213102b8d StaticDependenciesID=ed4209a28425ceb7c5160e7294250f9c 
Asset Pipeline Refresh (id=23b29209f63194643bb4f7051849c3e3): Total: 0.035 seconds - Initiated by StopAssetImportingV2(NoUpdateAssetOptions)
Start importing Assets/Art/Characters/Player/Sprites/Arms/Armed/longwatch_dmr/Aim/Idle/player_salvager_longwatch_dmr_idle_aim_m30.png using Guid(68abf24f4af42264f88939c02888de78) (TextureImporter) -> (Import Result ID: 'd8fa460227db2e53fa379156d6ffed07') in 0.006398 seconds [static and dynamic dependencies]. Details - ImportResultOutputID=2288e1063e1be20202a3c05dfc44a6e8 DependenciesID=ce75cf7c7008fc5b7e5d77b213102b8d StaticDependenciesID=ed4209a28425ceb7c5160e7294250f9c 
Asset Pipeline Refresh (id=ec55428496c4ac943b8fd8b0eb7adec3): Total: 0.033 seconds - Initiated by StopAssetImportingV2(NoUpdateAssetOptions)
Start importing Assets/Art/Characters/Player/Sprites/Arms/Armed/longwatch_dmr/Aim/Run/player_salvager_longwatch_dmr_run_aim_m30.png using Guid(005da624d98dff1468a1b92e67c4a83c) (TextureImporter) -> (Import Result ID: '8df95f52e8fed3ae0e253ba905a1edea') in 0.0094076 seconds [static and dynamic dependencies]. Details - ImportResultOutputID=daa4388d517d207977bdd150852d9c50 DependenciesID=a0eb6eed8e416df3868165bb90eb24bb StaticDependenciesID=eaf60c5ee35941595a41bd6c058fd386 
Asset Pipeline Refresh (id=a1e47bc510da7dd4f90c701f33c893e8): Total: 0.032 seconds - Initiated by StopAssetImportingV2(NoUpdateAssetOptions)
Start importing Assets/Art/Characters/Player/Sprites/Arms/Armed/longwatch_dmr/Aim/Run/player_salvager_longwatch_dmr_run_aim_m30.png using Guid(005da624d98dff1468a1b92e67c4a83c) (TextureImporter) -> (Import Result ID: '8df95f52e8fed3ae0e253ba905a1edea') in 0.0085522 seconds [static and dynamic dependencies]. Details - ImportResultOutputID=daa4388d517d207977bdd150852d9c50 DependenciesID=a0eb6eed8e416df3868165bb90eb24bb StaticDependenciesID=eaf60c5ee35941595a41bd6c058fd386 
Asset Pipeline Refresh (id=e49a097c6e5d9f049a5bf7695b472fc8): Total: 0.027 seconds - Initiated by StopAssetImportingV2(NoUpdateAssetOptions)
Start importing Assets/Art/Characters/Player/Sprites/Arms/Armed/longwatch_dmr/Aim/Backpedal/player_salvager_longwatch_dmr_backpedal_aim_m30.png using Guid(161e6bb046af4d14dac162315c206beb) (TextureImporter) -> (Import Result ID: '688ab261a845bf4cd72fc47cf4f30833') in 0.0131426 seconds [static and dynamic dependencies]. Details - ImportResultOutputID=b9df4e71b1d716f48e7645bfa34e299b DependenciesID=5e918c90e5f3dea1397885904ebc84b5 StaticDependenciesID=aab4ef9bdc9a5db6ef7a0e34156c8364 
Refreshing native plugins compatible for Editor in 4.80 ms, found 4 plugins.
Asset Pipeline Refresh (id=793e8197d61bb8a4dacfbb58f59da164): Total: 0.050 seconds - Initiated by StopAssetImportingV2(NoUpdateAssetOptions)
Start importing Assets/Art/Characters/Player/Sprites/Arms/Armed/longwatch_dmr/Aim/Backpedal/player_salvager_longwatch_dmr_backpedal_aim_m30.png using Guid(161e6bb046af4d14dac162315c206beb) (TextureImporter) -> (Import Result ID: '688ab261a845bf4cd72fc47cf4f30833') in 0.0110148 seconds [static and dynamic dependencies]. Details - ImportResultOutputID=b9df4e71b1d716f48e7645bfa34e299b DependenciesID=5e918c90e5f3dea1397885904ebc84b5 StaticDependenciesID=aab4ef9bdc9a5db6ef7a0e34156c8364 
Asset Pipeline Refresh (id=43f78964935ff3d4dbdd439670ea064a): Total: 0.043 seconds - Initiated by StopAssetImportingV2(NoUpdateAssetOptions)
Start importing Assets/Art/Characters/Player/Sprites/Arms/Armed/longwatch_dmr/Aim/Crouch/player_salvager_longwatch_dmr_crouch_aim_m30.png using Guid(635adb52153346944b62cdd5d81b7482) (TextureImporter) -> (Import Result ID: 'c6e9bdeaa6b1a7df42efbc9dc71084d5') in 0.0124236 seconds [static and dynamic dependencies]. Details - ImportResultOutputID=4c19550e19675951a168d52474286c84 DependenciesID=f55a6e4c607964e22f6f5d3e3440a32a StaticDependenciesID=4a2d21f0e150b8a8ac40de10760544ae 
Asset Pipeline Refresh (id=b31fa9a7e72273f44a55eea97f0229dc): Total: 0.037 seconds - Initiated by StopAssetImportingV2(NoUpdateAssetOptions)
Start importing Assets/Art/Characters/Player/Sprites/Arms/Armed/longwatch_dmr/Aim/Crouch/player_salvager_longwatch_dmr_crouch_aim_m30.png using Guid(635adb52153346944b62cdd5d81b7482) (TextureImporter) -> (Import Result ID: 'c6e9bdeaa6b1a7df42efbc9dc71084d5') in 0.0101082 seconds [static and dynamic dependencies]. Details - ImportResultOutputID=4c19550e19675951a168d52474286c84 DependenciesID=f55a6e4c607964e22f6f5d3e3440a32a StaticDependenciesID=4a2d21f0e150b8a8ac40de10760544ae 
Asset Pipeline Refresh (id=65c88c06aebf25b4db13b1a8ced0b87a): Total: 0.041 seconds - Initiated by StopAssetImportingV2(NoUpdateAssetOptions)
Start importing Assets/Art/Characters/Player/Sprites/Arms/Armed/longwatch_dmr/Aim/Fall/player_salvager_longwatch_dmr_fall_aim_m30.png using Guid(ff1f0b719d87ed84e870e7562f58534a) (TextureImporter) -> (Import Result ID: '1f6f8632ccdfbb368cd06f4df289ed4a') in 0.0083282 seconds [static and dynamic dependencies]. Details - ImportResultOutputID=7dff2b44376b4bbcacf8d613485a3943 DependenciesID=533d5a29230e50248c31de25227462a2 StaticDependenciesID=772b725325c34a37332a5c81677ed49c 
Asset Pipeline Refresh (id=b9fb239e58f86dd44afc4397c439e35c): Total: 0.034 seconds - Initiated by StopAssetImportingV2(NoUpdateAssetOptions)
Start importing Assets/Art/Characters/Player/Sprites/Arms/Armed/longwatch_dmr/Aim/Fall/player_salvager_longwatch_dmr_fall_aim_m30.png using Guid(ff1f0b719d87ed84e870e7562f58534a) (TextureImporter) -> (Import Result ID: '1f6f8632ccdfbb368cd06f4df289ed4a') in 0.0072921 seconds [static and dynamic dependencies]. Details - ImportResultOutputID=7dff2b44376b4bbcacf8d613485a3943 DependenciesID=533d5a29230e50248c31de25227462a2 StaticDependenciesID=772b725325c34a37332a5c81677ed49c 
Asset Pipeline Refresh (id=5ff20975d7c4d994da886d33b41adefe): Total: 0.033 seconds - Initiated by StopAssetImportingV2(NoUpdateAssetOptions)
Start importing Assets/Art/Characters/Player/Sprites/Arms/Armed/longwatch_dmr/Aim/Idle/player_salvager_longwatch_dmr_idle_aim_m40.png using Guid(3eaa76ba15f578c429556c5032fde7d7) (TextureImporter) -> (Import Result ID: '34063b81f847b7677c42703ab15c3c67') in 0.0150745 seconds [static and dynamic dependencies]. Details - ImportResultOutputID=d811c83b425a4b290b6747df32a52462 DependenciesID=bffa45b9d27ef77cd6fcb668b071e9bd StaticDependenciesID=b6f35895849804cb657732e9a6c29d84 
Asset Pipeline Refresh (id=18d4182ef8a28da4c96206668ab1abac): Total: 0.049 seconds - Initiated by StopAssetImportingV2(NoUpdateAssetOptions)
Start importing Assets/Art/Characters/Player/Sprites/Arms/Armed/longwatch_dmr/Aim/Idle/player_salvager_longwatch_dmr_idle_aim_m40.png using Guid(3eaa76ba15f578c429556c5032fde7d7) (TextureImporter) -> (Import Result ID: '34063b81f847b7677c42703ab15c3c67') in 0.0100535 seconds [static and dynamic dependencies]. Details - ImportResultOutputID=d811c83b425a4b290b6747df32a52462 DependenciesID=bffa45b9d27ef77cd6fcb668b071e9bd StaticDependenciesID=b6f35895849804cb657732e9a6c29d84 
Asset Pipeline Refresh (id=b54bbe0d121d1a3428ba4ea5ece432e2): Total: 0.047 seconds - Initiated by StopAssetImportingV2(NoUpdateAssetOptions)
Start importing Assets/Art/Characters/Player/Sprites/Arms/Armed/longwatch_dmr/Aim/Run/player_salvager_longwatch_dmr_run_aim_m40.png using Guid(92c3bf73d3450454da2e083f1048d6c2) (TextureImporter) -> (Import Result ID: 'fefc8e21e442022059272f822af13718') in 0.0173575 seconds [static and dynamic dependencies]. Details - ImportResultOutputID=95162e8353e484a7f1a9611c62c1e6fd DependenciesID=96a5155b2ca3588327952b5b6ce4fe62 StaticDependenciesID=6f26075c342dc9aa0e055a1dfaa068ff 
Asset Pipeline Refresh (id=97800f9fd2172974da7c6b791e817e78): Total: 0.044 seconds - Initiated by StopAssetImportingV2(NoUpdateAssetOptions)
Start importing Assets/Art/Characters/Player/Sprites/Arms/Armed/longwatch_dmr/Aim/Run/player_salvager_longwatch_dmr_run_aim_m40.png using Guid(92c3bf73d3450454da2e083f1048d6c2) (TextureImporter) -> (Import Result ID: 'fefc8e21e442022059272f822af13718') in 0.0115683 seconds [static and dynamic dependencies]. Details - ImportResultOutputID=95162e8353e484a7f1a9611c62c1e6fd DependenciesID=96a5155b2ca3588327952b5b6ce4fe62 StaticDependenciesID=6f26075c342dc9aa0e055a1dfaa068ff 
Asset Pipeline Refresh (id=8fc544cd69a1da1409f50cee01032653): Total: 0.038 seconds - Initiated by StopAssetImportingV2(NoUpdateAssetOptions)
Start importing Assets/Art/Characters/Player/Sprites/Arms/Armed/longwatch_dmr/Aim/Backpedal/player_salvager_longwatch_dmr_backpedal_aim_m40.png using Guid(51edf42b5cf13a748a8934081ba0d579) (TextureImporter) -> (Import Result ID: '13ce85a0b5a28df1ad76987f1adafa20') in 0.015643 seconds [static and dynamic dependencies]. Details - ImportResultOutputID=01f09558f4dc658a108d961e931f38a8 DependenciesID=cbdd5e9b3c2ee88e33153bdd3c319322 StaticDependenciesID=84b226f3b79b7be482a346f6b54ace9f 
Asset Pipeline Refresh (id=19610737c4234804a8e41f262b7ac230): Total: 0.042 seconds - Initiated by StopAssetImportingV2(NoUpdateAssetOptions)
Start importing Assets/Art/Characters/Player/Sprites/Arms/Armed/longwatch_dmr/Aim/Backpedal/player_salvager_longwatch_dmr_backpedal_aim_m40.png using Guid(51edf42b5cf13a748a8934081ba0d579) (TextureImporter) -> (Import Result ID: '13ce85a0b5a28df1ad76987f1adafa20') in 0.0105813 seconds [static and dynamic dependencies]. Details - ImportResultOutputID=01f09558f4dc658a108d961e931f38a8 DependenciesID=cbdd5e9b3c2ee88e33153bdd3c319322 StaticDependenciesID=84b226f3b79b7be482a346f6b54ace9f 
Asset Pipeline Refresh (id=4bc69c7ad15ef444a83f1dd366dab69f): Total: 0.029 seconds - Initiated by StopAssetImportingV2(NoUpdateAssetOptions)
Start importing Assets/Art/Characters/Player/Sprites/Arms/Armed/longwatch_dmr/Aim/Crouch/player_salvager_longwatch_dmr_crouch_aim_m40.png using Guid(b17f14cfc4229e1428b51ddae37290cd) (TextureImporter) -> (Import Result ID: '9b9e0ff4f71c93f3418938f42e53c06a') in 0.0089916 seconds [static and dynamic dependencies]. Details - ImportResultOutputID=78373ea65d78b8fbc45dd8abc1ee2115 DependenciesID=4fa27a977b3dffcccc07237fae0690b9 StaticDependenciesID=78d64ce1a4738e0152d089f3e16cb2fa 
Asset Pipeline Refresh (id=3b768b94e49868b43b791ad4d5f2034a): Total: 0.027 seconds - Initiated by StopAssetImportingV2(NoUpdateAssetOptions)
Start importing Assets/Art/Characters/Player/Sprites/Arms/Armed/longwatch_dmr/Aim/Crouch/player_salvager_longwatch_dmr_crouch_aim_m40.png using Guid(b17f14cfc4229e1428b51ddae37290cd) (TextureImporter) -> (Import Result ID: '9b9e0ff4f71c93f3418938f42e53c06a') in 0.0088648 seconds [static and dynamic dependencies]. Details - ImportResultOutputID=78373ea65d78b8fbc45dd8abc1ee2115 DependenciesID=4fa27a977b3dffcccc07237fae0690b9 StaticDependenciesID=78d64ce1a4738e0152d089f3e16cb2fa 
Asset Pipeline Refresh (id=196bfac14463f324a8cb59581970793b): Total: 0.029 seconds - Initiated by StopAssetImportingV2(NoUpdateAssetOptions)
Start importing Assets/Art/Characters/Player/Sprites/Arms/Armed/longwatch_dmr/Aim/Fall/player_salvager_longwatch_dmr_fall_aim_m40.png using Guid(8f5042757d22bb646b7e72facb24a09f) (TextureImporter) -> (Import Result ID: '39600ccbaa1807807737fd233f65bc63') in 0.009589 seconds [static and dynamic dependencies]. Details - ImportResultOutputID=855f7feac2765723638a79e5d5725591 DependenciesID=5136f16e8defd2c25116fb26774eca29 StaticDependenciesID=ebfc17062328c8d34734ba45e893e2ba 
Asset Pipeline Refresh (id=71f6bf8069dfd3b43a8efbb6f4e68da4): Total: 0.032 seconds - Initiated by StopAssetImportingV2(NoUpdateAssetOptions)
Start importing Assets/Art/Characters/Player/Sprites/Arms/Armed/longwatch_dmr/Aim/Fall/player_salvager_longwatch_dmr_fall_aim_m40.png using Guid(8f5042757d22bb646b7e72facb24a09f) (TextureImporter) -> (Import Result ID: '39600ccbaa1807807737fd233f65bc63') in 0.007524 seconds [static and dynamic dependencies]. Details - ImportResultOutputID=855f7feac2765723638a79e5d5725591 DependenciesID=5136f16e8defd2c25116fb26774eca29 StaticDependenciesID=ebfc17062328c8d34734ba45e893e2ba 
Asset Pipeline Refresh (id=c5c56959c1da4b2469c2f9ffd1021e77): Total: 0.034 seconds - Initiated by StopAssetImportingV2(NoUpdateAssetOptions)
Start importing Assets/Art/Characters/Player/Sprites/Arms/Armed/longwatch_dmr/Aim/Idle/player_salvager_longwatch_dmr_idle_aim_m50.png using Guid(600804ca404d8db489a306c690ae242f) (TextureImporter) -> (Import Result ID: 'f7e1d292a139d0b6f2f5bf275e876d62') in 0.006138 seconds [static and dynamic dependencies]. Details - ImportResultOutputID=4c1ab400112fb40241b7ec8b41f8d2ac DependenciesID=c831bd57eb126b5ea4a5bb15957f0c96 StaticDependenciesID=983921ec25159dfe6f259076a638b187 
Asset Pipeline Refresh (id=10803deaa7b2e2c4e8610c502a37bd61): Total: 0.033 seconds - Initiated by StopAssetImportingV2(NoUpdateAssetOptions)
Start importing Assets/Art/Characters/Player/Sprites/Arms/Armed/longwatch_dmr/Aim/Idle/player_salvager_longwatch_dmr_idle_aim_m50.png using Guid(600804ca404d8db489a306c690ae242f) (TextureImporter) -> (Import Result ID: 'f7e1d292a139d0b6f2f5bf275e876d62') in 0.0083086 seconds [static and dynamic dependencies]. Details - ImportResultOutputID=4c1ab400112fb40241b7ec8b41f8d2ac DependenciesID=c831bd57eb126b5ea4a5bb15957f0c96 StaticDependenciesID=983921ec25159dfe6f259076a638b187 
Asset Pipeline Refresh (id=3bd67c253f8de414681631defc9bee23): Total: 0.040 seconds - Initiated by StopAssetImportingV2(NoUpdateAssetOptions)
Start importing Assets/Art/Characters/Player/Sprites/Arms/Armed/longwatch_dmr/Aim/Run/player_salvager_longwatch_dmr_run_aim_m50.png using Guid(7531275451b9fcf4f92d8c51181299ea) (TextureImporter) -> (Import Result ID: '60d1d642bd7b87489d093a7a28c7b5bd') in 0.0105375 seconds [static and dynamic dependencies]. Details - ImportResultOutputID=9080fbe11549e8d6501fee6aa304cfb6 DependenciesID=eae742f5f9098758a7172766049d225d StaticDependenciesID=edf4c45f1dff5ae1158e003ca9dfc0be 
Asset Pipeline Refresh (id=d8db1e1c2b2b0974c9bba2ba3985859f): Total: 0.030 seconds - Initiated by StopAssetImportingV2(NoUpdateAssetOptions)
Start importing Assets/Art/Characters/Player/Sprites/Arms/Armed/longwatch_dmr/Aim/Run/player_salvager_longwatch_dmr_run_aim_m50.png using Guid(7531275451b9fcf4f92d8c51181299ea) (TextureImporter) -> (Import Result ID: '60d1d642bd7b87489d093a7a28c7b5bd') in 0.0079358 seconds [static and dynamic dependencies]. Details - ImportResultOutputID=9080fbe11549e8d6501fee6aa304cfb6 DependenciesID=eae742f5f9098758a7172766049d225d StaticDependenciesID=edf4c45f1dff5ae1158e003ca9dfc0be 
Asset Pipeline Refresh (id=e8ceb349ec7c8f64b8b18eb195a252b1): Total: 0.030 seconds - Initiated by StopAssetImportingV2(NoUpdateAssetOptions)
Start importing Assets/Art/Characters/Player/Sprites/Arms/Armed/longwatch_dmr/Aim/Backpedal/player_salvager_longwatch_dmr_backpedal_aim_m50.png using Guid(326de6b6dd67e4846bdd52f5dca279a2) (TextureImporter) -> (Import Result ID: '0dd7ab866dafd17ab9835ab12e93db8a') in 0.0100617 seconds [static and dynamic dependencies]. Details - ImportResultOutputID=535e7033559fde2a3b67a81a83eb094d DependenciesID=0442c593c60089b4ffd64b9486fc930b StaticDependenciesID=733ec178f471c06b61c96c1d56e98ceb 
Asset Pipeline Refresh (id=7e384e02df576eb429074eb667d74660): Total: 0.032 seconds - Initiated by StopAssetImportingV2(NoUpdateAssetOptions)
Start importing Assets/Art/Characters/Player/Sprites/Arms/Armed/longwatch_dmr/Aim/Backpedal/player_salvager_longwatch_dmr_backpedal_aim_m50.png using Guid(326de6b6dd67e4846bdd52f5dca279a2) (TextureImporter) -> (Import Result ID: '0dd7ab866dafd17ab9835ab12e93db8a') in 0.0071457 seconds [static and dynamic dependencies]. Details - ImportResultOutputID=535e7033559fde2a3b67a81a83eb094d DependenciesID=0442c593c60089b4ffd64b9486fc930b StaticDependenciesID=733ec178f471c06b61c96c1d56e98ceb 
Asset Pipeline Refresh (id=1e97d274d7b2fdc40b190e0f28b12aff): Total: 0.027 seconds - Initiated by StopAssetImportingV2(NoUpdateAssetOptions)
Start importing Assets/Art/Characters/Player/Sprites/Arms/Armed/longwatch_dmr/Aim/Crouch/player_salvager_longwatch_dmr_crouch_aim_m50.png using Guid(62ab2209a7d5e804d997760db03bd98b) (TextureImporter) -> (Import Result ID: '8ecd3913206ae50e7ede84cf10f0a362') in 0.0084658 seconds [static and dynamic dependencies]. Details - ImportResultOutputID=01ad8ed2a7f500a87361956c5decd041 DependenciesID=04cc0386293a99cf62609d8d33450670 StaticDependenciesID=25454f4a2750dc59fee26f4d4ce3c77f 
Asset Pipeline Refresh (id=80fad1859f407fe42afeffeb629b3e3e): Total: 0.030 seconds - Initiated by StopAssetImportingV2(NoUpdateAssetOptions)
Start importing Assets/Art/Characters/Player/Sprites/Arms/Armed/longwatch_dmr/Aim/Crouch/player_salvager_longwatch_dmr_crouch_aim_m50.png using Guid(62ab2209a7d5e804d997760db03bd98b) (TextureImporter) -> (Import Result ID: '8ecd3913206ae50e7ede84cf10f0a362') in 0.0081315 seconds [static and dynamic dependencies]. Details - ImportResultOutputID=01ad8ed2a7f500a87361956c5decd041 DependenciesID=04cc0386293a99cf62609d8d33450670 StaticDependenciesID=25454f4a2750dc59fee26f4d4ce3c77f 
Refreshing native plugins compatible for Editor in 2.02 ms, found 4 plugins.
Asset Pipeline Refresh (id=072e7896a00786e4bb7241cf98942505): Total: 0.031 seconds - Initiated by StopAssetImportingV2(NoUpdateAssetOptions)
Start importing Assets/Art/Characters/Player/Sprites/Arms/Armed/longwatch_dmr/Aim/Fall/player_salvager_longwatch_dmr_fall_aim_m50.png using Guid(7d875cecba395f54ca894a4d0bbcf51e) (TextureImporter) -> (Import Result ID: '4229b4359f2dee708d647d5e6730f82f') in 0.0078606 seconds [static and dynamic dependencies]. Details - ImportResultOutputID=58c2605f425a4badc2c59bf4bf108abe DependenciesID=d82ecc170b13396d3903695d960786d4 StaticDependenciesID=2a936e3d770a11ef4b774c7df4ec53a5 
Asset Pipeline Refresh (id=7456738ca08cd1f469cb29fc47585293): Total: 0.039 seconds - Initiated by StopAssetImportingV2(NoUpdateAssetOptions)
Start importing Assets/Art/Characters/Player/Sprites/Arms/Armed/longwatch_dmr/Aim/Fall/player_salvager_longwatch_dmr_fall_aim_m50.png using Guid(7d875cecba395f54ca894a4d0bbcf51e) (TextureImporter) -> (Import Result ID: '4229b4359f2dee708d647d5e6730f82f') in 0.0053104 seconds [static and dynamic dependencies]. Details - ImportResultOutputID=58c2605f425a4badc2c59bf4bf108abe DependenciesID=d82ecc170b13396d3903695d960786d4 StaticDependenciesID=2a936e3d770a11ef4b774c7df4ec53a5 
Asset Pipeline Refresh (id=5408c3be986aeca4cb5218e750e8d26d): Total: 0.026 seconds - Initiated by StopAssetImportingV2(NoUpdateAssetOptions)
Start importing Assets/Art/Characters/Player/Sprites/Arms/Armed/longwatch_dmr/Aim/Idle/player_salvager_longwatch_dmr_idle_aim_m60.png using Guid(8d6fc3f22fc3965419449e687451aba2) (TextureImporter) -> (Import Result ID: 'f905cf183068872958ed2a07f3ad6fb9') in 0.0081531 seconds [static and dynamic dependencies]. Details - ImportResultOutputID=bf3127628a89b9b96855c127caae8213 DependenciesID=95d333cfa0abb1d27eca9be8dffc7837 StaticDependenciesID=f88bbdd459a7c7c72e740b8b105e2ee1 
Asset Pipeline Refresh (id=3b43ad843b5c3894da911d88433db2ea): Total: 0.031 seconds - Initiated by StopAssetImportingV2(NoUpdateAssetOptions)
Start importing Assets/Art/Characters/Player/Sprites/Arms/Armed/longwatch_dmr/Aim/Idle/player_salvager_longwatch_dmr_idle_aim_m60.png using Guid(8d6fc3f22fc3965419449e687451aba2) (TextureImporter) -> (Import Result ID: 'f905cf183068872958ed2a07f3ad6fb9') in 0.0081362 seconds [static and dynamic dependencies]. Details - ImportResultOutputID=bf3127628a89b9b96855c127caae8213 DependenciesID=95d333cfa0abb1d27eca9be8dffc7837 StaticDependenciesID=f88bbdd459a7c7c72e740b8b105e2ee1 
Asset Pipeline Refresh (id=a85871221bbb97f419e3643eeb368402): Total: 0.032 seconds - Initiated by StopAssetImportingV2(NoUpdateAssetOptions)
Start importing Assets/Art/Characters/Player/Sprites/Arms/Armed/longwatch_dmr/Aim/Run/player_salvager_longwatch_dmr_run_aim_m60.png using Guid(83bdd6746d17f84499b9576cf462f17f) (TextureImporter) -> (Import Result ID: 'a0df1482d32154a8556734a9f15bad4a') in 0.0085912 seconds [static and dynamic dependencies]. Details - ImportResultOutputID=c4a8254ba24fc33dc68827adbda0f8a2 DependenciesID=c852242a1b27fe2fdb051813aa21aada StaticDependenciesID=75b0f423024e5046405a18bb9f0b1999 
Asset Pipeline Refresh (id=a2a974f0248cb4e439ef69d66069a6e9): Total: 0.027 seconds - Initiated by StopAssetImportingV2(NoUpdateAssetOptions)
Start importing Assets/Art/Characters/Player/Sprites/Arms/Armed/longwatch_dmr/Aim/Run/player_salvager_longwatch_dmr_run_aim_m60.png using Guid(83bdd6746d17f84499b9576cf462f17f) (TextureImporter) -> (Import Result ID: 'a0df1482d32154a8556734a9f15bad4a') in 0.0080407 seconds [static and dynamic dependencies]. Details - ImportResultOutputID=c4a8254ba24fc33dc68827adbda0f8a2 DependenciesID=c852242a1b27fe2fdb051813aa21aada StaticDependenciesID=75b0f423024e5046405a18bb9f0b1999 
Asset Pipeline Refresh (id=473744c8118591640ad12372996bcb68): Total: 0.029 seconds - Initiated by StopAssetImportingV2(NoUpdateAssetOptions)
Start importing Assets/Art/Characters/Player/Sprites/Arms/Armed/longwatch_dmr/Aim/Backpedal/player_salvager_longwatch_dmr_backpedal_aim_m60.png using Guid(925fc6bb6b6fdd044aa96a5b3d339ee8) (TextureImporter) -> (Import Result ID: '571c565ce670485591ce01eca8992e4c') in 0.0132227 seconds [static and dynamic dependencies]. Details - ImportResultOutputID=c77b8bcafd4e69a7b525dec4bd515193 DependenciesID=8c378d3c56a0e2d15e736bc801ba397a StaticDependenciesID=a9f6aa87c348a2648cbf8e08418d4b2c 
Refreshing native plugins compatible for Editor in 5.90 ms, found 4 plugins.
Asset Pipeline Refresh (id=6a613941ac9b433488f559f1ac7fb606): Total: 0.040 seconds - Initiated by StopAssetImportingV2(NoUpdateAssetOptions)
Start importing Assets/Art/Characters/Player/Sprites/Arms/Armed/longwatch_dmr/Aim/Backpedal/player_salvager_longwatch_dmr_backpedal_aim_m60.png using Guid(925fc6bb6b6fdd044aa96a5b3d339ee8) (TextureImporter) -> (Import Result ID: '571c565ce670485591ce01eca8992e4c') in 0.008198 seconds [static and dynamic dependencies]. Details - ImportResultOutputID=c77b8bcafd4e69a7b525dec4bd515193 DependenciesID=8c378d3c56a0e2d15e736bc801ba397a StaticDependenciesID=a9f6aa87c348a2648cbf8e08418d4b2c 
Asset Pipeline Refresh (id=1c81b7a4ea43370418aee831f1743582): Total: 0.031 seconds - Initiated by StopAssetImportingV2(NoUpdateAssetOptions)
Start importing Assets/Art/Characters/Player/Sprites/Arms/Armed/longwatch_dmr/Aim/Crouch/player_salvager_longwatch_dmr_crouch_aim_m60.png using Guid(37ea925a8abebe64697a49958b92bdd1) (TextureImporter) -> (Import Result ID: 'ecc955dc1b4840ee4ef62c1dea056d22') in 0.0073832 seconds [static and dynamic dependencies]. Details - ImportResultOutputID=5ea8bbe33578d9f97645aac9d25c96d0 DependenciesID=6651387b1e06dedcc9dade8bf632fe98 StaticDependenciesID=1354815b71287cf9de4eb6f16557070b 
Asset Pipeline Refresh (id=5f76b89bb333a0342825a440bc9c2320): Total: 0.025 seconds - Initiated by StopAssetImportingV2(NoUpdateAssetOptions)
Start importing Assets/Art/Characters/Player/Sprites/Arms/Armed/longwatch_dmr/Aim/Crouch/player_salvager_longwatch_dmr_crouch_aim_m60.png using Guid(37ea925a8abebe64697a49958b92bdd1) (TextureImporter) -> (Import Result ID: 'ecc955dc1b4840ee4ef62c1dea056d22') in 0.0088678 seconds [static and dynamic dependencies]. Details - ImportResultOutputID=5ea8bbe33578d9f97645aac9d25c96d0 DependenciesID=6651387b1e06dedcc9dade8bf632fe98 StaticDependenciesID=1354815b71287cf9de4eb6f16557070b 
Asset Pipeline Refresh (id=5d7cb89e11d271d44803d03070dc5341): Total: 0.027 seconds - Initiated by StopAssetImportingV2(NoUpdateAssetOptions)
Start importing Assets/Art/Characters/Player/Sprites/Arms/Armed/longwatch_dmr/Aim/Fall/player_salvager_longwatch_dmr_fall_aim_m60.png using Guid(fa1f7a8539daa854a96b76646b8566fd) (TextureImporter) -> (Import Result ID: 'ac4912d0b8abbb30607a7561c3c41c91') in 0.0052388 seconds [static and dynamic dependencies]. Details - ImportResultOutputID=0104dc4f306042ac187424b1030a4a47 DependenciesID=9cccfdf42477b946c44c7380672a6bd1 StaticDependenciesID=aa15b9e0c8ba90e08bf80ed34992ff13 
Asset Pipeline Refresh (id=f18409e647fb78944a8b37ec1f8e3168): Total: 0.023 seconds - Initiated by StopAssetImportingV2(NoUpdateAssetOptions)
Start importing Assets/Art/Characters/Player/Sprites/Arms/Armed/longwatch_dmr/Aim/Fall/player_salvager_longwatch_dmr_fall_aim_m60.png using Guid(fa1f7a8539daa854a96b76646b8566fd) (TextureImporter) -> (Import Result ID: 'ac4912d0b8abbb30607a7561c3c41c91') in 0.0055498 seconds [static and dynamic dependencies]. Details - ImportResultOutputID=0104dc4f306042ac187424b1030a4a47 DependenciesID=9cccfdf42477b946c44c7380672a6bd1 StaticDependenciesID=aa15b9e0c8ba90e08bf80ed34992ff13 
Asset Pipeline Refresh (id=9a849c762c017fc4c939512503f310fb): Total: 0.022 seconds - Initiated by StopAssetImportingV2(NoUpdateAssetOptions)
Start importing Assets/Art/Characters/Player/Sprites/Arms/Armed/longwatch_dmr/Aim/Idle/player_salvager_longwatch_dmr_idle_aim_m70.png using Guid(2783b35d6c910d745ab3ce1851d2e616) (TextureImporter) -> (Import Result ID: '7035df4ac2168299325e83a7c035fe82') in 0.0071657 seconds [static and dynamic dependencies]. Details - ImportResultOutputID=46451629110b27041ada758d0899632c DependenciesID=b991c95e77484ae20b43a8b36f300a7f StaticDependenciesID=abcfd75699c7d2b9061fe547e3265491 
Asset Pipeline Refresh (id=dcf9beb2cdb84144ab93aa164576e421): Total: 0.028 seconds - Initiated by StopAssetImportingV2(NoUpdateAssetOptions)
Start importing Assets/Art/Characters/Player/Sprites/Arms/Armed/longwatch_dmr/Aim/Idle/player_salvager_longwatch_dmr_idle_aim_m70.png using Guid(2783b35d6c910d745ab3ce1851d2e616) (TextureImporter) -> (Import Result ID: '7035df4ac2168299325e83a7c035fe82') in 0.0065042 seconds [static and dynamic dependencies]. Details - ImportResultOutputID=46451629110b27041ada758d0899632c DependenciesID=b991c95e77484ae20b43a8b36f300a7f StaticDependenciesID=abcfd75699c7d2b9061fe547e3265491 
Asset Pipeline Refresh (id=fb5f887b500b66e48ac9935a7836f4e9): Total: 0.027 seconds - Initiated by StopAssetImportingV2(NoUpdateAssetOptions)
Start importing Assets/Art/Characters/Player/Sprites/Arms/Armed/longwatch_dmr/Aim/Run/player_salvager_longwatch_dmr_run_aim_m70.png using Guid(d5f2dc64ddff1324ab23208b4e9d945a) (TextureImporter) -> (Import Result ID: 'd155a6932a8fa77dd682232d1d87e34b') in 0.0111294 seconds [static and dynamic dependencies]. Details - ImportResultOutputID=8daca49216e3e9ded977a6ce5e7c3185 DependenciesID=14295c956353497786058d6d584ef467 StaticDependenciesID=f0ae005ebff265c83f9a5e2604fc6a34 
Refreshing native plugins compatible for Editor in 2.34 ms, found 4 plugins.
Asset Pipeline Refresh (id=d0ec26db028e9a6499d5e05d3fdf4057): Total: 0.036 seconds - Initiated by StopAssetImportingV2(NoUpdateAssetOptions)
Start importing Assets/Art/Characters/Player/Sprites/Arms/Armed/longwatch_dmr/Aim/Run/player_salvager_longwatch_dmr_run_aim_m70.png using Guid(d5f2dc64ddff1324ab23208b4e9d945a) (TextureImporter) -> (Import Result ID: 'd155a6932a8fa77dd682232d1d87e34b') in 0.0100965 seconds [static and dynamic dependencies]. Details - ImportResultOutputID=8daca49216e3e9ded977a6ce5e7c3185 DependenciesID=14295c956353497786058d6d584ef467 StaticDependenciesID=f0ae005ebff265c83f9a5e2604fc6a34 
Asset Pipeline Refresh (id=f5eafd39429a7a745b685e936e25d7b6): Total: 0.035 seconds - Initiated by StopAssetImportingV2(NoUpdateAssetOptions)
Start importing Assets/Art/Characters/Player/Sprites/Arms/Armed/longwatch_dmr/Aim/Backpedal/player_salvager_longwatch_dmr_backpedal_aim_m70.png using Guid(ad510c3e0f1e1134ab63e21ceea13c62) (TextureImporter) -> (Import Result ID: '82338a2da98a6c66c1ce3dd04a8f5081') in 0.0078843 seconds [static and dynamic dependencies]. Details - ImportResultOutputID=ac997a7716d21f771c94ef2828e1681e DependenciesID=8b25ac337d4ad2a21ea55c6db2046d96 StaticDependenciesID=a0e24d432bdf25c74eb98f80a8b71a46 
Asset Pipeline Refresh (id=9277bed5ee0ad1b4a8dbcda4f578aa95): Total: 0.030 seconds - Initiated by StopAssetImportingV2(NoUpdateAssetOptions)
Start importing Assets/Art/Characters/Player/Sprites/Arms/Armed/longwatch_dmr/Aim/Backpedal/player_salvager_longwatch_dmr_backpedal_aim_m70.png using Guid(ad510c3e0f1e1134ab63e21ceea13c62) (TextureImporter) -> (Import Result ID: '82338a2da98a6c66c1ce3dd04a8f5081') in 0.0095087 seconds [static and dynamic dependencies]. Details - ImportResultOutputID=ac997a7716d21f771c94ef2828e1681e DependenciesID=8b25ac337d4ad2a21ea55c6db2046d96 StaticDependenciesID=a0e24d432bdf25c74eb98f80a8b71a46 
Asset Pipeline Refresh (id=a38a88c85901f64479a0090782e23f76): Total: 0.034 seconds - Initiated by StopAssetImportingV2(NoUpdateAssetOptions)
Start importing Assets/Art/Characters/Player/Sprites/Arms/Armed/longwatch_dmr/Aim/Crouch/player_salvager_longwatch_dmr_crouch_aim_m70.png using Guid(d417ebc9a90e8e44ea88c40de8c7d3b2) (TextureImporter) -> (Import Result ID: '09e474b436ddf717de9e329baa934382') in 0.0077054 seconds [static and dynamic dependencies]. Details - ImportResultOutputID=8fd0d258240121d15134e392f4d82052 DependenciesID=0e802e89c4459a2d7247614fd27f6e34 StaticDependenciesID=14f7536340d543a3c6925b8655b019da 
Refreshing native plugins compatible for Editor in 3.11 ms, found 4 plugins.
Asset Pipeline Refresh (id=08927de9dc004144e87753d5e5a19212): Total: 0.030 seconds - Initiated by StopAssetImportingV2(NoUpdateAssetOptions)
Start importing Assets/Art/Characters/Player/Sprites/Arms/Armed/longwatch_dmr/Aim/Crouch/player_salvager_longwatch_dmr_crouch_aim_m70.png using Guid(d417ebc9a90e8e44ea88c40de8c7d3b2) (TextureImporter) -> (Import Result ID: '09e474b436ddf717de9e329baa934382') in 0.0098466 seconds [static and dynamic dependencies]. Details - ImportResultOutputID=8fd0d258240121d15134e392f4d82052 DependenciesID=0e802e89c4459a2d7247614fd27f6e34 StaticDependenciesID=14f7536340d543a3c6925b8655b019da 
Refreshing native plugins compatible for Editor in 2.30 ms, found 4 plugins.
Asset Pipeline Refresh (id=fa7fc61082453564a89c1321f1a8d56b): Total: 0.029 seconds - Initiated by StopAssetImportingV2(NoUpdateAssetOptions)
Start importing Assets/Art/Characters/Player/Sprites/Arms/Armed/longwatch_dmr/Aim/Fall/player_salvager_longwatch_dmr_fall_aim_m70.png using Guid(42f5cb1fc475d444099b60e7b22d00a4) (TextureImporter) -> (Import Result ID: 'ea624cc21eaf45f5c05ceef88d369c51') in 0.0049003 seconds [static and dynamic dependencies]. Details - ImportResultOutputID=0d6acecc427758c64cc2c3f747a265c8 DependenciesID=a35b3595a0a69c2f4df0b14d3649286f StaticDependenciesID=803f4ab9767a6f265312ab2c53831f9c 
Refreshing native plugins compatible for Editor in 2.48 ms, found 4 plugins.
Asset Pipeline Refresh (id=7aee862274c20d9439579dc1db3e8445): Total: 0.026 seconds - Initiated by StopAssetImportingV2(NoUpdateAssetOptions)
Start importing Assets/Art/Characters/Player/Sprites/Arms/Armed/longwatch_dmr/Aim/Fall/player_salvager_longwatch_dmr_fall_aim_m70.png using Guid(42f5cb1fc475d444099b60e7b22d00a4) (TextureImporter) -> (Import Result ID: 'ea624cc21eaf45f5c05ceef88d369c51') in 0.0077873 seconds [static and dynamic dependencies]. Details - ImportResultOutputID=0d6acecc427758c64cc2c3f747a265c8 DependenciesID=a35b3595a0a69c2f4df0b14d3649286f StaticDependenciesID=803f4ab9767a6f265312ab2c53831f9c 
Refreshing native plugins compatible for Editor in 2.05 ms, found 4 plugins.
Asset Pipeline Refresh (id=c2bbd39cc5584094292ce744bbe2bbce): Total: 0.029 seconds - Initiated by StopAssetImportingV2(NoUpdateAssetOptions)
Start importing Assets/Art/Characters/Player/Sprites/Arms/Armed/longwatch_dmr/Aim/Idle/player_salvager_longwatch_dmr_idle_aim_m80.png using Guid(42f819e5ede895340ae122e8f4e44fbe) (TextureImporter) -> (Import Result ID: '55a4facf9c693dd7533566050de714ed') in 0.0053212 seconds [static and dynamic dependencies]. Details - ImportResultOutputID=fe459c5b37660c8fee048f67bfd0b3a7 DependenciesID=475c1fae261e598326dc736e8ab6df07 StaticDependenciesID=cff380b4e544905549223c3a304d922a 
Asset Pipeline Refresh (id=a33890e8997d12a439fbea309a649ff6): Total: 0.028 seconds - Initiated by StopAssetImportingV2(NoUpdateAssetOptions)
Start importing Assets/Art/Characters/Player/Sprites/Arms/Armed/longwatch_dmr/Aim/Idle/player_salvager_longwatch_dmr_idle_aim_m80.png using Guid(42f819e5ede895340ae122e8f4e44fbe) (TextureImporter) -> (Import Result ID: '55a4facf9c693dd7533566050de714ed') in 0.0049779 seconds [static and dynamic dependencies]. Details - ImportResultOutputID=fe459c5b37660c8fee048f67bfd0b3a7 DependenciesID=475c1fae261e598326dc736e8ab6df07 StaticDependenciesID=cff380b4e544905549223c3a304d922a 
Asset Pipeline Refresh (id=26042f3f84a65494db571eecdf01578f): Total: 0.022 seconds - Initiated by StopAssetImportingV2(NoUpdateAssetOptions)
Start importing Assets/Art/Characters/Player/Sprites/Arms/Armed/longwatch_dmr/Aim/Run/player_salvager_longwatch_dmr_run_aim_m80.png using Guid(32a8d57cafccbc54bb573440f275064c) (TextureImporter) -> (Import Result ID: '35a3c5142070821fd1ea298a52cbee03') in 0.0133088 seconds [static and dynamic dependencies]. Details - ImportResultOutputID=7ec88f44e0eadd771fc8f46c14e58d65 DependenciesID=3de389a4c6742ae350624ba8a621ad08 StaticDependenciesID=9a5f8a09b8715909093aa8cbc42d554b 
Asset Pipeline Refresh (id=20cf83d5278188642919ddcd51d43d42): Total: 0.041 seconds - Initiated by StopAssetImportingV2(NoUpdateAssetOptions)
Start importing Assets/Art/Characters/Player/Sprites/Arms/Armed/longwatch_dmr/Aim/Run/player_salvager_longwatch_dmr_run_aim_m80.png using Guid(32a8d57cafccbc54bb573440f275064c) (TextureImporter) -> (Import Result ID: '35a3c5142070821fd1ea298a52cbee03') in 0.0080332 seconds [static and dynamic dependencies]. Details - ImportResultOutputID=7ec88f44e0eadd771fc8f46c14e58d65 DependenciesID=3de389a4c6742ae350624ba8a621ad08 StaticDependenciesID=9a5f8a09b8715909093aa8cbc42d554b 
Asset Pipeline Refresh (id=c0d0e8384aa2e704986a6ffbe3cd223a): Total: 0.025 seconds - Initiated by StopAssetImportingV2(NoUpdateAssetOptions)
Start importing Assets/Art/Characters/Player/Sprites/Arms/Armed/longwatch_dmr/Aim/Backpedal/player_salvager_longwatch_dmr_backpedal_aim_m80.png using Guid(dae5d76e152b5b84da841f9107273356) (TextureImporter) -> (Import Result ID: '4f5ff346e36bb0e5690220111ed0f6fd') in 0.0071095 seconds [static and dynamic dependencies]. Details - ImportResultOutputID=674fbf8a9bfcc05dba7302ae2b0d72db DependenciesID=f73156b58f721c14cd6b5c543439e4c7 StaticDependenciesID=921aab679d69da54e5d20fa67fafa6a8 
Asset Pipeline Refresh (id=1aa3f7491eb3b3a4f97d1e6c72beffaf): Total: 0.028 seconds - Initiated by StopAssetImportingV2(NoUpdateAssetOptions)
Start importing Assets/Art/Characters/Player/Sprites/Arms/Armed/longwatch_dmr/Aim/Backpedal/player_salvager_longwatch_dmr_backpedal_aim_m80.png using Guid(dae5d76e152b5b84da841f9107273356) (TextureImporter) -> (Import Result ID: '4f5ff346e36bb0e5690220111ed0f6fd') in 0.0061042 seconds [static and dynamic dependencies]. Details - ImportResultOutputID=674fbf8a9bfcc05dba7302ae2b0d72db DependenciesID=f73156b58f721c14cd6b5c543439e4c7 StaticDependenciesID=921aab679d69da54e5d20fa67fafa6a8 
Asset Pipeline Refresh (id=20b7e633a858c9e46965fc7806608474): Total: 0.025 seconds - Initiated by StopAssetImportingV2(NoUpdateAssetOptions)
Start importing Assets/Art/Characters/Player/Sprites/Arms/Armed/longwatch_dmr/Aim/Crouch/player_salvager_longwatch_dmr_crouch_aim_m80.png using Guid(6fc2125282540b343a3c6d3764cb68cf) (TextureImporter) -> (Import Result ID: '4b73e497ef4ceaf290534ceb9a390324') in 0.0071736 seconds [static and dynamic dependencies]. Details - ImportResultOutputID=01a7e88500138c66cda8383a32bda064 DependenciesID=ffc70c2104811831cfc4698e1ec55cb0 StaticDependenciesID=1f43b8bb420af2b0347edceca46d4c6b 
Asset Pipeline Refresh (id=76199022f25e27e4abf2bbf92859d9d1): Total: 0.033 seconds - Initiated by StopAssetImportingV2(NoUpdateAssetOptions)
Start importing Assets/Art/Characters/Player/Sprites/Arms/Armed/longwatch_dmr/Aim/Crouch/player_salvager_longwatch_dmr_crouch_aim_m80.png using Guid(6fc2125282540b343a3c6d3764cb68cf) (TextureImporter) -> (Import Result ID: '4b73e497ef4ceaf290534ceb9a390324') in 0.009092 seconds [static and dynamic dependencies]. Details - ImportResultOutputID=01a7e88500138c66cda8383a32bda064 DependenciesID=ffc70c2104811831cfc4698e1ec55cb0 StaticDependenciesID=1f43b8bb420af2b0347edceca46d4c6b 
Asset Pipeline Refresh (id=cc147e7f2ec065c4a88546684441ced3): Total: 0.029 seconds - Initiated by StopAssetImportingV2(NoUpdateAssetOptions)
Start importing Assets/Art/Characters/Player/Sprites/Arms/Armed/longwatch_dmr/Aim/Fall/player_salvager_longwatch_dmr_fall_aim_m80.png using Guid(2e5a3ea8c1eb70b498beb297fea37b89) (TextureImporter) -> (Import Result ID: 'fe81f145351897c2b74072f6b0248a8b') in 0.0047354 seconds [static and dynamic dependencies]. Details - ImportResultOutputID=c51d3485dc64f8e55a9c4bc72fcff497 DependenciesID=561e8732a36df12e4e52df9ecbe91183 StaticDependenciesID=8ea931e29c2d90d4893cfd0a06f555b1 
Asset Pipeline Refresh (id=bd8dd573e00b99d40a8673157604a3ce): Total: 0.027 seconds - Initiated by StopAssetImportingV2(NoUpdateAssetOptions)
Start importing Assets/Art/Characters/Player/Sprites/Arms/Armed/longwatch_dmr/Aim/Fall/player_salvager_longwatch_dmr_fall_aim_m80.png using Guid(2e5a3ea8c1eb70b498beb297fea37b89) (TextureImporter) -> (Import Result ID: 'fe81f145351897c2b74072f6b0248a8b') in 0.0087487 seconds [static and dynamic dependencies]. Details - ImportResultOutputID=c51d3485dc64f8e55a9c4bc72fcff497 DependenciesID=561e8732a36df12e4e52df9ecbe91183 StaticDependenciesID=8ea931e29c2d90d4893cfd0a06f555b1 
Asset Pipeline Refresh (id=6d8ddcd1e81b4ea4eb0294624c07f603): Total: 0.045 seconds - Initiated by StopAssetImportingV2(NoUpdateAssetOptions)
Start importing Assets/Art/Characters/Player/Sprites/Arms/Armed/longwatch_dmr/Aim/Idle/player_salvager_longwatch_dmr_idle_aim_m90.png using Guid(d9e889c5eada8aa4f9573dab4a20e171) (TextureImporter) -> (Import Result ID: '451656f4a03e9adf8329512b0d155160') in 0.0088861 seconds [static and dynamic dependencies]. Details - ImportResultOutputID=af4c9fee6f8a5be972f606c3eb17c334 DependenciesID=adfcb4901e8d8683048459ac0e597599 StaticDependenciesID=9c5fe8612f13ae00032265a650da3814 
Asset Pipeline Refresh (id=3ff08177706748442bde001dbf3791a6): Total: 0.036 seconds - Initiated by StopAssetImportingV2(NoUpdateAssetOptions)
Start importing Assets/Art/Characters/Player/Sprites/Arms/Armed/longwatch_dmr/Aim/Idle/player_salvager_longwatch_dmr_idle_aim_m90.png using Guid(d9e889c5eada8aa4f9573dab4a20e171) (TextureImporter) -> (Import Result ID: '451656f4a03e9adf8329512b0d155160') in 0.0070674 seconds [static and dynamic dependencies]. Details - ImportResultOutputID=af4c9fee6f8a5be972f606c3eb17c334 DependenciesID=adfcb4901e8d8683048459ac0e597599 StaticDependenciesID=9c5fe8612f13ae00032265a650da3814 
Asset Pipeline Refresh (id=0a084bf4e2b42e04d86ec55c2bcad8e0): Total: 0.029 seconds - Initiated by StopAssetImportingV2(NoUpdateAssetOptions)
Start importing Assets/Art/Characters/Player/Sprites/Arms/Armed/longwatch_dmr/Aim/Run/player_salvager_longwatch_dmr_run_aim_m90.png using Guid(a8e46840570d04e44b58468924a97dad) (TextureImporter) -> (Import Result ID: '901b88706a013b2c5ebf9cddefbd2fa6') in 0.0087902 seconds [static and dynamic dependencies]. Details - ImportResultOutputID=c4b9c5d76eec18a0fe831cdea3edbfb3 DependenciesID=70a8813f66d7c1b7acaaa256e38dd60d StaticDependenciesID=f88a5b00b59b4c73beed542ab1beb01a 
Asset Pipeline Refresh (id=36bf8e3acf57ccb46aa91db559ef1e40): Total: 0.031 seconds - Initiated by StopAssetImportingV2(NoUpdateAssetOptions)
Start importing Assets/Art/Characters/Player/Sprites/Arms/Armed/longwatch_dmr/Aim/Run/player_salvager_longwatch_dmr_run_aim_m90.png using Guid(a8e46840570d04e44b58468924a97dad) (TextureImporter) -> (Import Result ID: '901b88706a013b2c5ebf9cddefbd2fa6') in 0.0095921 seconds [static and dynamic dependencies]. Details - ImportResultOutputID=c4b9c5d76eec18a0fe831cdea3edbfb3 DependenciesID=70a8813f66d7c1b7acaaa256e38dd60d StaticDependenciesID=f88a5b00b59b4c73beed542ab1beb01a 
Asset Pipeline Refresh (id=7a34c84e231ddff47ba211621e5ea87d): Total: 0.031 seconds - Initiated by StopAssetImportingV2(NoUpdateAssetOptions)
Start importing Assets/Art/Characters/Player/Sprites/Arms/Armed/longwatch_dmr/Aim/Backpedal/player_salvager_longwatch_dmr_backpedal_aim_m90.png using Guid(2cd03c2833e8b874c8a2be2a703c62d1) (TextureImporter) -> (Import Result ID: 'a49d703e51cce895153fc4c1bdf64b4a') in 0.0076772 seconds [static and dynamic dependencies]. Details - ImportResultOutputID=5f9eaed518be8f40b9cf01a7b3d50dfb DependenciesID=e8a7cf77612200656172f45b25e3fa03 StaticDependenciesID=c89a844d964852f12131d50e1cfb8bab 
Asset Pipeline Refresh (id=dbee47b3a97a2734fb01b791405038c8): Total: 0.034 seconds - Initiated by StopAssetImportingV2(NoUpdateAssetOptions)
Start importing Assets/Art/Characters/Player/Sprites/Arms/Armed/longwatch_dmr/Aim/Backpedal/player_salvager_longwatch_dmr_backpedal_aim_m90.png using Guid(2cd03c2833e8b874c8a2be2a703c62d1) (TextureImporter) -> (Import Result ID: 'a49d703e51cce895153fc4c1bdf64b4a') in 0.0086723 seconds [static and dynamic dependencies]. Details - ImportResultOutputID=5f9eaed518be8f40b9cf01a7b3d50dfb DependenciesID=e8a7cf77612200656172f45b25e3fa03 StaticDependenciesID=c89a844d964852f12131d50e1cfb8bab 
Asset Pipeline Refresh (id=6ca848c586420a14bbe2508601f8a1ab): Total: 0.031 seconds - Initiated by StopAssetImportingV2(NoUpdateAssetOptions)
Start importing Assets/Art/Characters/Player/Sprites/Arms/Armed/longwatch_dmr/Aim/Crouch/player_salvager_longwatch_dmr_crouch_aim_m90.png using Guid(63bcbaffd589c4d4e91058332eb0c5bc) (TextureImporter) -> (Import Result ID: 'df7eb0f8cbb4723c41eed397be984a46') in 0.007912 seconds [static and dynamic dependencies]. Details - ImportResultOutputID=71ab212d4ede2d9e2cc2136b96a760af DependenciesID=97a5b9a94601f7d4150c7a6806b2c7ef StaticDependenciesID=1e8dca1fbfaf875cef50c9f85ca0d218 
Asset Pipeline Refresh (id=f8aef28e39fd45740a51756a7d17a713): Total: 0.028 seconds - Initiated by StopAssetImportingV2(NoUpdateAssetOptions)
Start importing Assets/Art/Characters/Player/Sprites/Arms/Armed/longwatch_dmr/Aim/Crouch/player_salvager_longwatch_dmr_crouch_aim_m90.png using Guid(63bcbaffd589c4d4e91058332eb0c5bc) (TextureImporter) -> (Import Result ID: 'df7eb0f8cbb4723c41eed397be984a46') in 0.0096482 seconds [static and dynamic dependencies]. Details - ImportResultOutputID=71ab212d4ede2d9e2cc2136b96a760af DependenciesID=97a5b9a94601f7d4150c7a6806b2c7ef StaticDependenciesID=1e8dca1fbfaf875cef50c9f85ca0d218 
Asset Pipeline Refresh (id=ede1ca74c3a6e7345aa827076b29e7de): Total: 0.036 seconds - Initiated by StopAssetImportingV2(NoUpdateAssetOptions)
Start importing Assets/Art/Characters/Player/Sprites/Arms/Armed/longwatch_dmr/Aim/Fall/player_salvager_longwatch_dmr_fall_aim_m90.png using Guid(392f90962295d1542917af8f492f0c81) (TextureImporter) -> (Import Result ID: '2fa3114afa139273c3d75216c0a3cc54') in 0.0050038 seconds [static and dynamic dependencies]. Details - ImportResultOutputID=2ceda01ddf3802f809e8f918e3350156 DependenciesID=ab58364f1377673c90d190c179a889df StaticDependenciesID=8a7c283036baa592edf9083b1d178008 
Refreshing native plugins compatible for Editor in 2.07 ms, found 4 plugins.
Asset Pipeline Refresh (id=0bb86cf0d8b8e5d48ba7facdfd242789): Total: 0.025 seconds - Initiated by StopAssetImportingV2(NoUpdateAssetOptions)
Start importing Assets/Art/Characters/Player/Sprites/Arms/Armed/longwatch_dmr/Aim/Fall/player_salvager_longwatch_dmr_fall_aim_m90.png using Guid(392f90962295d1542917af8f492f0c81) (TextureImporter) -> (Import Result ID: '2fa3114afa139273c3d75216c0a3cc54') in 0.0058079 seconds [static and dynamic dependencies]. Details - ImportResultOutputID=2ceda01ddf3802f809e8f918e3350156 DependenciesID=ab58364f1377673c90d190c179a889df StaticDependenciesID=8a7c283036baa592edf9083b1d178008 
Asset Pipeline Refresh (id=61ce79c91a36afc4ba3d77f38e1bda3e): Total: 0.029 seconds - Initiated by StopAssetImportingV2(NoUpdateAssetOptions)
Start importing Assets/Art/Effects/Weapons/longwatch_dmr/longwatch_dmr_muzzle_flash.png using Guid(be66dedbeb992624dafd8f99e98855a8) (TextureImporter) -> (Import Result ID: '85cbc1306f70aa4795e817518bebaa21') in 0.0082554 seconds [static and dynamic dependencies]. Details - ImportResultOutputID=6885ef2a78b6e2704d1140f7e49ce54f DependenciesID=18611d1d4d7b9d9ab7a249122ebcb9e0 StaticDependenciesID=7d335d97ab224fe68f970a0565039162 
Asset Pipeline Refresh (id=6a2dcbd28b498234eab94fee7451103d): Total: 0.032 seconds - Initiated by StopAssetImportingV2(NoUpdateAssetOptions)
Start importing Assets/Art/Effects/Weapons/longwatch_dmr/longwatch_dmr_muzzle_flash.png using Guid(be66dedbeb992624dafd8f99e98855a8) (TextureImporter) -> (Import Result ID: '85cbc1306f70aa4795e817518bebaa21') in 0.0088147 seconds [static and dynamic dependencies]. Details - ImportResultOutputID=6885ef2a78b6e2704d1140f7e49ce54f DependenciesID=18611d1d4d7b9d9ab7a249122ebcb9e0 StaticDependenciesID=7d335d97ab224fe68f970a0565039162 
Asset Pipeline Refresh (id=85821d347c7595b4cad226be77419f2d): Total: 0.027 seconds - Initiated by StopAssetImportingV2(NoUpdateAssetOptions)
Start importing Assets/Art/Effects/Weapons/longwatch_dmr/longwatch_dmr_muzzle_flash.png using Guid(be66dedbeb992624dafd8f99e98855a8) (TextureImporter) -> (Import Result ID: '85cbc1306f70aa4795e817518bebaa21') in 0.0075046 seconds [static and dynamic dependencies]. Details - ImportResultOutputID=6885ef2a78b6e2704d1140f7e49ce54f DependenciesID=18611d1d4d7b9d9ab7a249122ebcb9e0 StaticDependenciesID=7d335d97ab224fe68f970a0565039162 
Refreshing native plugins compatible for Editor in 2.97 ms, found 4 plugins.
Asset Pipeline Refresh (id=c853b07286cd09c4391c558fb8e4ad95): Total: 0.029 seconds - Initiated by StopAssetImportingV2(NoUpdateAssetOptions)
Loaded scene 'Library/Unused/cf817e2fd4f5e784c819e141f2077782'
	Deserialize:            1.294 ms
	Integration:            0.200 ms
	Integration of assets:  0.002 ms
	Thread Wait Time:       61.719 ms
	Total Operation Time:   63.216 ms
Start importing Assets/Prefabs/Effects/Movement/PlayerJumpDust.prefab using Guid(8a118c6a5b6bfe44a8a852ed26417140) (PrefabImporter) -> (Import Result ID: '0be4875a20f5d43bf7ad44a6752d976f') in 0.00352 seconds [static and dynamic dependencies]. Details - ImportResultOutputID=2d1f7e5665d3df59d2e84a119e20a58c DependenciesID=6ab28f5021c157c73afc157e1a2e29ce StaticDependenciesID=b4e6bab218edc9a2b1a7e2ee6153ece7 
Asset Pipeline Refresh (id=623bdbda4d3aac54e916ec02289cacd7): Total: 0.074 seconds - Initiated by StopAssetImportingV2(NoUpdateAssetOptions)
Loaded scene 'Library/Unused/71b94125f3708af4988718ff5dbbee97'
	Deserialize:            2.461 ms
	Integration:            1.205 ms
	Integration of assets:  0.002 ms
	Thread Wait Time:       0.069 ms
	Total Operation Time:   3.737 ms
Start importing Assets/Prefabs/Player/Player.prefab using Guid(c9e98306626b9644a98868d3f01a293b) (PrefabImporter) -> (Import Result ID: '8658f59e3f7d54b318677e0664e52c38') in 0.0083466 seconds [static and dynamic dependencies]. Details - ImportResultOutputID=afbdd541c9353605f649f69fbfda2ff4 DependenciesID=a19788e58d64a2879d3cc072d0940ba1 StaticDependenciesID=3ce4b247efcf492100539e44166189fc 
Asset Pipeline Refresh (id=12901db897937d34c98bffde48e7a959): Total: 0.082 seconds - Initiated by StopAssetImportingV2(NoUpdateAssetOptions)
Opening scene 'Assets/Scenes/MovementLab.unity'
Unloading 3 Unused Serialized files (Serialized files now loaded: 0)
Loaded scene 'Assets/Scenes/MovementLab.unity'
	Deserialize:            9.445 ms
	Integration:            309.555 ms
	Integration of assets:  0.009 ms
	Thread Wait Time:       0.066 ms
	Total Operation Time:   319.074 ms
Unloading 131 unused Assets / (2.9 MB). Loaded Objects now: 8740.
Memory consumption went from 245.2 MB to 242.3 MB.
Total: 7.722200 ms (FindLiveObjects: 0.440700 ms CreateObjectMapping: 0.191000 ms MarkObjects: 6.502900 ms  DeleteObjects: 0.585500 ms)

Start importing Assets/Config/Player/PlayerFrictionless.physicsMaterial2D using Guid(bd0ec3a87e50c6d47a0d1ab9f3328436) (NativeFormatImporter) -> (Import Result ID: '18a3f1c55d7be729a75bf41169b8941a') in 0.003351 seconds [static dependencies only]. Details - ImportResultOutputID=2228f9d29f674a64e6d35f67cb2120ea DependenciesID=0097b073d80a7000bb7e45220c35e53b StaticDependenciesID=28bd015d755d2b019fe05eb95ef45538 
Start importing Assets/Art/Characters/Player/Animations/PlayerGameplay.controller using Guid(fed85ed89cf4bc34f8e36bae7e401022) (NativeFormatImporter) -> (Import Result ID: '6341f0ff9d08ad9ed9007dfe3fe97067') in 0.00291 seconds [static dependencies only]. Details - ImportResultOutputID=07cf019c3ed691160ada6d9f852f20af DependenciesID=daaf80926754a5f3ec559cb3de744379 StaticDependenciesID=92a83914f546a4dad725ea86029a7f13 
Start importing Assets/Config/Weapons/Generated/LongwatchDMRMuzzleMetadata.asset using Guid(50eff0159988e244793036f33038235b) (NativeFormatImporter) -> (Import Result ID: '55bb1005980ffa6e60fa620988cca45f') in 0.0027399 seconds [static dependencies only]. Details - ImportResultOutputID=2dddb1d4f282fbd662518175da0cd9e9 DependenciesID=967beac0c2b215a453501bd942028c86 StaticDependenciesID=74cb99c1df928f954eb448d26607535b 
Start importing Assets/Art/Environment/Tiles/Generated/MovementCollisionTile.asset using Guid(1fb89c7ec1f2de243b28c85318e3ab94) (NativeFormatImporter) -> (Import Result ID: 'c3c115edd1ec50a743fbd4f5a35adba6') in 0.0025277 seconds [static dependencies only]. Details - ImportResultOutputID=d9d82adee1708902f949430184698e09 DependenciesID=f9541d74da81856e0cf3992c90bcbc1b StaticDependenciesID=dd1d38dcebe04d0d87a769ac3cba712c 
Start importing Assets/Config/Player/PlayerMovementConfig.asset using Guid(ffa31f0afb2b55441ad424e0ca03b7fe) (NativeFormatImporter) -> (Import Result ID: 'dffeaa78c8860e27abe352595b4f9e7e') in 0.0047278 seconds [static dependencies only]. Details - ImportResultOutputID=ec332658b095b8b1df4901d1a5a71ee1 DependenciesID=59847aabc519b0d8c66be64e580c8cf3 StaticDependenciesID=e227fa6926359b7c421656443b88c728 
Refreshing native plugins compatible for Editor in 2.66 ms, found 4 plugins.
Asset Pipeline Refresh (id=a0776de63cd0b2746a3d8de35233f565): Total: 0.074 seconds - Initiated by StopAssetImportingV2(NoUpdateAssetOptions)
Start importing Assets/Scenes/MovementLab.unity using Guid(1d7885cca0039b041b117025745303cf) (DefaultImporter) -> (Import Result ID: '43a4ade38f01dfe60b40ec02b2a356e1') in 0.0030334 seconds [static dependencies only]. Details - ImportResultOutputID=d6eabd523ceaf2708d9ef39c687213b1 DependenciesID=bb2e470c11d77fa9db3245aac15522d6 StaticDependenciesID=91eeb1ddb700d61f9d0ce6d5e8ae9d49 
Asset Pipeline Refresh (id=d9022119e59f3604780067fcd4459e5a): Total: 0.046 seconds - Initiated by StopAssetImportingV2(NoUpdateAssetOptions)
Start importing Assets/Scenes/MovementLab.unity using Guid(1d7885cca0039b041b117025745303cf) (DefaultImporter) -> (Import Result ID: '43a4ade38f01dfe60b40ec02b2a356e1') in 0.001703 seconds [static dependencies only]. Details - ImportResultOutputID=d6eabd523ceaf2708d9ef39c687213b1 DependenciesID=bb2e470c11d77fa9db3245aac15522d6 StaticDependenciesID=91eeb1ddb700d61f9d0ce6d5e8ae9d49 
Refreshing native plugins compatible for Editor in 4.23 ms, found 4 plugins.
Asset Pipeline Refresh (id=dc59f44f4355fb74a882e5665067c059): Total: 0.044 seconds - Initiated by StopAssetImportingV2(NoUpdateAssetOptions)
Asset Pipeline Refresh (id=62361592577dbde428c391a330def031): Total: 0.020 seconds - Initiated by RefreshV2(NoUpdateAssetOptions)
Unloading 19 Unused Serialized files (Serialized files now loaded: 0)
Unloading 828 unused Assets / (6.7 MB). Loaded Objects now: 7934.
Memory consumption went from 244.0 MB to 237.3 MB.
Total: 13.621600 ms (FindLiveObjects: 0.475300 ms CreateObjectMapping: 0.157900 ms MarkObjects: 11.397300 ms  DeleteObjects: 1.588500 ms)

Opening scene 'Assets/Scenes/MovementLab.unity'
Unloading 0 Unused Serialized files (Serialized files now loaded: 0)
Loaded scene 'Assets/Scenes/MovementLab.unity'
	Deserialize:            8.317 ms
	Integration:            269.416 ms
	Integration of assets:  0.005 ms
	Thread Wait Time:       0.048 ms
	Total Operation Time:   277.786 ms
Unloading 1 unused Assets / (10.6 MB). Loaded Objects now: 8638.
Memory consumption went from 241.3 MB to 230.7 MB.
Total: 11.425000 ms (FindLiveObjects: 0.386600 ms CreateObjectMapping: 0.163700 ms MarkObjects: 10.738900 ms  DeleteObjects: 0.134000 ms)

Opening scene 'Assets/Scenes/ArtShowcase.unity additively'
Loaded scene 'Assets/Scenes/ArtShowcase.unity'
	Deserialize:            4.406 ms
	Integration:            8.170 ms
	Integration of assets:  0.002 ms
	Thread Wait Time:       0.019 ms
	Total Operation Time:   12.597 ms
RUSTLINE_M1A_VALIDATION_OK
UnityEngine.Debug:ExtractStackTraceNoAlloc (byte*,int,string)
UnityEngine.StackTraceUtility:ExtractStackTrace ()
UnityEngine.DebugLogHandler:Internal_Log (UnityEngine.LogType,UnityEngine.LogOption,string,UnityEngine.Object)
UnityEngine.DebugLogHandler:LogFormat (UnityEngine.LogType,UnityEngine.Object,string,object[])
UnityEngine.Logger:Log (UnityEngine.LogType,object)
UnityEngine.Debug:Log (object)
Rustline.Editor.RustlineM1ASetup:BuildFromCommandLine () (at Assets/Editor/RustlineM1ASetup.cs:251)

(Filename: Assets/Editor/RustlineM1ASetup.cs Line: 251)

Batchmode quit successfully invoked - shutting down!
Killing ADB server in 0,0826728 seconds.
[Physics::Module] Cleanup current backend.
[Physics::Module] Id: 0xf2b8ea05
Input System module state changed to: ShutdownInProgress.
Input Polling Thread exited.
Input System module state changed to: Shutdown.
[Licensing::IpcConnector] LicenseClient-pedro-6000.4.0-notifications channel disconnected successfully.
[Licensing::IpcConnector] LicenseClient-pedro-6000.4.0 channel disconnected successfully.
AcceleratorClientConnectionCallback - disconnected - :0
Cleanup mono
CodeReloadManager destroyed
Exiting batchmode successfully now!
Exiting without the bug reporter. Application will terminate with return code 0